[replay] 场景=fix4 窗口=2026-04-27 08:00:00~2026-07-24 16:00:00 资金=150000 标的=['000988', '600481', '600176', '603667']
[replay] 产物目录=C:\Users\Lenovo\.goldminer3\projects\e8bb1f4d-87ce-11f1-97f7-98fa9b8df5e7\docs\回测复盘\回放包_WP-B\fix4
----------------------------------------
python sdk version: 3.0.186
c sdk version: 3.8.19
----------------------------------------

回测开始，正下载数据到本地...

提示：
1. 如果请求数据量较大，首次准备数据可能需要较长时间，请耐心等待。
2. 可预先下载数据以加速回测，功能入口：掘金终端->量化研究->数据管理
3. 相关指引：https://www.myquant.cn/docs2/operatingInstruction/study/数据管理.html

[init] 大盘日线已缓存: 900 行, 2022-11-15 ~ 2026-07-31
[init] 事件桥: C:\Users\Lenovo\.goldminer3\projects\e8bb1f4d-87ce-11f1-97f7-98fa9b8df5e7\docs\回测复盘\回放包_WP-B\fix4
[init] 策略初始化完成: 4 只标的
[ir] 2026-04-27 regime=range score=11.7
[D6] amount/volume=34.12 close=34.35 → VWAP单位比=0.9933
[09:31:00] BASE 600176 中国巨石 下单 500股@34.35
[BASE] 600176 底仓成交 500股@34.35
[09:31:00] BASE 600481 双良节能 TREND_BREAKDOWN→延迟建仓
[09:31:00] BASE 603667 五洲新春 TREND_BREAKDOWN→延迟建仓
[09:31:00] BASE 000988 华工科技 下单 500股@117.30
[BASE] 000988 底仓成交 500股@117.32
[ir] 2026-04-28 regime=range score=11.7
[09:31:00] BASE 600481 双良节能 TREND_BREAKDOWN→延迟建仓
[09:31:00] BASE 603667 五洲新春 TREND_BREAKDOWN→延迟建仓
[ir] 2026-04-29 regime=range score=12.2
[09:31:00] BASE 600481 双良节能 TREND_BREAKDOWN→延迟建仓
[09:31:00] BASE 603667 五洲新春 TREND_BREAKDOWN→延迟建仓
[10:06:00] BUY 000988 200@115.66 score=53 regime=range
[10:15:00] SELL 000988 200@117.20 score=78 regime=range
[10:36:00] BUY 000988 100@118.12 score=45 regime=range
[10:40:00] SELL 000988 100@118.84 score=78 regime=range
[ir] 2026-04-30 regime=range score=12.7
[09:31:00] BASE 600481 双良节能 TREND_BREAKDOWN→延迟建仓
[09:31:00] BASE 603667 五洲新春 TREND_BREAKDOWN→延迟建仓
[09:49:00] BUY 000988 100@115.97 score=44 regime=range
[11:10:00] BUY 000988 100@116.87 score=44 regime=range
[14:50:00] TAIL 000988 尾盘归位 200股 (pos=700→500 target=500)
[ir] 2026-05-06 regime=uni_up score=12.7
[09:31:00] BASE 600481 双良节能 TREND_BREAKDOWN→延迟建仓
[09:31:00] BASE 603667 五洲新春 TREND_BREAKDOWN→延迟建仓
[09:42:00] BUY 000988 100@123.99 score=44 regime=uni_up
[10:07:00] BUY 000988 100@123.72 score=45 regime=uni_up
[14:50:00] TAIL 000988 尾盘归位 200股 (pos=700→500 target=500)
[ir] 2026-05-07 regime=range score=12.7
[09:31:00] BASE 600481 双良节能 TREND_BREAKDOWN→延迟建仓
[09:31:00] BASE 603667 五洲新春 TREND_BREAKDOWN→延迟建仓
[09:39:00] BUY 000988 100@124.92 score=43 regime=range
[10:06:00] BUY 000988 100@125.81 score=44 regime=range
[13:06:00] SELL 600176 200@37.81 score=75 regime=range
[13:10:00] SELL 000988 200@133.11 score=75 regime=range
[ir] 2026-05-08 regime=range score=12.7
[09:31:00] BASE 600176 中国巨石 下单 200股@36.93
[BASE] 600176 底仓成交 200股@36.93
[09:31:00] BASE 600481 双良节能 门槛未过→仅观察 (amp=3.5% amt=3.7亿 lot=630元)
[09:31:00] BASE 603667 五洲新春 下单 800股@71.55
[BASE] 603667 底仓成交 800股@71.55
[09:32:00] BASE 600481 双良节能 门槛未过→仅观察 (amp=3.5% amt=3.7亿 lot=630元)
[09:33:00] BASE 600481 双良节能 门槛未过→仅观察 (amp=3.5% amt=3.7亿 lot=630元)
[09:34:00] BASE 600481 双良节能 门槛未过→仅观察 (amp=3.5% amt=3.7亿 lot=630元)
[09:35:00] BASE 600481 双良节能 门槛未过→仅观察 (amp=3.5% amt=3.7亿 lot=630元)
[09:36:00] BASE 600481 双良节能 门槛未过→仅观察 (amp=3.5% amt=3.7亿 lot=630元)
[09:37:00] BASE 600481 双良节能 门槛未过→仅观察 (amp=3.5% amt=3.7亿 lot=630元)
[09:38:00] BASE 600481 双良节能 门槛未过→仅观察 (amp=3.5% amt=3.7亿 lot=630元)
[09:39:00] BASE 600481 双良节能 门槛未过→仅观察 (amp=3.5% amt=3.7亿 lot=630元)
[09:40:00] BASE 600481 双良节能 门槛未过→仅观察 (amp=3.5% amt=3.7亿 lot=630元)
[09:41:00] BASE 600481 双良节能 门槛未过→仅观察 (amp=3.5% amt=3.7亿 lot=630元)
[09:42:00] BASE 600481 双良节能 门槛未过→仅观察 (amp=3.5% amt=3.7亿 lot=630元)
[09:43:00] BASE 600481 双良节能 门槛未过→仅观察 (amp=3.5% amt=3.7亿 lot=630元)
[09:44:00] BASE 600481 双良节能 门槛未过→仅观察 (amp=3.5% amt=3.7亿 lot=630元)
[09:45:00] BASE 600481 双良节能 门槛未过→仅观察 (amp=3.5% amt=3.7亿 lot=630元)
[09:46:00] BASE 600481 双良节能 门槛未过→仅观察 (amp=3.5% amt=3.7亿 lot=630元)
[09:47:00] BASE 600481 双良节能 门槛未过→仅观察 (amp=3.5% amt=3.7亿 lot=630元)
[09:48:00] BASE 600481 双良节能 门槛未过→仅观察 (amp=3.5% amt=3.7亿 lot=630元)
[09:49:00] BASE 600481 双良节能 门槛未过→仅观察 (amp=3.5% amt=3.7亿 lot=630元)
[09:50:00] BASE 600481 双良节能 门槛未过→仅观察 (amp=3.5% amt=3.7亿 lot=630元)
[09:51:00] BASE 600481 双良节能 门槛未过→仅观察 (amp=3.5% amt=3.7亿 lot=630元)
[09:52:00] BASE 600481 双良节能 门槛未过→仅观察 (amp=3.5% amt=3.7亿 lot=630元)
[09:53:00] BASE 600481 双良节能 门槛未过→仅观察 (amp=3.5% amt=3.7亿 lot=630元)
[09:54:00] BASE 600481 双良节能 门槛未过→仅观察 (amp=3.5% amt=3.7亿 lot=630元)
[09:55:00] BASE 600481 双良节能 门槛未过→仅观察 (amp=3.5% amt=3.7亿 lot=630元)
[09:56:00] BASE 600481 双良节能 门槛未过→仅观察 (amp=3.5% amt=3.7亿 lot=630元)
[09:57:00] BASE 600481 双良节能 门槛未过→仅观察 (amp=3.5% amt=3.7亿 lot=630元)
[09:58:00] BASE 600481 双良节能 门槛未过→仅观察 (amp=3.5% amt=3.7亿 lot=630元)
[09:59:00] BASE 600481 双良节能 门槛未过→仅观察 (amp=3.5% amt=3.7亿 lot=630元)
[10:00:00] BASE 600481 双良节能 门槛未过→仅观察 (amp=3.5% amt=3.7亿 lot=630元)
[10:01:00] BASE 600481 双良节能 门槛未过→仅观察 (amp=3.5% amt=3.7亿 lot=630元)
[10:02:00] BASE 600481 双良节能 门槛未过→仅观察 (amp=3.5% amt=3.7亿 lot=630元)
[10:03:00] BASE 600481 双良节能 门槛未过→仅观察 (amp=3.5% amt=3.7亿 lot=630元)
[10:04:00] BASE 600481 双良节能 门槛未过→仅观察 (amp=3.5% amt=3.7亿 lot=630元)
[10:05:00] BASE 600481 双良节能 门槛未过→仅观察 (amp=3.5% amt=3.7亿 lot=630元)
[10:06:00] BASE 600481 双良节能 门槛未过→仅观察 (amp=3.5% amt=3.7亿 lot=630元)
[10:07:00] BASE 600481 双良节能 门槛未过→仅观察 (amp=3.5% amt=3.7亿 lot=630元)
[10:08:00] BASE 600481 双良节能 门槛未过→仅观察 (amp=3.5% amt=3.7亿 lot=630元)
[10:09:00] BASE 600481 双良节能 门槛未过→仅观察 (amp=3.5% amt=3.7亿 lot=630元)
[10:10:00] BASE 600481 双良节能 门槛未过→仅观察 (amp=3.5% amt=3.7亿 lot=630元)
[10:11:00] BASE 600481 双良节能 门槛未过→仅观察 (amp=3.5% amt=3.7亿 lot=630元)
[10:12:00] BASE 600481 双良节能 门槛未过→仅观察 (amp=3.5% amt=3.7亿 lot=630元)
[10:13:00] BASE 600481 双良节能 门槛未过→仅观察 (amp=3.5% amt=3.7亿 lot=630元)
[10:14:00] BASE 600481 双良节能 门槛未过→仅观察 (amp=3.5% amt=3.7亿 lot=630元)
[10:15:00] BASE 600481 双良节能 门槛未过→仅观察 (amp=3.5% amt=3.7亿 lot=630元)
[10:16:00] BASE 600481 双良节能 门槛未过→仅观察 (amp=3.5% amt=3.7亿 lot=630元)
[10:17:00] BASE 600481 双良节能 门槛未过→仅观察 (amp=3.5% amt=3.7亿 lot=630元)
[10:18:00] BASE 600481 双良节能 门槛未过→仅观察 (amp=3.5% amt=3.7亿 lot=630元)
[10:19:00] BASE 600481 双良节能 门槛未过→仅观察 (amp=3.5% amt=3.7亿 lot=630元)
[10:20:00] BASE 600481 双良节能 门槛未过→仅观察 (amp=3.5% amt=3.7亿 lot=630元)
[10:21:00] BASE 600481 双良节能 门槛未过→仅观察 (amp=3.5% amt=3.7亿 lot=630元)
[10:22:00] BASE 600481 双良节能 门槛未过→仅观察 (amp=3.5% amt=3.7亿 lot=630元)
[10:23:00] BASE 600481 双良节能 门槛未过→仅观察 (amp=3.5% amt=3.7亿 lot=630元)
[10:24:00] BASE 600481 双良节能 门槛未过→仅观察 (amp=3.5% amt=3.7亿 lot=630元)
[10:25:00] BASE 600481 双良节能 门槛未过→仅观察 (amp=3.5% amt=3.7亿 lot=630元)
[10:26:00] BASE 600481 双良节能 门槛未过→仅观察 (amp=3.5% amt=3.7亿 lot=630元)
[10:27:00] BASE 600481 双良节能 门槛未过→仅观察 (amp=3.5% amt=3.7亿 lot=630元)
[10:28:00] BASE 600481 双良节能 门槛未过→仅观察 (amp=3.5% amt=3.7亿 lot=630元)
[10:29:00] BASE 600481 双良节能 门槛未过→仅观察 (amp=3.5% amt=3.7亿 lot=630元)
[10:30:00] BASE 600481 双良节能 门槛未过→仅观察 (amp=3.5% amt=3.7亿 lot=630元)
[10:31:00] BASE 600481 双良节能 门槛未过→仅观察 (amp=3.5% amt=3.7亿 lot=630元)
[10:32:00] BASE 600481 双良节能 门槛未过→仅观察 (amp=3.5% amt=3.7亿 lot=630元)
[10:33:00] BASE 600481 双良节能 门槛未过→仅观察 (amp=3.5% amt=3.7亿 lot=630元)
[10:34:00] BASE 600481 双良节能 门槛未过→仅观察 (amp=3.5% amt=3.7亿 lot=630元)
[10:35:00] BASE 600481 双良节能 门槛未过→仅观察 (amp=3.5% amt=3.7亿 lot=630元)
[10:36:00] BASE 600481 双良节能 门槛未过→仅观察 (amp=3.5% amt=3.7亿 lot=630元)
[10:37:00] BASE 600481 双良节能 门槛未过→仅观察 (amp=3.5% amt=3.7亿 lot=630元)
[10:38:00] BASE 600481 双良节能 门槛未过→仅观察 (amp=3.5% amt=3.7亿 lot=630元)
[10:39:00] BASE 600481 双良节能 门槛未过→仅观察 (amp=3.5% amt=3.7亿 lot=630元)
[10:40:00] BASE 600481 双良节能 门槛未过→仅观察 (amp=3.5% amt=3.7亿 lot=630元)
[10:41:00] BASE 600481 双良节能 门槛未过→仅观察 (amp=3.5% amt=3.7亿 lot=630元)
[10:42:00] BASE 600481 双良节能 门槛未过→仅观察 (amp=3.5% amt=3.7亿 lot=630元)
[10:43:00] BASE 600481 双良节能 门槛未过→仅观察 (amp=3.5% amt=3.7亿 lot=630元)
[10:44:00] BASE 600481 双良节能 门槛未过→仅观察 (amp=3.5% amt=3.7亿 lot=630元)
[10:45:00] BASE 600481 双良节能 门槛未过→仅观察 (amp=3.5% amt=3.7亿 lot=630元)
[10:46:00] BASE 600481 双良节能 门槛未过→仅观察 (amp=3.5% amt=3.7亿 lot=630元)
[10:47:00] BASE 600481 双良节能 门槛未过→仅观察 (amp=3.5% amt=3.7亿 lot=630元)
[10:48:00] BASE 600481 双良节能 门槛未过→仅观察 (amp=3.5% amt=3.7亿 lot=630元)
[10:49:00] BASE 600481 双良节能 门槛未过→仅观察 (amp=3.5% amt=3.7亿 lot=630元)
[10:50:00] BASE 600481 双良节能 门槛未过→仅观察 (amp=3.5% amt=3.7亿 lot=630元)
[10:51:00] BASE 600481 双良节能 门槛未过→仅观察 (amp=3.5% amt=3.7亿 lot=630元)
[10:52:00] BASE 600481 双良节能 门槛未过→仅观察 (amp=3.5% amt=3.7亿 lot=630元)
[10:53:00] BASE 600481 双良节能 门槛未过→仅观察 (amp=3.5% amt=3.7亿 lot=630元)
[10:54:00] BASE 600481 双良节能 门槛未过→仅观察 (amp=3.5% amt=3.7亿 lot=630元)
[10:55:00] BASE 600481 双良节能 门槛未过→仅观察 (amp=3.5% amt=3.7亿 lot=630元)
[10:56:00] BASE 600481 双良节能 门槛未过→仅观察 (amp=3.5% amt=3.7亿 lot=630元)
[10:57:00] BASE 600481 双良节能 门槛未过→仅观察 (amp=3.5% amt=3.7亿 lot=630元)
[10:58:00] BASE 600481 双良节能 门槛未过→仅观察 (amp=3.5% amt=3.7亿 lot=630元)
[10:59:00] BASE 600481 双良节能 门槛未过→仅观察 (amp=3.5% amt=3.7亿 lot=630元)
[11:00:00] BASE 600481 双良节能 门槛未过→仅观察 (amp=3.5% amt=3.7亿 lot=630元)
[11:01:00] BASE 600481 双良节能 门槛未过→仅观察 (amp=3.5% amt=3.7亿 lot=630元)
[11:02:00] BASE 600481 双良节能 门槛未过→仅观察 (amp=3.5% amt=3.7亿 lot=630元)
[11:03:00] BASE 600481 双良节能 门槛未过→仅观察 (amp=3.5% amt=3.7亿 lot=630元)
[11:04:00] BASE 600481 双良节能 门槛未过→仅观察 (amp=3.5% amt=3.7亿 lot=630元)
[11:05:00] BASE 600481 双良节能 门槛未过→仅观察 (amp=3.5% amt=3.7亿 lot=630元)
[11:06:00] BASE 600481 双良节能 门槛未过→仅观察 (amp=3.5% amt=3.7亿 lot=630元)
[11:07:00] BASE 600481 双良节能 门槛未过→仅观察 (amp=3.5% amt=3.7亿 lot=630元)
[11:08:00] BASE 600481 双良节能 门槛未过→仅观察 (amp=3.5% amt=3.7亿 lot=630元)
[11:09:00] BASE 600481 双良节能 门槛未过→仅观察 (amp=3.5% amt=3.7亿 lot=630元)
[11:10:00] BASE 600481 双良节能 门槛未过→仅观察 (amp=3.5% amt=3.7亿 lot=630元)
[11:11:00] BASE 600481 双良节能 门槛未过→仅观察 (amp=3.5% amt=3.7亿 lot=630元)
[11:12:00] BASE 600481 双良节能 门槛未过→仅观察 (amp=3.5% amt=3.7亿 lot=630元)
[11:13:00] BASE 600481 双良节能 门槛未过→仅观察 (amp=3.5% amt=3.7亿 lot=630元)
[11:14:00] BASE 600481 双良节能 门槛未过→仅观察 (amp=3.5% amt=3.7亿 lot=630元)
[11:15:00] BASE 600481 双良节能 门槛未过→仅观察 (amp=3.5% amt=3.7亿 lot=630元)
[11:16:00] BASE 600481 双良节能 门槛未过→仅观察 (amp=3.5% amt=3.7亿 lot=630元)
[11:17:00] BASE 600481 双良节能 门槛未过→仅观察 (amp=3.5% amt=3.7亿 lot=630元)
[11:18:00] BASE 600481 双良节能 门槛未过→仅观察 (amp=3.5% amt=3.7亿 lot=630元)
[11:19:00] BASE 600481 双良节能 门槛未过→仅观察 (amp=3.5% amt=3.7亿 lot=630元)
[11:20:00] BASE 600481 双良节能 门槛未过→仅观察 (amp=3.5% amt=3.7亿 lot=630元)
[11:21:00] BASE 600481 双良节能 门槛未过→仅观察 (amp=3.5% amt=3.7亿 lot=630元)
[11:22:00] BASE 600481 双良节能 门槛未过→仅观察 (amp=3.5% amt=3.7亿 lot=630元)
[11:23:00] BASE 600481 双良节能 门槛未过→仅观察 (amp=3.5% amt=3.7亿 lot=630元)
[11:24:00] BASE 600481 双良节能 门槛未过→仅观察 (amp=3.5% amt=3.7亿 lot=630元)
[11:25:00] BASE 600481 双良节能 门槛未过→仅观察 (amp=3.5% amt=3.7亿 lot=630元)
[11:26:00] BASE 600481 双良节能 门槛未过→仅观察 (amp=3.5% amt=3.7亿 lot=630元)
[11:27:00] BASE 600481 双良节能 门槛未过→仅观察 (amp=3.5% amt=3.7亿 lot=630元)
[11:28:00] BASE 600481 双良节能 门槛未过→仅观察 (amp=3.5% amt=3.7亿 lot=630元)
[11:29:00] BASE 600481 双良节能 门槛未过→仅观察 (amp=3.5% amt=3.7亿 lot=630元)
[11:30:00] BASE 600481 双良节能 门槛未过→仅观察 (amp=3.5% amt=3.7亿 lot=630元)
[13:01:00] BASE 600481 双良节能 门槛未过→仅观察 (amp=3.5% amt=3.7亿 lot=630元)
[13:02:00] BASE 600481 双良节能 门槛未过→仅观察 (amp=3.5% amt=3.7亿 lot=630元)
[13:03:00] BASE 600481 双良节能 门槛未过→仅观察 (amp=3.5% amt=3.7亿 lot=630元)
[13:04:00] BASE 600481 双良节能 门槛未过→仅观察 (amp=3.5% amt=3.7亿 lot=630元)
[13:05:00] BASE 600481 双良节能 门槛未过→仅观察 (amp=3.5% amt=3.7亿 lot=630元)
[13:06:00] BASE 600481 双良节能 门槛未过→仅观察 (amp=3.5% amt=3.7亿 lot=630元)
[13:07:00] BASE 600481 双良节能 门槛未过→仅观察 (amp=3.5% amt=3.7亿 lot=630元)
[13:08:00] BASE 600481 双良节能 门槛未过→仅观察 (amp=3.5% amt=3.7亿 lot=630元)
[13:09:00] BASE 600481 双良节能 门槛未过→仅观察 (amp=3.5% amt=3.7亿 lot=630元)
[13:10:00] BASE 600481 双良节能 门槛未过→仅观察 (amp=3.5% amt=3.7亿 lot=630元)
[13:11:00] BASE 600481 双良节能 门槛未过→仅观察 (amp=3.5% amt=3.7亿 lot=630元)
[13:12:00] BASE 600481 双良节能 门槛未过→仅观察 (amp=3.5% amt=3.7亿 lot=630元)
[13:13:00] BASE 600481 双良节能 门槛未过→仅观察 (amp=3.5% amt=3.7亿 lot=630元)
[13:14:00] BASE 600481 双良节能 门槛未过→仅观察 (amp=3.5% amt=3.7亿 lot=630元)
[13:15:00] BASE 600481 双良节能 门槛未过→仅观察 (amp=3.5% amt=3.7亿 lot=630元)
[13:16:00] BASE 600481 双良节能 门槛未过→仅观察 (amp=3.5% amt=3.7亿 lot=630元)
[13:17:00] BASE 600481 双良节能 门槛未过→仅观察 (amp=3.5% amt=3.7亿 lot=630元)
[13:18:00] BASE 600481 双良节能 门槛未过→仅观察 (amp=3.5% amt=3.7亿 lot=630元)
[13:19:00] BASE 600481 双良节能 门槛未过→仅观察 (amp=3.5% amt=3.7亿 lot=630元)
[13:20:00] BASE 600481 双良节能 门槛未过→仅观察 (amp=3.5% amt=3.7亿 lot=630元)
[13:21:00] BASE 600481 双良节能 门槛未过→仅观察 (amp=3.5% amt=3.7亿 lot=630元)
[13:21:00] SELL 000988 100@132.31 score=74 regime=range
[13:22:00] BASE 600481 双良节能 门槛未过→仅观察 (amp=3.5% amt=3.7亿 lot=630元)
[13:23:00] BASE 600481 双良节能 门槛未过→仅观察 (amp=3.5% amt=3.7亿 lot=630元)
[13:24:00] BASE 600481 双良节能 门槛未过→仅观察 (amp=3.5% amt=3.7亿 lot=630元)
[13:25:00] BASE 600481 双良节能 门槛未过→仅观察 (amp=3.5% amt=3.7亿 lot=630元)
[13:26:00] BASE 600481 双良节能 门槛未过→仅观察 (amp=3.5% amt=3.7亿 lot=630元)
[13:27:00] BASE 600481 双良节能 门槛未过→仅观察 (amp=3.5% amt=3.7亿 lot=630元)
[13:28:00] BASE 600481 双良节能 门槛未过→仅观察 (amp=3.5% amt=3.7亿 lot=630元)
[13:29:00] BASE 600481 双良节能 门槛未过→仅观察 (amp=3.5% amt=3.7亿 lot=630元)
[13:30:00] BASE 600481 双良节能 门槛未过→仅观察 (amp=3.5% amt=3.7亿 lot=630元)
[13:31:00] BASE 600481 双良节能 门槛未过→仅观察 (amp=3.5% amt=3.7亿 lot=630元)
[13:32:00] BASE 600481 双良节能 门槛未过→仅观察 (amp=3.5% amt=3.7亿 lot=630元)
[13:33:00] BASE 600481 双良节能 门槛未过→仅观察 (amp=3.5% amt=3.7亿 lot=630元)
[13:34:00] BASE 600481 双良节能 门槛未过→仅观察 (amp=3.5% amt=3.7亿 lot=630元)
[13:35:00] BASE 600481 双良节能 门槛未过→仅观察 (amp=3.5% amt=3.7亿 lot=630元)
[13:36:00] BASE 600481 双良节能 门槛未过→仅观察 (amp=3.5% amt=3.7亿 lot=630元)
[13:37:00] BASE 600481 双良节能 门槛未过→仅观察 (amp=3.5% amt=3.7亿 lot=630元)
[13:38:00] BASE 600481 双良节能 门槛未过→仅观察 (amp=3.5% amt=3.7亿 lot=630元)
[13:39:00] BASE 600481 双良节能 门槛未过→仅观察 (amp=3.5% amt=3.7亿 lot=630元)
[13:40:00] BASE 600481 双良节能 门槛未过→仅观察 (amp=3.5% amt=3.7亿 lot=630元)
[13:41:00] BASE 600481 双良节能 门槛未过→仅观察 (amp=3.5% amt=3.7亿 lot=630元)
[13:42:00] BASE 600481 双良节能 门槛未过→仅观察 (amp=3.5% amt=3.7亿 lot=630元)
[13:43:00] BASE 600481 双良节能 门槛未过→仅观察 (amp=3.5% amt=3.7亿 lot=630元)
[13:44:00] BASE 600481 双良节能 门槛未过→仅观察 (amp=3.5% amt=3.7亿 lot=630元)
[13:45:00] BASE 600481 双良节能 门槛未过→仅观察 (amp=3.5% amt=3.7亿 lot=630元)
[13:46:00] BASE 600481 双良节能 门槛未过→仅观察 (amp=3.5% amt=3.7亿 lot=630元)
[13:47:00] BASE 600481 双良节能 门槛未过→仅观察 (amp=3.5% amt=3.7亿 lot=630元)
[13:48:00] BASE 600481 双良节能 门槛未过→仅观察 (amp=3.5% amt=3.7亿 lot=630元)
[13:49:00] BASE 600481 双良节能 门槛未过→仅观察 (amp=3.5% amt=3.7亿 lot=630元)
[13:50:00] BASE 600481 双良节能 门槛未过→仅观察 (amp=3.5% amt=3.7亿 lot=630元)
[13:51:00] BASE 600481 双良节能 门槛未过→仅观察 (amp=3.5% amt=3.7亿 lot=630元)
[13:52:00] BASE 600481 双良节能 门槛未过→仅观察 (amp=3.5% amt=3.7亿 lot=630元)
[13:53:00] BASE 600481 双良节能 门槛未过→仅观察 (amp=3.5% amt=3.7亿 lot=630元)
[13:54:00] BASE 600481 双良节能 门槛未过→仅观察 (amp=3.5% amt=3.7亿 lot=630元)
[13:55:00] BASE 600481 双良节能 门槛未过→仅观察 (amp=3.5% amt=3.7亿 lot=630元)
[13:56:00] BASE 600481 双良节能 门槛未过→仅观察 (amp=3.5% amt=3.7亿 lot=630元)
[13:57:00] BASE 600481 双良节能 门槛未过→仅观察 (amp=3.5% amt=3.7亿 lot=630元)
[13:58:00] BASE 600481 双良节能 门槛未过→仅观察 (amp=3.5% amt=3.7亿 lot=630元)
[13:59:00] BASE 600481 双良节能 门槛未过→仅观察 (amp=3.5% amt=3.7亿 lot=630元)
[14:00:00] BASE 600481 双良节能 门槛未过→仅观察 (amp=3.5% amt=3.7亿 lot=630元)
[14:01:00] BASE 600481 双良节能 门槛未过→仅观察 (amp=3.5% amt=3.7亿 lot=630元)
[14:02:00] BASE 600481 双良节能 门槛未过→仅观察 (amp=3.5% amt=3.7亿 lot=630元)
[14:03:00] BASE 600481 双良节能 门槛未过→仅观察 (amp=3.5% amt=3.7亿 lot=630元)
[14:04:00] BASE 600481 双良节能 门槛未过→仅观察 (amp=3.5% amt=3.7亿 lot=630元)
[14:05:00] BASE 600481 双良节能 门槛未过→仅观察 (amp=3.5% amt=3.7亿 lot=630元)
[14:06:00] BASE 600481 双良节能 门槛未过→仅观察 (amp=3.5% amt=3.7亿 lot=630元)
[14:07:00] BASE 600481 双良节能 门槛未过→仅观察 (amp=3.5% amt=3.7亿 lot=630元)
[14:08:00] BASE 600481 双良节能 门槛未过→仅观察 (amp=3.5% amt=3.7亿 lot=630元)
[14:09:00] BASE 600481 双良节能 门槛未过→仅观察 (amp=3.5% amt=3.7亿 lot=630元)
[14:10:00] BASE 600481 双良节能 门槛未过→仅观察 (amp=3.5% amt=3.7亿 lot=630元)
[14:11:00] BASE 600481 双良节能 门槛未过→仅观察 (amp=3.5% amt=3.7亿 lot=630元)
[14:12:00] BASE 600481 双良节能 门槛未过→仅观察 (amp=3.5% amt=3.7亿 lot=630元)
[14:13:00] BASE 600481 双良节能 门槛未过→仅观察 (amp=3.5% amt=3.7亿 lot=630元)
[14:14:00] BASE 600481 双良节能 门槛未过→仅观察 (amp=3.5% amt=3.7亿 lot=630元)
[14:15:00] BASE 600481 双良节能 门槛未过→仅观察 (amp=3.5% amt=3.7亿 lot=630元)
[14:16:00] BASE 600481 双良节能 门槛未过→仅观察 (amp=3.5% amt=3.7亿 lot=630元)
[14:17:00] BASE 600481 双良节能 门槛未过→仅观察 (amp=3.5% amt=3.7亿 lot=630元)
[14:18:00] BASE 600481 双良节能 门槛未过→仅观察 (amp=3.5% amt=3.7亿 lot=630元)
[14:19:00] BASE 600481 双良节能 门槛未过→仅观察 (amp=3.5% amt=3.7亿 lot=630元)
[14:20:00] BASE 600481 双良节能 门槛未过→仅观察 (amp=3.5% amt=3.7亿 lot=630元)
[14:21:00] BASE 600481 双良节能 门槛未过→仅观察 (amp=3.5% amt=3.7亿 lot=630元)
[14:22:00] BASE 600481 双良节能 门槛未过→仅观察 (amp=3.5% amt=3.7亿 lot=630元)
[14:23:00] BASE 600481 双良节能 门槛未过→仅观察 (amp=3.5% amt=3.7亿 lot=630元)
[14:24:00] BASE 600481 双良节能 门槛未过→仅观察 (amp=3.5% amt=3.7亿 lot=630元)
[14:25:00] BASE 600481 双良节能 门槛未过→仅观察 (amp=3.5% amt=3.7亿 lot=630元)
[14:26:00] BASE 600481 双良节能 门槛未过→仅观察 (amp=3.5% amt=3.7亿 lot=630元)
[14:27:00] BASE 600481 双良节能 门槛未过→仅观察 (amp=3.5% amt=3.7亿 lot=630元)
[14:28:00] BASE 600481 双良节能 门槛未过→仅观察 (amp=3.5% amt=3.7亿 lot=630元)
[14:29:00] BASE 600481 双良节能 门槛未过→仅观察 (amp=3.5% amt=3.7亿 lot=630元)
[14:30:00] BASE 600481 双良节能 门槛未过→仅观察 (amp=3.5% amt=3.7亿 lot=630元)
[14:31:00] BASE 600481 双良节能 门槛未过→仅观察 (amp=3.5% amt=3.7亿 lot=630元)
[14:32:00] BASE 600481 双良节能 门槛未过→仅观察 (amp=3.5% amt=3.7亿 lot=630元)
[14:33:00] BASE 600481 双良节能 门槛未过→仅观察 (amp=3.5% amt=3.7亿 lot=630元)
[14:34:00] BASE 600481 双良节能 门槛未过→仅观察 (amp=3.5% amt=3.7亿 lot=630元)
[14:35:00] BASE 600481 双良节能 门槛未过→仅观察 (amp=3.5% amt=3.7亿 lot=630元)
[14:36:00] BASE 600481 双良节能 门槛未过→仅观察 (amp=3.5% amt=3.7亿 lot=630元)
[14:37:00] BASE 600481 双良节能 门槛未过→仅观察 (amp=3.5% amt=3.7亿 lot=630元)
[14:38:00] BASE 600481 双良节能 门槛未过→仅观察 (amp=3.5% amt=3.7亿 lot=630元)
[14:39:00] BASE 600481 双良节能 门槛未过→仅观察 (amp=3.5% amt=3.7亿 lot=630元)
[14:40:00] BASE 600481 双良节能 门槛未过→仅观察 (amp=3.5% amt=3.7亿 lot=630元)
[14:41:00] BASE 600481 双良节能 门槛未过→仅观察 (amp=3.5% amt=3.7亿 lot=630元)
[14:42:00] BASE 600481 双良节能 门槛未过→仅观察 (amp=3.5% amt=3.7亿 lot=630元)
[14:43:00] BASE 600481 双良节能 门槛未过→仅观察 (amp=3.5% amt=3.7亿 lot=630元)
[14:44:00] BASE 600481 双良节能 门槛未过→仅观察 (amp=3.5% amt=3.7亿 lot=630元)
[14:45:00] BASE 600481 双良节能 门槛未过→仅观察 (amp=3.5% amt=3.7亿 lot=630元)
[14:46:00] BASE 600481 双良节能 门槛未过→仅观察 (amp=3.5% amt=3.7亿 lot=630元)
[14:47:00] BASE 600481 双良节能 门槛未过→仅观察 (amp=3.5% amt=3.7亿 lot=630元)
[14:48:00] BASE 600481 双良节能 门槛未过→仅观察 (amp=3.5% amt=3.7亿 lot=630元)
[14:49:00] BASE 600481 双良节能 门槛未过→仅观察 (amp=3.5% amt=3.7亿 lot=630元)
[14:50:00] BASE 600481 双良节能 门槛未过→仅观察 (amp=3.5% amt=3.7亿 lot=630元)
[14:51:00] BASE 600481 双良节能 门槛未过→仅观察 (amp=3.5% amt=3.7亿 lot=630元)
[14:52:00] BASE 600481 双良节能 门槛未过→仅观察 (amp=3.5% amt=3.7亿 lot=630元)
[14:53:00] BASE 600481 双良节能 门槛未过→仅观察 (amp=3.5% amt=3.7亿 lot=630元)
[14:54:00] BASE 600481 双良节能 门槛未过→仅观察 (amp=3.5% amt=3.7亿 lot=630元)
[14:55:00] BASE 600481 双良节能 门槛未过→仅观察 (amp=3.5% amt=3.7亿 lot=630元)
[14:56:00] BASE 600481 双良节能 门槛未过→仅观察 (amp=3.5% amt=3.7亿 lot=630元)
[14:57:00] BASE 600481 双良节能 门槛未过→仅观察 (amp=3.5% amt=3.7亿 lot=630元)
[15:00:00] BASE 600481 双良节能 门槛未过→仅观察 (amp=3.5% amt=3.7亿 lot=630元)
[ir] 2026-05-11 regime=uni_up score=12.7
[09:31:00] BASE 600481 双良节能 门槛未过→仅观察 (amp=3.5% amt=3.8亿 lot=640元)
[09:31:00] BASE 000988 华工科技 下单 100股@140.27
[BASE] 000988 底仓成交 100股@140.28
[09:32:00] BASE 600481 双良节能 门槛未过→仅观察 (amp=3.5% amt=3.8亿 lot=640元)
[09:33:00] BASE 600481 双良节能 门槛未过→仅观察 (amp=3.5% amt=3.8亿 lot=640元)
[09:34:00] BASE 600481 双良节能 门槛未过→仅观察 (amp=3.5% amt=3.8亿 lot=640元)
[09:35:00] BASE 600481 双良节能 门槛未过→仅观察 (amp=3.5% amt=3.8亿 lot=640元)
[09:36:00] BASE 600481 双良节能 门槛未过→仅观察 (amp=3.5% amt=3.8亿 lot=640元)
[09:37:00] BASE 600481 双良节能 门槛未过→仅观察 (amp=3.5% amt=3.8亿 lot=640元)
[09:38:00] BASE 600481 双良节能 门槛未过→仅观察 (amp=3.5% amt=3.8亿 lot=640元)
[09:39:00] BASE 600481 双良节能 门槛未过→仅观察 (amp=3.5% amt=3.8亿 lot=640元)
[09:40:00] BASE 600481 双良节能 门槛未过→仅观察 (amp=3.5% amt=3.8亿 lot=640元)
[09:41:00] BASE 600481 双良节能 门槛未过→仅观察 (amp=3.5% amt=3.8亿 lot=640元)
[09:42:00] BASE 600481 双良节能 门槛未过→仅观察 (amp=3.5% amt=3.8亿 lot=640元)
[09:43:00] BASE 600481 双良节能 门槛未过→仅观察 (amp=3.5% amt=3.8亿 lot=640元)
[09:44:00] BASE 600481 双良节能 门槛未过→仅观察 (amp=3.5% amt=3.8亿 lot=640元)
[09:45:00] BASE 600481 双良节能 门槛未过→仅观察 (amp=3.5% amt=3.8亿 lot=640元)
[09:45:00] SELL 603667 300@78.74 score=75 regime=uni_up
[09:46:00] BASE 600481 双良节能 门槛未过→仅观察 (amp=3.5% amt=3.8亿 lot=640元)
[09:47:00] BASE 600481 双良节能 门槛未过→仅观察 (amp=3.5% amt=3.8亿 lot=640元)
[09:48:00] BASE 600481 双良节能 门槛未过→仅观察 (amp=3.5% amt=3.8亿 lot=640元)
[09:49:00] BASE 600481 双良节能 门槛未过→仅观察 (amp=3.5% amt=3.8亿 lot=640元)
[09:50:00] BASE 600481 双良节能 门槛未过→仅观察 (amp=3.5% amt=3.8亿 lot=640元)
[09:51:00] BASE 600481 双良节能 门槛未过→仅观察 (amp=3.5% amt=3.8亿 lot=640元)
[09:52:00] BASE 600481 双良节能 门槛未过→仅观察 (amp=3.5% amt=3.8亿 lot=640元)
[09:53:00] BASE 600481 双良节能 门槛未过→仅观察 (amp=3.5% amt=3.8亿 lot=640元)
[09:54:00] BASE 600481 双良节能 门槛未过→仅观察 (amp=3.5% amt=3.8亿 lot=640元)
[09:55:00] BASE 600481 双良节能 门槛未过→仅观察 (amp=3.5% amt=3.8亿 lot=640元)
[09:56:00] BASE 600481 双良节能 门槛未过→仅观察 (amp=3.5% amt=3.8亿 lot=640元)
[09:57:00] BASE 600481 双良节能 门槛未过→仅观察 (amp=3.5% amt=3.8亿 lot=640元)
[09:58:00] BASE 600481 双良节能 门槛未过→仅观察 (amp=3.5% amt=3.8亿 lot=640元)
[09:59:00] BASE 600481 双良节能 门槛未过→仅观察 (amp=3.5% amt=3.8亿 lot=640元)
[10:00:00] BASE 600481 双良节能 门槛未过→仅观察 (amp=3.5% amt=3.8亿 lot=640元)
[10:01:00] BASE 600481 双良节能 门槛未过→仅观察 (amp=3.5% amt=3.8亿 lot=640元)
[10:02:00] BASE 600481 双良节能 门槛未过→仅观察 (amp=3.5% amt=3.8亿 lot=640元)
[10:03:00] BASE 600481 双良节能 门槛未过→仅观察 (amp=3.5% amt=3.8亿 lot=640元)
[10:04:00] BASE 600481 双良节能 门槛未过→仅观察 (amp=3.5% amt=3.8亿 lot=640元)
[10:05:00] BASE 600481 双良节能 门槛未过→仅观察 (amp=3.5% amt=3.8亿 lot=640元)
[10:06:00] BASE 600481 双良节能 门槛未过→仅观察 (amp=3.5% amt=3.8亿 lot=640元)
[10:07:00] BASE 600481 双良节能 门槛未过→仅观察 (amp=3.5% amt=3.8亿 lot=640元)
[10:08:00] BASE 600481 双良节能 门槛未过→仅观察 (amp=3.5% amt=3.8亿 lot=640元)
[10:09:00] BASE 600481 双良节能 门槛未过→仅观察 (amp=3.5% amt=3.8亿 lot=640元)
[10:10:00] BASE 600481 双良节能 门槛未过→仅观察 (amp=3.5% amt=3.8亿 lot=640元)
[10:11:00] BASE 600481 双良节能 门槛未过→仅观察 (amp=3.5% amt=3.8亿 lot=640元)
[10:12:00] BASE 600481 双良节能 门槛未过→仅观察 (amp=3.5% amt=3.8亿 lot=640元)
[10:13:00] BASE 600481 双良节能 门槛未过→仅观察 (amp=3.5% amt=3.8亿 lot=640元)
[10:14:00] BASE 600481 双良节能 门槛未过→仅观察 (amp=3.5% amt=3.8亿 lot=640元)
[10:15:00] BASE 600481 双良节能 门槛未过→仅观察 (amp=3.5% amt=3.8亿 lot=640元)
[10:16:00] BASE 600481 双良节能 门槛未过→仅观察 (amp=3.5% amt=3.8亿 lot=640元)
[10:17:00] BASE 600481 双良节能 门槛未过→仅观察 (amp=3.5% amt=3.8亿 lot=640元)
[10:18:00] BASE 600481 双良节能 门槛未过→仅观察 (amp=3.5% amt=3.8亿 lot=640元)
[10:19:00] BASE 600481 双良节能 门槛未过→仅观察 (amp=3.5% amt=3.8亿 lot=640元)
[10:20:00] BASE 600481 双良节能 门槛未过→仅观察 (amp=3.5% amt=3.8亿 lot=640元)
[10:21:00] BASE 600481 双良节能 门槛未过→仅观察 (amp=3.5% amt=3.8亿 lot=640元)
[10:22:00] BASE 600481 双良节能 门槛未过→仅观察 (amp=3.5% amt=3.8亿 lot=640元)
[10:23:00] BASE 600481 双良节能 门槛未过→仅观察 (amp=3.5% amt=3.8亿 lot=640元)
[10:24:00] BASE 600481 双良节能 门槛未过→仅观察 (amp=3.5% amt=3.8亿 lot=640元)
[10:25:00] BASE 600481 双良节能 门槛未过→仅观察 (amp=3.5% amt=3.8亿 lot=640元)
[10:26:00] BASE 600481 双良节能 门槛未过→仅观察 (amp=3.5% amt=3.8亿 lot=640元)
[10:27:00] BASE 600481 双良节能 门槛未过→仅观察 (amp=3.5% amt=3.8亿 lot=640元)
[10:28:00] BASE 600481 双良节能 门槛未过→仅观察 (amp=3.5% amt=3.8亿 lot=640元)
[10:29:00] BASE 600481 双良节能 门槛未过→仅观察 (amp=3.5% amt=3.8亿 lot=640元)
[10:30:00] BASE 600481 双良节能 门槛未过→仅观察 (amp=3.5% amt=3.8亿 lot=640元)
[10:31:00] BASE 600481 双良节能 门槛未过→仅观察 (amp=3.5% amt=3.8亿 lot=640元)
[10:32:00] BASE 600481 双良节能 门槛未过→仅观察 (amp=3.5% amt=3.8亿 lot=640元)
[10:33:00] BASE 600481 双良节能 门槛未过→仅观察 (amp=3.5% amt=3.8亿 lot=640元)
[10:34:00] BASE 600481 双良节能 门槛未过→仅观察 (amp=3.5% amt=3.8亿 lot=640元)
[10:35:00] BASE 600481 双良节能 门槛未过→仅观察 (amp=3.5% amt=3.8亿 lot=640元)
[10:36:00] BASE 600481 双良节能 门槛未过→仅观察 (amp=3.5% amt=3.8亿 lot=640元)
[10:37:00] BASE 600481 双良节能 门槛未过→仅观察 (amp=3.5% amt=3.8亿 lot=640元)
[10:38:00] BASE 600481 双良节能 门槛未过→仅观察 (amp=3.5% amt=3.8亿 lot=640元)
[10:39:00] BASE 600481 双良节能 门槛未过→仅观察 (amp=3.5% amt=3.8亿 lot=640元)
[10:40:00] BASE 600481 双良节能 门槛未过→仅观察 (amp=3.5% amt=3.8亿 lot=640元)
[10:41:00] BASE 600481 双良节能 门槛未过→仅观察 (amp=3.5% amt=3.8亿 lot=640元)
[10:42:00] BASE 600481 双良节能 门槛未过→仅观察 (amp=3.5% amt=3.8亿 lot=640元)
[10:43:00] BASE 600481 双良节能 门槛未过→仅观察 (amp=3.5% amt=3.8亿 lot=640元)
[10:44:00] BASE 600481 双良节能 门槛未过→仅观察 (amp=3.5% amt=3.8亿 lot=640元)
[10:45:00] BASE 600481 双良节能 门槛未过→仅观察 (amp=3.5% amt=3.8亿 lot=640元)
[10:46:00] BASE 600481 双良节能 门槛未过→仅观察 (amp=3.5% amt=3.8亿 lot=640元)
[10:47:00] BASE 600481 双良节能 门槛未过→仅观察 (amp=3.5% amt=3.8亿 lot=640元)
[10:48:00] BASE 600481 双良节能 门槛未过→仅观察 (amp=3.5% amt=3.8亿 lot=640元)
[10:49:00] BASE 600481 双良节能 门槛未过→仅观察 (amp=3.5% amt=3.8亿 lot=640元)
[10:50:00] BASE 600481 双良节能 门槛未过→仅观察 (amp=3.5% amt=3.8亿 lot=640元)
[10:51:00] BASE 600481 双良节能 门槛未过→仅观察 (amp=3.5% amt=3.8亿 lot=640元)
[10:52:00] BASE 600481 双良节能 门槛未过→仅观察 (amp=3.5% amt=3.8亿 lot=640元)
[10:53:00] BASE 600481 双良节能 门槛未过→仅观察 (amp=3.5% amt=3.8亿 lot=640元)
[10:54:00] BASE 600481 双良节能 门槛未过→仅观察 (amp=3.5% amt=3.8亿 lot=640元)
[10:55:00] BASE 600481 双良节能 门槛未过→仅观察 (amp=3.5% amt=3.8亿 lot=640元)
[10:56:00] BASE 600481 双良节能 门槛未过→仅观察 (amp=3.5% amt=3.8亿 lot=640元)
[10:57:00] BASE 600481 双良节能 门槛未过→仅观察 (amp=3.5% amt=3.8亿 lot=640元)
[10:58:00] BASE 600481 双良节能 门槛未过→仅观察 (amp=3.5% amt=3.8亿 lot=640元)
[10:59:00] BASE 600481 双良节能 门槛未过→仅观察 (amp=3.5% amt=3.8亿 lot=640元)
[11:00:00] BASE 600481 双良节能 门槛未过→仅观察 (amp=3.5% amt=3.8亿 lot=640元)
[11:01:00] BASE 600481 双良节能 门槛未过→仅观察 (amp=3.5% amt=3.8亿 lot=640元)
[11:02:00] BASE 600481 双良节能 门槛未过→仅观察 (amp=3.5% amt=3.8亿 lot=640元)
[11:03:00] BASE 600481 双良节能 门槛未过→仅观察 (amp=3.5% amt=3.8亿 lot=640元)
[11:04:00] BASE 600481 双良节能 门槛未过→仅观察 (amp=3.5% amt=3.8亿 lot=640元)
[11:05:00] BASE 600481 双良节能 门槛未过→仅观察 (amp=3.5% amt=3.8亿 lot=640元)
[11:06:00] BASE 600481 双良节能 门槛未过→仅观察 (amp=3.5% amt=3.8亿 lot=640元)
[11:07:00] BASE 600481 双良节能 门槛未过→仅观察 (amp=3.5% amt=3.8亿 lot=640元)
[11:08:00] BASE 600481 双良节能 门槛未过→仅观察 (amp=3.5% amt=3.8亿 lot=640元)
[11:09:00] BASE 600481 双良节能 门槛未过→仅观察 (amp=3.5% amt=3.8亿 lot=640元)
[11:10:00] BASE 600481 双良节能 门槛未过→仅观察 (amp=3.5% amt=3.8亿 lot=640元)
[11:11:00] BASE 600481 双良节能 门槛未过→仅观察 (amp=3.5% amt=3.8亿 lot=640元)
[11:12:00] BASE 600481 双良节能 门槛未过→仅观察 (amp=3.5% amt=3.8亿 lot=640元)
[11:13:00] BASE 600481 双良节能 门槛未过→仅观察 (amp=3.5% amt=3.8亿 lot=640元)
[11:14:00] BASE 600481 双良节能 门槛未过→仅观察 (amp=3.5% amt=3.8亿 lot=640元)
[11:15:00] BASE 600481 双良节能 门槛未过→仅观察 (amp=3.5% amt=3.8亿 lot=640元)
[11:16:00] BASE 600481 双良节能 门槛未过→仅观察 (amp=3.5% amt=3.8亿 lot=640元)
[11:17:00] BASE 600481 双良节能 门槛未过→仅观察 (amp=3.5% amt=3.8亿 lot=640元)
[11:18:00] BASE 600481 双良节能 门槛未过→仅观察 (amp=3.5% amt=3.8亿 lot=640元)
[11:19:00] BASE 600481 双良节能 门槛未过→仅观察 (amp=3.5% amt=3.8亿 lot=640元)
[11:20:00] BASE 600481 双良节能 门槛未过→仅观察 (amp=3.5% amt=3.8亿 lot=640元)
[11:21:00] BASE 600481 双良节能 门槛未过→仅观察 (amp=3.5% amt=3.8亿 lot=640元)
[11:22:00] BASE 600481 双良节能 门槛未过→仅观察 (amp=3.5% amt=3.8亿 lot=640元)
[11:23:00] BASE 600481 双良节能 门槛未过→仅观察 (amp=3.5% amt=3.8亿 lot=640元)
[11:24:00] BASE 600481 双良节能 门槛未过→仅观察 (amp=3.5% amt=3.8亿 lot=640元)
[11:25:00] BASE 600481 双良节能 门槛未过→仅观察 (amp=3.5% amt=3.8亿 lot=640元)
[11:26:00] BASE 600481 双良节能 门槛未过→仅观察 (amp=3.5% amt=3.8亿 lot=640元)
[11:27:00] BASE 600481 双良节能 门槛未过→仅观察 (amp=3.5% amt=3.8亿 lot=640元)
[11:28:00] BASE 600481 双良节能 门槛未过→仅观察 (amp=3.5% amt=3.8亿 lot=640元)
[11:29:00] BASE 600481 双良节能 门槛未过→仅观察 (amp=3.5% amt=3.8亿 lot=640元)
[11:30:00] BASE 600481 双良节能 门槛未过→仅观察 (amp=3.5% amt=3.8亿 lot=640元)
[13:01:00] BASE 600481 双良节能 门槛未过→仅观察 (amp=3.5% amt=3.8亿 lot=640元)
[13:02:00] BASE 600481 双良节能 门槛未过→仅观察 (amp=3.5% amt=3.8亿 lot=640元)
[13:03:00] BASE 600481 双良节能 门槛未过→仅观察 (amp=3.5% amt=3.8亿 lot=640元)
[13:04:00] BASE 600481 双良节能 门槛未过→仅观察 (amp=3.5% amt=3.8亿 lot=640元)
[13:05:00] BASE 600481 双良节能 门槛未过→仅观察 (amp=3.5% amt=3.8亿 lot=640元)
[13:06:00] BASE 600481 双良节能 门槛未过→仅观察 (amp=3.5% amt=3.8亿 lot=640元)
[13:07:00] BASE 600481 双良节能 门槛未过→仅观察 (amp=3.5% amt=3.8亿 lot=640元)
[13:08:00] BASE 600481 双良节能 门槛未过→仅观察 (amp=3.5% amt=3.8亿 lot=640元)
[13:09:00] BASE 600481 双良节能 门槛未过→仅观察 (amp=3.5% amt=3.8亿 lot=640元)
[13:10:00] BASE 600481 双良节能 门槛未过→仅观察 (amp=3.5% amt=3.8亿 lot=640元)
[13:11:00] BASE 600481 双良节能 门槛未过→仅观察 (amp=3.5% amt=3.8亿 lot=640元)
[13:12:00] BASE 600481 双良节能 门槛未过→仅观察 (amp=3.5% amt=3.8亿 lot=640元)
[13:13:00] BASE 600481 双良节能 门槛未过→仅观察 (amp=3.5% amt=3.8亿 lot=640元)
[13:14:00] BASE 600481 双良节能 门槛未过→仅观察 (amp=3.5% amt=3.8亿 lot=640元)
[13:15:00] BASE 600481 双良节能 门槛未过→仅观察 (amp=3.5% amt=3.8亿 lot=640元)
[13:16:00] BASE 600481 双良节能 门槛未过→仅观察 (amp=3.5% amt=3.8亿 lot=640元)
[13:17:00] BASE 600481 双良节能 门槛未过→仅观察 (amp=3.5% amt=3.8亿 lot=640元)
[13:18:00] BASE 600481 双良节能 门槛未过→仅观察 (amp=3.5% amt=3.8亿 lot=640元)
[13:19:00] BASE 600481 双良节能 门槛未过→仅观察 (amp=3.5% amt=3.8亿 lot=640元)
[13:20:00] BASE 600481 双良节能 门槛未过→仅观察 (amp=3.5% amt=3.8亿 lot=640元)
[13:21:00] BASE 600481 双良节能 门槛未过→仅观察 (amp=3.5% amt=3.8亿 lot=640元)
[13:22:00] BASE 600481 双良节能 门槛未过→仅观察 (amp=3.5% amt=3.8亿 lot=640元)
[13:23:00] BASE 600481 双良节能 门槛未过→仅观察 (amp=3.5% amt=3.8亿 lot=640元)
[13:24:00] BASE 600481 双良节能 门槛未过→仅观察 (amp=3.5% amt=3.8亿 lot=640元)
[13:25:00] BASE 600481 双良节能 门槛未过→仅观察 (amp=3.5% amt=3.8亿 lot=640元)
[13:26:00] BASE 600481 双良节能 门槛未过→仅观察 (amp=3.5% amt=3.8亿 lot=640元)
[13:27:00] BASE 600481 双良节能 门槛未过→仅观察 (amp=3.5% amt=3.8亿 lot=640元)
[13:28:00] BASE 600481 双良节能 门槛未过→仅观察 (amp=3.5% amt=3.8亿 lot=640元)
[13:29:00] BASE 600481 双良节能 门槛未过→仅观察 (amp=3.5% amt=3.8亿 lot=640元)
[13:30:00] BASE 600481 双良节能 门槛未过→仅观察 (amp=3.5% amt=3.8亿 lot=640元)
[13:31:00] BASE 600481 双良节能 门槛未过→仅观察 (amp=3.5% amt=3.8亿 lot=640元)
[13:32:00] BASE 600481 双良节能 门槛未过→仅观察 (amp=3.5% amt=3.8亿 lot=640元)
[13:33:00] BASE 600481 双良节能 门槛未过→仅观察 (amp=3.5% amt=3.8亿 lot=640元)
[13:34:00] BASE 600481 双良节能 门槛未过→仅观察 (amp=3.5% amt=3.8亿 lot=640元)
[13:35:00] BASE 600481 双良节能 门槛未过→仅观察 (amp=3.5% amt=3.8亿 lot=640元)
[13:36:00] BASE 600481 双良节能 门槛未过→仅观察 (amp=3.5% amt=3.8亿 lot=640元)
[13:37:00] BASE 600481 双良节能 门槛未过→仅观察 (amp=3.5% amt=3.8亿 lot=640元)
[13:38:00] BASE 600481 双良节能 门槛未过→仅观察 (amp=3.5% amt=3.8亿 lot=640元)
[13:39:00] BASE 600481 双良节能 门槛未过→仅观察 (amp=3.5% amt=3.8亿 lot=640元)
[13:40:00] BASE 600481 双良节能 门槛未过→仅观察 (amp=3.5% amt=3.8亿 lot=640元)
[13:41:00] BASE 600481 双良节能 门槛未过→仅观察 (amp=3.5% amt=3.8亿 lot=640元)
[13:42:00] BASE 600481 双良节能 门槛未过→仅观察 (amp=3.5% amt=3.8亿 lot=640元)
[13:43:00] BASE 600481 双良节能 门槛未过→仅观察 (amp=3.5% amt=3.8亿 lot=640元)
[13:44:00] BASE 600481 双良节能 门槛未过→仅观察 (amp=3.5% amt=3.8亿 lot=640元)
[13:45:00] BASE 600481 双良节能 门槛未过→仅观察 (amp=3.5% amt=3.8亿 lot=640元)
[13:46:00] BASE 600481 双良节能 门槛未过→仅观察 (amp=3.5% amt=3.8亿 lot=640元)
[13:47:00] BASE 600481 双良节能 门槛未过→仅观察 (amp=3.5% amt=3.8亿 lot=640元)
[13:48:00] BASE 600481 双良节能 门槛未过→仅观察 (amp=3.5% amt=3.8亿 lot=640元)
[13:49:00] BASE 600481 双良节能 门槛未过→仅观察 (amp=3.5% amt=3.8亿 lot=640元)
[13:50:00] BASE 600481 双良节能 门槛未过→仅观察 (amp=3.5% amt=3.8亿 lot=640元)
[13:51:00] BASE 600481 双良节能 门槛未过→仅观察 (amp=3.5% amt=3.8亿 lot=640元)
[13:52:00] BASE 600481 双良节能 门槛未过→仅观察 (amp=3.5% amt=3.8亿 lot=640元)
[13:53:00] BASE 600481 双良节能 门槛未过→仅观察 (amp=3.5% amt=3.8亿 lot=640元)
[13:54:00] BASE 600481 双良节能 门槛未过→仅观察 (amp=3.5% amt=3.8亿 lot=640元)
[13:55:00] BASE 600481 双良节能 门槛未过→仅观察 (amp=3.5% amt=3.8亿 lot=640元)
[13:56:00] BASE 600481 双良节能 门槛未过→仅观察 (amp=3.5% amt=3.8亿 lot=640元)
[13:57:00] BASE 600481 双良节能 门槛未过→仅观察 (amp=3.5% amt=3.8亿 lot=640元)
[13:58:00] BASE 600481 双良节能 门槛未过→仅观察 (amp=3.5% amt=3.8亿 lot=640元)
[13:59:00] BASE 600481 双良节能 门槛未过→仅观察 (amp=3.5% amt=3.8亿 lot=640元)
[14:00:00] BASE 600481 双良节能 门槛未过→仅观察 (amp=3.5% amt=3.8亿 lot=640元)
[14:01:00] BASE 600481 双良节能 门槛未过→仅观察 (amp=3.5% amt=3.8亿 lot=640元)
[14:02:00] BASE 600481 双良节能 门槛未过→仅观察 (amp=3.5% amt=3.8亿 lot=640元)
[14:03:00] BASE 600481 双良节能 门槛未过→仅观察 (amp=3.5% amt=3.8亿 lot=640元)
[14:04:00] BASE 600481 双良节能 门槛未过→仅观察 (amp=3.5% amt=3.8亿 lot=640元)
[14:05:00] BASE 600481 双良节能 门槛未过→仅观察 (amp=3.5% amt=3.8亿 lot=640元)
[14:06:00] BASE 600481 双良节能 门槛未过→仅观察 (amp=3.5% amt=3.8亿 lot=640元)
[14:07:00] BASE 600481 双良节能 门槛未过→仅观察 (amp=3.5% amt=3.8亿 lot=640元)
[14:08:00] BASE 600481 双良节能 门槛未过→仅观察 (amp=3.5% amt=3.8亿 lot=640元)
[14:09:00] BASE 600481 双良节能 门槛未过→仅观察 (amp=3.5% amt=3.8亿 lot=640元)
[14:10:00] BASE 600481 双良节能 门槛未过→仅观察 (amp=3.5% amt=3.8亿 lot=640元)
[14:11:00] BASE 600481 双良节能 门槛未过→仅观察 (amp=3.5% amt=3.8亿 lot=640元)
[14:12:00] BASE 600481 双良节能 门槛未过→仅观察 (amp=3.5% amt=3.8亿 lot=640元)
[14:13:00] BASE 600481 双良节能 门槛未过→仅观察 (amp=3.5% amt=3.8亿 lot=640元)
[14:14:00] BASE 600481 双良节能 门槛未过→仅观察 (amp=3.5% amt=3.8亿 lot=640元)
[14:15:00] BASE 600481 双良节能 门槛未过→仅观察 (amp=3.5% amt=3.8亿 lot=640元)
[14:16:00] BASE 600481 双良节能 门槛未过→仅观察 (amp=3.5% amt=3.8亿 lot=640元)
[14:17:00] BASE 600481 双良节能 门槛未过→仅观察 (amp=3.5% amt=3.8亿 lot=640元)
[14:18:00] BASE 600481 双良节能 门槛未过→仅观察 (amp=3.5% amt=3.8亿 lot=640元)
[14:19:00] BASE 600481 双良节能 门槛未过→仅观察 (amp=3.5% amt=3.8亿 lot=640元)
[14:20:00] BASE 600481 双良节能 门槛未过→仅观察 (amp=3.5% amt=3.8亿 lot=640元)
[14:21:00] BASE 600481 双良节能 门槛未过→仅观察 (amp=3.5% amt=3.8亿 lot=640元)
[14:22:00] BASE 600481 双良节能 门槛未过→仅观察 (amp=3.5% amt=3.8亿 lot=640元)
[14:23:00] BASE 600481 双良节能 门槛未过→仅观察 (amp=3.5% amt=3.8亿 lot=640元)
[14:24:00] BASE 600481 双良节能 门槛未过→仅观察 (amp=3.5% amt=3.8亿 lot=640元)
[14:25:00] BASE 600481 双良节能 门槛未过→仅观察 (amp=3.5% amt=3.8亿 lot=640元)
[14:26:00] BASE 600481 双良节能 门槛未过→仅观察 (amp=3.5% amt=3.8亿 lot=640元)
[14:27:00] BASE 600481 双良节能 门槛未过→仅观察 (amp=3.5% amt=3.8亿 lot=640元)
[14:28:00] BASE 600481 双良节能 门槛未过→仅观察 (amp=3.5% amt=3.8亿 lot=640元)
[14:29:00] BASE 600481 双良节能 门槛未过→仅观察 (amp=3.5% amt=3.8亿 lot=640元)
[14:30:00] BASE 600481 双良节能 门槛未过→仅观察 (amp=3.5% amt=3.8亿 lot=640元)
[14:31:00] BASE 600481 双良节能 门槛未过→仅观察 (amp=3.5% amt=3.8亿 lot=640元)
[14:32:00] BASE 600481 双良节能 门槛未过→仅观察 (amp=3.5% amt=3.8亿 lot=640元)
[14:33:00] BASE 600481 双良节能 门槛未过→仅观察 (amp=3.5% amt=3.8亿 lot=640元)
[14:34:00] BASE 600481 双良节能 门槛未过→仅观察 (amp=3.5% amt=3.8亿 lot=640元)
[14:35:00] BASE 600481 双良节能 门槛未过→仅观察 (amp=3.5% amt=3.8亿 lot=640元)
[14:36:00] BASE 600481 双良节能 门槛未过→仅观察 (amp=3.5% amt=3.8亿 lot=640元)
[14:37:00] BASE 600481 双良节能 门槛未过→仅观察 (amp=3.5% amt=3.8亿 lot=640元)
[14:38:00] BASE 600481 双良节能 门槛未过→仅观察 (amp=3.5% amt=3.8亿 lot=640元)
[14:39:00] BASE 600481 双良节能 门槛未过→仅观察 (amp=3.5% amt=3.8亿 lot=640元)
[14:40:00] BASE 600481 双良节能 门槛未过→仅观察 (amp=3.5% amt=3.8亿 lot=640元)
[14:41:00] BASE 600481 双良节能 门槛未过→仅观察 (amp=3.5% amt=3.8亿 lot=640元)
[14:42:00] BASE 600481 双良节能 门槛未过→仅观察 (amp=3.5% amt=3.8亿 lot=640元)
[14:43:00] BASE 600481 双良节能 门槛未过→仅观察 (amp=3.5% amt=3.8亿 lot=640元)
[14:44:00] BASE 600481 双良节能 门槛未过→仅观察 (amp=3.5% amt=3.8亿 lot=640元)
[14:45:00] BASE 600481 双良节能 门槛未过→仅观察 (amp=3.5% amt=3.8亿 lot=640元)
[14:46:00] BASE 600481 双良节能 门槛未过→仅观察 (amp=3.5% amt=3.8亿 lot=640元)
[14:47:00] BASE 600481 双良节能 门槛未过→仅观察 (amp=3.5% amt=3.8亿 lot=640元)
[14:48:00] BASE 600481 双良节能 门槛未过→仅观察 (amp=3.5% amt=3.8亿 lot=640元)
[14:49:00] BASE 600481 双良节能 门槛未过→仅观察 (amp=3.5% amt=3.8亿 lot=640元)
[14:50:00] BASE 600481 双良节能 门槛未过→仅观察 (amp=3.5% amt=3.8亿 lot=640元)
[14:51:00] BASE 600481 双良节能 门槛未过→仅观察 (amp=3.5% amt=3.8亿 lot=640元)
[14:52:00] BASE 600481 双良节能 门槛未过→仅观察 (amp=3.5% amt=3.8亿 lot=640元)
[14:52:00] SELL 000988 100@147.48 score=67 regime=uni_up
[14:53:00] BASE 600481 双良节能 门槛未过→仅观察 (amp=3.5% amt=3.8亿 lot=640元)
[14:54:00] BASE 600481 双良节能 门槛未过→仅观察 (amp=3.5% amt=3.8亿 lot=640元)
[14:55:00] BASE 600481 双良节能 门槛未过→仅观察 (amp=3.5% amt=3.8亿 lot=640元)
[14:56:00] BASE 600481 双良节能 门槛未过→仅观察 (amp=3.5% amt=3.8亿 lot=640元)
[14:57:00] BASE 600481 双良节能 门槛未过→仅观察 (amp=3.5% amt=3.8亿 lot=640元)
[15:00:00] BASE 600481 双良节能 门槛未过→仅观察 (amp=3.5% amt=3.8亿 lot=640元)
[ir] 2026-05-12 regime=range score=12.7
[09:31:00] BASE 600481 双良节能 门槛未过→仅观察 (amp=3.3% amt=3.8亿 lot=646元)
[09:31:00] BASE 603667 五洲新春 下单 300股@79.85
[BASE] 603667 底仓成交 300股@79.86
[09:31:00] BASE 000988 华工科技 下单 100股@146.47
[BASE] 000988 底仓成交 100股@146.48
[09:32:00] BASE 600481 双良节能 门槛未过→仅观察 (amp=3.3% amt=3.8亿 lot=646元)
[09:33:00] BASE 600481 双良节能 门槛未过→仅观察 (amp=3.3% amt=3.8亿 lot=646元)
[09:34:00] BASE 600481 双良节能 门槛未过→仅观察 (amp=3.3% amt=3.8亿 lot=646元)
[09:35:00] BASE 600481 双良节能 门槛未过→仅观察 (amp=3.3% amt=3.8亿 lot=646元)
[09:36:00] SELL 600176 200@36.32 score=80 regime=range
[09:36:00] BASE 600481 双良节能 门槛未过→仅观察 (amp=3.3% amt=3.8亿 lot=646元)
[09:37:00] BASE 600481 双良节能 门槛未过→仅观察 (amp=3.3% amt=3.8亿 lot=646元)
[09:38:00] BASE 600481 双良节能 门槛未过→仅观察 (amp=3.3% amt=3.8亿 lot=646元)
[09:39:00] BASE 600481 双良节能 门槛未过→仅观察 (amp=3.3% amt=3.8亿 lot=646元)
[09:40:00] BASE 600481 双良节能 门槛未过→仅观察 (amp=3.3% amt=3.8亿 lot=646元)
[09:41:00] BASE 600481 双良节能 门槛未过→仅观察 (amp=3.3% amt=3.8亿 lot=646元)
[09:42:00] BASE 600481 双良节能 门槛未过→仅观察 (amp=3.3% amt=3.8亿 lot=646元)
[09:43:00] BASE 600481 双良节能 门槛未过→仅观察 (amp=3.3% amt=3.8亿 lot=646元)
[09:44:00] BASE 600481 双良节能 门槛未过→仅观察 (amp=3.3% amt=3.8亿 lot=646元)
[09:45:00] BASE 600481 双良节能 门槛未过→仅观察 (amp=3.3% amt=3.8亿 lot=646元)
[09:46:00] BASE 600481 双良节能 门槛未过→仅观察 (amp=3.3% amt=3.8亿 lot=646元)
[09:47:00] BASE 600481 双良节能 门槛未过→仅观察 (amp=3.3% amt=3.8亿 lot=646元)
[09:48:00] BASE 600481 双良节能 门槛未过→仅观察 (amp=3.3% amt=3.8亿 lot=646元)
[09:49:00] BASE 600481 双良节能 门槛未过→仅观察 (amp=3.3% amt=3.8亿 lot=646元)
[09:50:00] BASE 600481 双良节能 门槛未过→仅观察 (amp=3.3% amt=3.8亿 lot=646元)
[09:51:00] BASE 600481 双良节能 门槛未过→仅观察 (amp=3.3% amt=3.8亿 lot=646元)
[09:52:00] BASE 600481 双良节能 门槛未过→仅观察 (amp=3.3% amt=3.8亿 lot=646元)
[09:53:00] BASE 600481 双良节能 门槛未过→仅观察 (amp=3.3% amt=3.8亿 lot=646元)
[09:54:00] BASE 600481 双良节能 门槛未过→仅观察 (amp=3.3% amt=3.8亿 lot=646元)
[09:55:00] BASE 600481 双良节能 门槛未过→仅观察 (amp=3.3% amt=3.8亿 lot=646元)
[09:56:00] BASE 600481 双良节能 门槛未过→仅观察 (amp=3.3% amt=3.8亿 lot=646元)
[09:57:00] BASE 600481 双良节能 门槛未过→仅观察 (amp=3.3% amt=3.8亿 lot=646元)
[09:58:00] BASE 600481 双良节能 门槛未过→仅观察 (amp=3.3% amt=3.8亿 lot=646元)
[09:59:00] BASE 600481 双良节能 门槛未过→仅观察 (amp=3.3% amt=3.8亿 lot=646元)
[10:00:00] BASE 600481 双良节能 门槛未过→仅观察 (amp=3.3% amt=3.8亿 lot=646元)
[10:01:00] BASE 600481 双良节能 门槛未过→仅观察 (amp=3.3% amt=3.8亿 lot=646元)
[10:02:00] BASE 600481 双良节能 门槛未过→仅观察 (amp=3.3% amt=3.8亿 lot=646元)
[10:03:00] BASE 600481 双良节能 门槛未过→仅观察 (amp=3.3% amt=3.8亿 lot=646元)
[10:04:00] BASE 600481 双良节能 门槛未过→仅观察 (amp=3.3% amt=3.8亿 lot=646元)
[10:05:00] BASE 600481 双良节能 门槛未过→仅观察 (amp=3.3% amt=3.8亿 lot=646元)
[10:06:00] BASE 600481 双良节能 门槛未过→仅观察 (amp=3.3% amt=3.8亿 lot=646元)
[10:07:00] BASE 600481 双良节能 门槛未过→仅观察 (amp=3.3% amt=3.8亿 lot=646元)
[10:08:00] BASE 600481 双良节能 门槛未过→仅观察 (amp=3.3% amt=3.8亿 lot=646元)
[10:09:00] BASE 600481 双良节能 门槛未过→仅观察 (amp=3.3% amt=3.8亿 lot=646元)
[10:10:00] BASE 600481 双良节能 门槛未过→仅观察 (amp=3.3% amt=3.8亿 lot=646元)
[10:11:00] BASE 600481 双良节能 门槛未过→仅观察 (amp=3.3% amt=3.8亿 lot=646元)
[10:12:00] BASE 600481 双良节能 门槛未过→仅观察 (amp=3.3% amt=3.8亿 lot=646元)
[10:13:00] BASE 600481 双良节能 门槛未过→仅观察 (amp=3.3% amt=3.8亿 lot=646元)
[10:14:00] BASE 600481 双良节能 门槛未过→仅观察 (amp=3.3% amt=3.8亿 lot=646元)
[10:15:00] BASE 600481 双良节能 门槛未过→仅观察 (amp=3.3% amt=3.8亿 lot=646元)
[10:16:00] BASE 600481 双良节能 门槛未过→仅观察 (amp=3.3% amt=3.8亿 lot=646元)
[10:17:00] BASE 600481 双良节能 门槛未过→仅观察 (amp=3.3% amt=3.8亿 lot=646元)
[10:18:00] BASE 600481 双良节能 门槛未过→仅观察 (amp=3.3% amt=3.8亿 lot=646元)
[10:19:00] BASE 600481 双良节能 门槛未过→仅观察 (amp=3.3% amt=3.8亿 lot=646元)
[10:20:00] BASE 600481 双良节能 门槛未过→仅观察 (amp=3.3% amt=3.8亿 lot=646元)
[10:21:00] BASE 600481 双良节能 门槛未过→仅观察 (amp=3.3% amt=3.8亿 lot=646元)
[10:22:00] BASE 600481 双良节能 门槛未过→仅观察 (amp=3.3% amt=3.8亿 lot=646元)
[10:23:00] BASE 600481 双良节能 门槛未过→仅观察 (amp=3.3% amt=3.8亿 lot=646元)
[10:24:00] BASE 600481 双良节能 门槛未过→仅观察 (amp=3.3% amt=3.8亿 lot=646元)
[10:25:00] BASE 600481 双良节能 门槛未过→仅观察 (amp=3.3% amt=3.8亿 lot=646元)
[10:26:00] BASE 600481 双良节能 门槛未过→仅观察 (amp=3.3% amt=3.8亿 lot=646元)
[10:27:00] BASE 600481 双良节能 门槛未过→仅观察 (amp=3.3% amt=3.8亿 lot=646元)
[10:28:00] BASE 600481 双良节能 门槛未过→仅观察 (amp=3.3% amt=3.8亿 lot=646元)
[10:29:00] BASE 600481 双良节能 门槛未过→仅观察 (amp=3.3% amt=3.8亿 lot=646元)
[10:30:00] BASE 600481 双良节能 门槛未过→仅观察 (amp=3.3% amt=3.8亿 lot=646元)
[10:31:00] BASE 600481 双良节能 门槛未过→仅观察 (amp=3.3% amt=3.8亿 lot=646元)
[10:32:00] BASE 600481 双良节能 门槛未过→仅观察 (amp=3.3% amt=3.8亿 lot=646元)
[10:33:00] BASE 600481 双良节能 门槛未过→仅观察 (amp=3.3% amt=3.8亿 lot=646元)
[10:34:00] BASE 600481 双良节能 门槛未过→仅观察 (amp=3.3% amt=3.8亿 lot=646元)
[10:35:00] BASE 600481 双良节能 门槛未过→仅观察 (amp=3.3% amt=3.8亿 lot=646元)
[10:36:00] BASE 600481 双良节能 门槛未过→仅观察 (amp=3.3% amt=3.8亿 lot=646元)
[10:37:00] BASE 600481 双良节能 门槛未过→仅观察 (amp=3.3% amt=3.8亿 lot=646元)
[10:38:00] BASE 600481 双良节能 门槛未过→仅观察 (amp=3.3% amt=3.8亿 lot=646元)
[10:39:00] BASE 600481 双良节能 门槛未过→仅观察 (amp=3.3% amt=3.8亿 lot=646元)
[10:40:00] BASE 600481 双良节能 门槛未过→仅观察 (amp=3.3% amt=3.8亿 lot=646元)
[10:41:00] BASE 600481 双良节能 门槛未过→仅观察 (amp=3.3% amt=3.8亿 lot=646元)
[10:42:00] BASE 600481 双良节能 门槛未过→仅观察 (amp=3.3% amt=3.8亿 lot=646元)
[10:43:00] BASE 600481 双良节能 门槛未过→仅观察 (amp=3.3% amt=3.8亿 lot=646元)
[10:44:00] BASE 600481 双良节能 门槛未过→仅观察 (amp=3.3% amt=3.8亿 lot=646元)
[10:45:00] BASE 600481 双良节能 门槛未过→仅观察 (amp=3.3% amt=3.8亿 lot=646元)
[10:46:00] BASE 600481 双良节能 门槛未过→仅观察 (amp=3.3% amt=3.8亿 lot=646元)
[10:47:00] BASE 600481 双良节能 门槛未过→仅观察 (amp=3.3% amt=3.8亿 lot=646元)
[10:48:00] BASE 600481 双良节能 门槛未过→仅观察 (amp=3.3% amt=3.8亿 lot=646元)
[10:49:00] BASE 600481 双良节能 门槛未过→仅观察 (amp=3.3% amt=3.8亿 lot=646元)
[10:50:00] BASE 600481 双良节能 门槛未过→仅观察 (amp=3.3% amt=3.8亿 lot=646元)
[10:51:00] BASE 600481 双良节能 门槛未过→仅观察 (amp=3.3% amt=3.8亿 lot=646元)
[10:52:00] BASE 600481 双良节能 门槛未过→仅观察 (amp=3.3% amt=3.8亿 lot=646元)
[10:53:00] BASE 600481 双良节能 门槛未过→仅观察 (amp=3.3% amt=3.8亿 lot=646元)
[10:54:00] BASE 600481 双良节能 门槛未过→仅观察 (amp=3.3% amt=3.8亿 lot=646元)
[10:55:00] BASE 600481 双良节能 门槛未过→仅观察 (amp=3.3% amt=3.8亿 lot=646元)
[10:56:00] BASE 600481 双良节能 门槛未过→仅观察 (amp=3.3% amt=3.8亿 lot=646元)
[10:57:00] BASE 600481 双良节能 门槛未过→仅观察 (amp=3.3% amt=3.8亿 lot=646元)
[10:58:00] BASE 600481 双良节能 门槛未过→仅观察 (amp=3.3% amt=3.8亿 lot=646元)
[10:59:00] BASE 600481 双良节能 门槛未过→仅观察 (amp=3.3% amt=3.8亿 lot=646元)
[11:00:00] BASE 600481 双良节能 门槛未过→仅观察 (amp=3.3% amt=3.8亿 lot=646元)
[11:01:00] BASE 600481 双良节能 门槛未过→仅观察 (amp=3.3% amt=3.8亿 lot=646元)
[11:02:00] BASE 600481 双良节能 门槛未过→仅观察 (amp=3.3% amt=3.8亿 lot=646元)
[11:03:00] BASE 600481 双良节能 门槛未过→仅观察 (amp=3.3% amt=3.8亿 lot=646元)
[11:04:00] BASE 600481 双良节能 门槛未过→仅观察 (amp=3.3% amt=3.8亿 lot=646元)
[11:05:00] BASE 600481 双良节能 门槛未过→仅观察 (amp=3.3% amt=3.8亿 lot=646元)
[11:06:00] BASE 600481 双良节能 门槛未过→仅观察 (amp=3.3% amt=3.8亿 lot=646元)
[11:07:00] BASE 600481 双良节能 门槛未过→仅观察 (amp=3.3% amt=3.8亿 lot=646元)
[11:08:00] BASE 600481 双良节能 门槛未过→仅观察 (amp=3.3% amt=3.8亿 lot=646元)
[11:09:00] BASE 600481 双良节能 门槛未过→仅观察 (amp=3.3% amt=3.8亿 lot=646元)
[11:10:00] BASE 600481 双良节能 门槛未过→仅观察 (amp=3.3% amt=3.8亿 lot=646元)
[11:11:00] BASE 600481 双良节能 门槛未过→仅观察 (amp=3.3% amt=3.8亿 lot=646元)
[11:12:00] BASE 600481 双良节能 门槛未过→仅观察 (amp=3.3% amt=3.8亿 lot=646元)
[11:13:00] BASE 600481 双良节能 门槛未过→仅观察 (amp=3.3% amt=3.8亿 lot=646元)
[11:14:00] BASE 600481 双良节能 门槛未过→仅观察 (amp=3.3% amt=3.8亿 lot=646元)
[11:15:00] BASE 600481 双良节能 门槛未过→仅观察 (amp=3.3% amt=3.8亿 lot=646元)
[11:16:00] BASE 600481 双良节能 门槛未过→仅观察 (amp=3.3% amt=3.8亿 lot=646元)
[11:17:00] BASE 600481 双良节能 门槛未过→仅观察 (amp=3.3% amt=3.8亿 lot=646元)
[11:18:00] BASE 600481 双良节能 门槛未过→仅观察 (amp=3.3% amt=3.8亿 lot=646元)
[11:19:00] BASE 600481 双良节能 门槛未过→仅观察 (amp=3.3% amt=3.8亿 lot=646元)
[11:20:00] BASE 600481 双良节能 门槛未过→仅观察 (amp=3.3% amt=3.8亿 lot=646元)
[11:21:00] BASE 600481 双良节能 门槛未过→仅观察 (amp=3.3% amt=3.8亿 lot=646元)
[11:22:00] BASE 600481 双良节能 门槛未过→仅观察 (amp=3.3% amt=3.8亿 lot=646元)
[11:23:00] BASE 600481 双良节能 门槛未过→仅观察 (amp=3.3% amt=3.8亿 lot=646元)
[11:24:00] BASE 600481 双良节能 门槛未过→仅观察 (amp=3.3% amt=3.8亿 lot=646元)
[11:25:00] BASE 600481 双良节能 门槛未过→仅观察 (amp=3.3% amt=3.8亿 lot=646元)
[11:26:00] BASE 600481 双良节能 门槛未过→仅观察 (amp=3.3% amt=3.8亿 lot=646元)
[11:27:00] BASE 600481 双良节能 门槛未过→仅观察 (amp=3.3% amt=3.8亿 lot=646元)
[11:28:00] BASE 600481 双良节能 门槛未过→仅观察 (amp=3.3% amt=3.8亿 lot=646元)
[11:29:00] BASE 600481 双良节能 门槛未过→仅观察 (amp=3.3% amt=3.8亿 lot=646元)
[11:30:00] BASE 600481 双良节能 门槛未过→仅观察 (amp=3.3% amt=3.8亿 lot=646元)
[13:01:00] BASE 600481 双良节能 门槛未过→仅观察 (amp=3.3% amt=3.8亿 lot=646元)
[13:02:00] BASE 600481 双良节能 门槛未过→仅观察 (amp=3.3% amt=3.8亿 lot=646元)
[13:03:00] BASE 600481 双良节能 门槛未过→仅观察 (amp=3.3% amt=3.8亿 lot=646元)
[13:04:00] BASE 600481 双良节能 门槛未过→仅观察 (amp=3.3% amt=3.8亿 lot=646元)
[13:05:00] BASE 600481 双良节能 门槛未过→仅观察 (amp=3.3% amt=3.8亿 lot=646元)
[13:06:00] BASE 600481 双良节能 门槛未过→仅观察 (amp=3.3% amt=3.8亿 lot=646元)
[13:07:00] BASE 600481 双良节能 门槛未过→仅观察 (amp=3.3% amt=3.8亿 lot=646元)
[13:08:00] BASE 600481 双良节能 门槛未过→仅观察 (amp=3.3% amt=3.8亿 lot=646元)
[13:09:00] BASE 600481 双良节能 门槛未过→仅观察 (amp=3.3% amt=3.8亿 lot=646元)
[13:10:00] BASE 600481 双良节能 门槛未过→仅观察 (amp=3.3% amt=3.8亿 lot=646元)
[13:11:00] BASE 600481 双良节能 门槛未过→仅观察 (amp=3.3% amt=3.8亿 lot=646元)
[13:12:00] BASE 600481 双良节能 门槛未过→仅观察 (amp=3.3% amt=3.8亿 lot=646元)
[13:13:00] BASE 600481 双良节能 门槛未过→仅观察 (amp=3.3% amt=3.8亿 lot=646元)
[13:14:00] BASE 600481 双良节能 门槛未过→仅观察 (amp=3.3% amt=3.8亿 lot=646元)
[13:15:00] BASE 600481 双良节能 门槛未过→仅观察 (amp=3.3% amt=3.8亿 lot=646元)
[13:16:00] BASE 600481 双良节能 门槛未过→仅观察 (amp=3.3% amt=3.8亿 lot=646元)
[13:17:00] BASE 600481 双良节能 门槛未过→仅观察 (amp=3.3% amt=3.8亿 lot=646元)
[13:18:00] BASE 600481 双良节能 门槛未过→仅观察 (amp=3.3% amt=3.8亿 lot=646元)
[13:19:00] BASE 600481 双良节能 门槛未过→仅观察 (amp=3.3% amt=3.8亿 lot=646元)
[13:20:00] BASE 600481 双良节能 门槛未过→仅观察 (amp=3.3% amt=3.8亿 lot=646元)
[13:21:00] BASE 600481 双良节能 门槛未过→仅观察 (amp=3.3% amt=3.8亿 lot=646元)
[13:22:00] BASE 600481 双良节能 门槛未过→仅观察 (amp=3.3% amt=3.8亿 lot=646元)
[13:23:00] BASE 600481 双良节能 门槛未过→仅观察 (amp=3.3% amt=3.8亿 lot=646元)
[13:24:00] BASE 600481 双良节能 门槛未过→仅观察 (amp=3.3% amt=3.8亿 lot=646元)
[13:25:00] BASE 600481 双良节能 门槛未过→仅观察 (amp=3.3% amt=3.8亿 lot=646元)
[13:26:00] BASE 600481 双良节能 门槛未过→仅观察 (amp=3.3% amt=3.8亿 lot=646元)
[13:27:00] BASE 600481 双良节能 门槛未过→仅观察 (amp=3.3% amt=3.8亿 lot=646元)
[13:28:00] BASE 600481 双良节能 门槛未过→仅观察 (amp=3.3% amt=3.8亿 lot=646元)
[13:29:00] BASE 600481 双良节能 门槛未过→仅观察 (amp=3.3% amt=3.8亿 lot=646元)
[13:30:00] BASE 600481 双良节能 门槛未过→仅观察 (amp=3.3% amt=3.8亿 lot=646元)
[13:31:00] BASE 600481 双良节能 门槛未过→仅观察 (amp=3.3% amt=3.8亿 lot=646元)
[13:32:00] BASE 600481 双良节能 门槛未过→仅观察 (amp=3.3% amt=3.8亿 lot=646元)
[13:33:00] BASE 600481 双良节能 门槛未过→仅观察 (amp=3.3% amt=3.8亿 lot=646元)
[13:34:00] BASE 600481 双良节能 门槛未过→仅观察 (amp=3.3% amt=3.8亿 lot=646元)
[13:35:00] BASE 600481 双良节能 门槛未过→仅观察 (amp=3.3% amt=3.8亿 lot=646元)
[13:36:00] BASE 600481 双良节能 门槛未过→仅观察 (amp=3.3% amt=3.8亿 lot=646元)
[13:37:00] BASE 600481 双良节能 门槛未过→仅观察 (amp=3.3% amt=3.8亿 lot=646元)
[13:38:00] BASE 600481 双良节能 门槛未过→仅观察 (amp=3.3% amt=3.8亿 lot=646元)
[13:39:00] BASE 600481 双良节能 门槛未过→仅观察 (amp=3.3% amt=3.8亿 lot=646元)
[13:40:00] BASE 600481 双良节能 门槛未过→仅观察 (amp=3.3% amt=3.8亿 lot=646元)
[13:41:00] BASE 600481 双良节能 门槛未过→仅观察 (amp=3.3% amt=3.8亿 lot=646元)
[13:42:00] BASE 600481 双良节能 门槛未过→仅观察 (amp=3.3% amt=3.8亿 lot=646元)
[13:43:00] BASE 600481 双良节能 门槛未过→仅观察 (amp=3.3% amt=3.8亿 lot=646元)
[13:44:00] BASE 600481 双良节能 门槛未过→仅观察 (amp=3.3% amt=3.8亿 lot=646元)
[13:45:00] BASE 600481 双良节能 门槛未过→仅观察 (amp=3.3% amt=3.8亿 lot=646元)
[13:46:00] BASE 600481 双良节能 门槛未过→仅观察 (amp=3.3% amt=3.8亿 lot=646元)
[13:47:00] BASE 600481 双良节能 门槛未过→仅观察 (amp=3.3% amt=3.8亿 lot=646元)
[13:48:00] BASE 600481 双良节能 门槛未过→仅观察 (amp=3.3% amt=3.8亿 lot=646元)
[13:49:00] BASE 600481 双良节能 门槛未过→仅观察 (amp=3.3% amt=3.8亿 lot=646元)
[13:50:00] BASE 600481 双良节能 门槛未过→仅观察 (amp=3.3% amt=3.8亿 lot=646元)
[13:51:00] BASE 600481 双良节能 门槛未过→仅观察 (amp=3.3% amt=3.8亿 lot=646元)
[13:52:00] BASE 600481 双良节能 门槛未过→仅观察 (amp=3.3% amt=3.8亿 lot=646元)
[13:53:00] BASE 600481 双良节能 门槛未过→仅观察 (amp=3.3% amt=3.8亿 lot=646元)
[13:54:00] BASE 600481 双良节能 门槛未过→仅观察 (amp=3.3% amt=3.8亿 lot=646元)
[13:55:00] BASE 600481 双良节能 门槛未过→仅观察 (amp=3.3% amt=3.8亿 lot=646元)
[13:56:00] BASE 600481 双良节能 门槛未过→仅观察 (amp=3.3% amt=3.8亿 lot=646元)
[13:57:00] BASE 600481 双良节能 门槛未过→仅观察 (amp=3.3% amt=3.8亿 lot=646元)
[13:58:00] BASE 600481 双良节能 门槛未过→仅观察 (amp=3.3% amt=3.8亿 lot=646元)
[13:59:00] BASE 600481 双良节能 门槛未过→仅观察 (amp=3.3% amt=3.8亿 lot=646元)
[14:00:00] BASE 600481 双良节能 门槛未过→仅观察 (amp=3.3% amt=3.8亿 lot=646元)
[14:01:00] BASE 600481 双良节能 门槛未过→仅观察 (amp=3.3% amt=3.8亿 lot=646元)
[14:02:00] BASE 600481 双良节能 门槛未过→仅观察 (amp=3.3% amt=3.8亿 lot=646元)
[14:03:00] BASE 600481 双良节能 门槛未过→仅观察 (amp=3.3% amt=3.8亿 lot=646元)
[14:04:00] BASE 600481 双良节能 门槛未过→仅观察 (amp=3.3% amt=3.8亿 lot=646元)
[14:05:00] BASE 600481 双良节能 门槛未过→仅观察 (amp=3.3% amt=3.8亿 lot=646元)
[14:06:00] BASE 600481 双良节能 门槛未过→仅观察 (amp=3.3% amt=3.8亿 lot=646元)
[14:07:00] BASE 600481 双良节能 门槛未过→仅观察 (amp=3.3% amt=3.8亿 lot=646元)
[14:08:00] BASE 600481 双良节能 门槛未过→仅观察 (amp=3.3% amt=3.8亿 lot=646元)
[14:09:00] BASE 600481 双良节能 门槛未过→仅观察 (amp=3.3% amt=3.8亿 lot=646元)
[14:10:00] BASE 600481 双良节能 门槛未过→仅观察 (amp=3.3% amt=3.8亿 lot=646元)
[14:11:00] BASE 600481 双良节能 门槛未过→仅观察 (amp=3.3% amt=3.8亿 lot=646元)
[14:12:00] BASE 600481 双良节能 门槛未过→仅观察 (amp=3.3% amt=3.8亿 lot=646元)
[14:13:00] BASE 600481 双良节能 门槛未过→仅观察 (amp=3.3% amt=3.8亿 lot=646元)
[14:14:00] BASE 600481 双良节能 门槛未过→仅观察 (amp=3.3% amt=3.8亿 lot=646元)
[14:15:00] BASE 600481 双良节能 门槛未过→仅观察 (amp=3.3% amt=3.8亿 lot=646元)
[14:16:00] BASE 600481 双良节能 门槛未过→仅观察 (amp=3.3% amt=3.8亿 lot=646元)
[14:17:00] BASE 600481 双良节能 门槛未过→仅观察 (amp=3.3% amt=3.8亿 lot=646元)
[14:18:00] BASE 600481 双良节能 门槛未过→仅观察 (amp=3.3% amt=3.8亿 lot=646元)
[14:19:00] BASE 600481 双良节能 门槛未过→仅观察 (amp=3.3% amt=3.8亿 lot=646元)
[14:20:00] BASE 600481 双良节能 门槛未过→仅观察 (amp=3.3% amt=3.8亿 lot=646元)
[14:21:00] BASE 600481 双良节能 门槛未过→仅观察 (amp=3.3% amt=3.8亿 lot=646元)
[14:22:00] BASE 600481 双良节能 门槛未过→仅观察 (amp=3.3% amt=3.8亿 lot=646元)
[14:23:00] BASE 600481 双良节能 门槛未过→仅观察 (amp=3.3% amt=3.8亿 lot=646元)
[14:24:00] BASE 600481 双良节能 门槛未过→仅观察 (amp=3.3% amt=3.8亿 lot=646元)
[14:25:00] BASE 600481 双良节能 门槛未过→仅观察 (amp=3.3% amt=3.8亿 lot=646元)
[14:26:00] BASE 600481 双良节能 门槛未过→仅观察 (amp=3.3% amt=3.8亿 lot=646元)
[14:27:00] BASE 600481 双良节能 门槛未过→仅观察 (amp=3.3% amt=3.8亿 lot=646元)
[14:28:00] BASE 600481 双良节能 门槛未过→仅观察 (amp=3.3% amt=3.8亿 lot=646元)
[14:29:00] BASE 600481 双良节能 门槛未过→仅观察 (amp=3.3% amt=3.8亿 lot=646元)
[14:30:00] BASE 600481 双良节能 门槛未过→仅观察 (amp=3.3% amt=3.8亿 lot=646元)
[14:31:00] BASE 600481 双良节能 门槛未过→仅观察 (amp=3.3% amt=3.8亿 lot=646元)
[14:32:00] BASE 600481 双良节能 门槛未过→仅观察 (amp=3.3% amt=3.8亿 lot=646元)
[14:33:00] BASE 600481 双良节能 门槛未过→仅观察 (amp=3.3% amt=3.8亿 lot=646元)
[14:34:00] BASE 600481 双良节能 门槛未过→仅观察 (amp=3.3% amt=3.8亿 lot=646元)
[14:35:00] BASE 600481 双良节能 门槛未过→仅观察 (amp=3.3% amt=3.8亿 lot=646元)
[14:36:00] BASE 600481 双良节能 门槛未过→仅观察 (amp=3.3% amt=3.8亿 lot=646元)
[14:37:00] BASE 600481 双良节能 门槛未过→仅观察 (amp=3.3% amt=3.8亿 lot=646元)
[14:38:00] BASE 600481 双良节能 门槛未过→仅观察 (amp=3.3% amt=3.8亿 lot=646元)
[14:39:00] BASE 600481 双良节能 门槛未过→仅观察 (amp=3.3% amt=3.8亿 lot=646元)
[14:40:00] BASE 600481 双良节能 门槛未过→仅观察 (amp=3.3% amt=3.8亿 lot=646元)
[14:41:00] BASE 600481 双良节能 门槛未过→仅观察 (amp=3.3% amt=3.8亿 lot=646元)
[14:42:00] BASE 600481 双良节能 门槛未过→仅观察 (amp=3.3% amt=3.8亿 lot=646元)
[14:43:00] BASE 600481 双良节能 门槛未过→仅观察 (amp=3.3% amt=3.8亿 lot=646元)
[14:44:00] BASE 600481 双良节能 门槛未过→仅观察 (amp=3.3% amt=3.8亿 lot=646元)
[14:45:00] BASE 600481 双良节能 门槛未过→仅观察 (amp=3.3% amt=3.8亿 lot=646元)
[14:46:00] BASE 600481 双良节能 门槛未过→仅观察 (amp=3.3% amt=3.8亿 lot=646元)
[14:47:00] BASE 600481 双良节能 门槛未过→仅观察 (amp=3.3% amt=3.8亿 lot=646元)
[14:48:00] BASE 600481 双良节能 门槛未过→仅观察 (amp=3.3% amt=3.8亿 lot=646元)
[14:49:00] BASE 600481 双良节能 门槛未过→仅观察 (amp=3.3% amt=3.8亿 lot=646元)
[14:50:00] BASE 600481 双良节能 门槛未过→仅观察 (amp=3.3% amt=3.8亿 lot=646元)
[14:51:00] BASE 600481 双良节能 门槛未过→仅观察 (amp=3.3% amt=3.8亿 lot=646元)
[14:52:00] BASE 600481 双良节能 门槛未过→仅观察 (amp=3.3% amt=3.8亿 lot=646元)
[14:53:00] BASE 600481 双良节能 门槛未过→仅观察 (amp=3.3% amt=3.8亿 lot=646元)
[14:54:00] BASE 600481 双良节能 门槛未过→仅观察 (amp=3.3% amt=3.8亿 lot=646元)
[14:55:00] BASE 600481 双良节能 门槛未过→仅观察 (amp=3.3% amt=3.8亿 lot=646元)
[14:56:00] BASE 600481 双良节能 门槛未过→仅观察 (amp=3.3% amt=3.8亿 lot=646元)
[14:57:00] BASE 600481 双良节能 门槛未过→仅观察 (amp=3.3% amt=3.8亿 lot=646元)
[14:58:00] BASE 600481 双良节能 门槛未过→仅观察 (amp=3.3% amt=3.8亿 lot=646元)
[15:00:00] BASE 600481 双良节能 门槛未过→仅观察 (amp=3.3% amt=3.8亿 lot=646元)
[ir] 2026-05-13 regime=range score=12.2
[09:31:00] BASE 600176 中国巨石 下单 200股@36.73
[BASE] 600176 底仓成交 200股@36.73
[09:31:00] BASE 600481 双良节能 门槛未过→仅观察 (amp=3.5% amt=4.0亿 lot=637元)
[09:32:00] BASE 600481 双良节能 门槛未过→仅观察 (amp=3.5% amt=4.0亿 lot=637元)
[09:33:00] BASE 600481 双良节能 门槛未过→仅观察 (amp=3.5% amt=4.0亿 lot=637元)
[09:34:00] BASE 600481 双良节能 门槛未过→仅观察 (amp=3.5% amt=4.0亿 lot=637元)
[09:34:00] SELL 000988 100@138.65 score=80 regime=range
[09:35:00] BASE 600481 双良节能 门槛未过→仅观察 (amp=3.5% amt=4.0亿 lot=637元)
[09:36:00] BASE 600481 双良节能 门槛未过→仅观察 (amp=3.5% amt=4.0亿 lot=637元)
[09:37:00] BASE 600481 双良节能 门槛未过→仅观察 (amp=3.5% amt=4.0亿 lot=637元)
[09:38:00] BASE 600481 双良节能 门槛未过→仅观察 (amp=3.5% amt=4.0亿 lot=637元)
[09:39:00] BASE 600481 双良节能 门槛未过→仅观察 (amp=3.5% amt=4.0亿 lot=637元)
[09:40:00] BASE 600481 双良节能 门槛未过→仅观察 (amp=3.5% amt=4.0亿 lot=637元)
[09:41:00] BASE 600481 双良节能 门槛未过→仅观察 (amp=3.5% amt=4.0亿 lot=637元)
[09:42:00] BASE 600481 双良节能 门槛未过→仅观察 (amp=3.5% amt=4.0亿 lot=637元)
[09:43:00] BASE 600481 双良节能 门槛未过→仅观察 (amp=3.5% amt=4.0亿 lot=637元)
[09:44:00] BASE 600481 双良节能 门槛未过→仅观察 (amp=3.5% amt=4.0亿 lot=637元)
[09:45:00] BASE 600481 双良节能 门槛未过→仅观察 (amp=3.5% amt=4.0亿 lot=637元)
[09:46:00] BASE 600481 双良节能 门槛未过→仅观察 (amp=3.5% amt=4.0亿 lot=637元)
[09:47:00] BASE 600481 双良节能 门槛未过→仅观察 (amp=3.5% amt=4.0亿 lot=637元)
[09:48:00] BASE 600481 双良节能 门槛未过→仅观察 (amp=3.5% amt=4.0亿 lot=637元)
[09:49:00] BASE 600481 双良节能 门槛未过→仅观察 (amp=3.5% amt=4.0亿 lot=637元)
[09:50:00] BASE 600481 双良节能 门槛未过→仅观察 (amp=3.5% amt=4.0亿 lot=637元)
[09:51:00] BASE 600481 双良节能 门槛未过→仅观察 (amp=3.5% amt=4.0亿 lot=637元)
[09:52:00] BASE 600481 双良节能 门槛未过→仅观察 (amp=3.5% amt=4.0亿 lot=637元)
[09:53:00] BASE 600481 双良节能 门槛未过→仅观察 (amp=3.5% amt=4.0亿 lot=637元)
[09:54:00] BASE 600481 双良节能 门槛未过→仅观察 (amp=3.5% amt=4.0亿 lot=637元)
[09:55:00] BASE 600481 双良节能 门槛未过→仅观察 (amp=3.5% amt=4.0亿 lot=637元)
[09:56:00] BASE 600481 双良节能 门槛未过→仅观察 (amp=3.5% amt=4.0亿 lot=637元)
[09:57:00] BASE 600481 双良节能 门槛未过→仅观察 (amp=3.5% amt=4.0亿 lot=637元)
[09:58:00] BASE 600481 双良节能 门槛未过→仅观察 (amp=3.5% amt=4.0亿 lot=637元)
[09:59:00] BASE 600481 双良节能 门槛未过→仅观察 (amp=3.5% amt=4.0亿 lot=637元)
[10:00:00] BASE 600481 双良节能 门槛未过→仅观察 (amp=3.5% amt=4.0亿 lot=637元)
[10:01:00] BASE 600481 双良节能 门槛未过→仅观察 (amp=3.5% amt=4.0亿 lot=637元)
[10:02:00] BASE 600481 双良节能 门槛未过→仅观察 (amp=3.5% amt=4.0亿 lot=637元)
[10:03:00] BASE 600481 双良节能 门槛未过→仅观察 (amp=3.5% amt=4.0亿 lot=637元)
[10:04:00] BASE 600481 双良节能 门槛未过→仅观察 (amp=3.5% amt=4.0亿 lot=637元)
[10:05:00] BASE 600481 双良节能 门槛未过→仅观察 (amp=3.5% amt=4.0亿 lot=637元)
[10:06:00] BASE 600481 双良节能 门槛未过→仅观察 (amp=3.5% amt=4.0亿 lot=637元)
[10:07:00] BASE 600481 双良节能 门槛未过→仅观察 (amp=3.5% amt=4.0亿 lot=637元)
[10:08:00] BASE 600481 双良节能 门槛未过→仅观察 (amp=3.5% amt=4.0亿 lot=637元)
[10:09:00] BASE 600481 双良节能 门槛未过→仅观察 (amp=3.5% amt=4.0亿 lot=637元)
[10:10:00] BASE 600481 双良节能 门槛未过→仅观察 (amp=3.5% amt=4.0亿 lot=637元)
[10:11:00] BASE 600481 双良节能 门槛未过→仅观察 (amp=3.5% amt=4.0亿 lot=637元)
[10:12:00] BASE 600481 双良节能 门槛未过→仅观察 (amp=3.5% amt=4.0亿 lot=637元)
[10:13:00] BASE 600481 双良节能 门槛未过→仅观察 (amp=3.5% amt=4.0亿 lot=637元)
[10:14:00] BASE 600481 双良节能 门槛未过→仅观察 (amp=3.5% amt=4.0亿 lot=637元)
[10:15:00] BASE 600481 双良节能 门槛未过→仅观察 (amp=3.5% amt=4.0亿 lot=637元)
[10:16:00] BASE 600481 双良节能 门槛未过→仅观察 (amp=3.5% amt=4.0亿 lot=637元)
[10:17:00] BASE 600481 双良节能 门槛未过→仅观察 (amp=3.5% amt=4.0亿 lot=637元)
[10:18:00] BASE 600481 双良节能 门槛未过→仅观察 (amp=3.5% amt=4.0亿 lot=637元)
[10:19:00] BASE 600481 双良节能 门槛未过→仅观察 (amp=3.5% amt=4.0亿 lot=637元)
[10:20:00] BASE 600481 双良节能 门槛未过→仅观察 (amp=3.5% amt=4.0亿 lot=637元)
[10:21:00] BASE 600481 双良节能 门槛未过→仅观察 (amp=3.5% amt=4.0亿 lot=637元)
[10:22:00] BASE 600481 双良节能 门槛未过→仅观察 (amp=3.5% amt=4.0亿 lot=637元)
[10:23:00] BASE 600481 双良节能 门槛未过→仅观察 (amp=3.5% amt=4.0亿 lot=637元)
[10:24:00] BASE 600481 双良节能 门槛未过→仅观察 (amp=3.5% amt=4.0亿 lot=637元)
[10:25:00] BASE 600481 双良节能 门槛未过→仅观察 (amp=3.5% amt=4.0亿 lot=637元)
[10:26:00] BASE 600481 双良节能 门槛未过→仅观察 (amp=3.5% amt=4.0亿 lot=637元)
[10:27:00] BASE 600481 双良节能 门槛未过→仅观察 (amp=3.5% amt=4.0亿 lot=637元)
[10:28:00] BASE 600481 双良节能 门槛未过→仅观察 (amp=3.5% amt=4.0亿 lot=637元)
[10:29:00] BASE 600481 双良节能 门槛未过→仅观察 (amp=3.5% amt=4.0亿 lot=637元)
[10:30:00] BASE 600481 双良节能 门槛未过→仅观察 (amp=3.5% amt=4.0亿 lot=637元)
[10:31:00] BASE 600481 双良节能 门槛未过→仅观察 (amp=3.5% amt=4.0亿 lot=637元)
[10:32:00] BASE 600481 双良节能 门槛未过→仅观察 (amp=3.5% amt=4.0亿 lot=637元)
[10:33:00] BASE 600481 双良节能 门槛未过→仅观察 (amp=3.5% amt=4.0亿 lot=637元)
[10:34:00] BASE 600481 双良节能 门槛未过→仅观察 (amp=3.5% amt=4.0亿 lot=637元)
[10:35:00] BASE 600481 双良节能 门槛未过→仅观察 (amp=3.5% amt=4.0亿 lot=637元)
[10:36:00] BASE 600481 双良节能 门槛未过→仅观察 (amp=3.5% amt=4.0亿 lot=637元)
[10:37:00] BASE 600481 双良节能 门槛未过→仅观察 (amp=3.5% amt=4.0亿 lot=637元)
[10:38:00] BASE 600481 双良节能 门槛未过→仅观察 (amp=3.5% amt=4.0亿 lot=637元)
[10:39:00] BASE 600481 双良节能 门槛未过→仅观察 (amp=3.5% amt=4.0亿 lot=637元)
[10:40:00] BASE 600481 双良节能 门槛未过→仅观察 (amp=3.5% amt=4.0亿 lot=637元)
[10:41:00] BASE 600481 双良节能 门槛未过→仅观察 (amp=3.5% amt=4.0亿 lot=637元)
[10:42:00] BASE 600481 双良节能 门槛未过→仅观察 (amp=3.5% amt=4.0亿 lot=637元)
[10:43:00] BASE 600481 双良节能 门槛未过→仅观察 (amp=3.5% amt=4.0亿 lot=637元)
[10:44:00] BASE 600481 双良节能 门槛未过→仅观察 (amp=3.5% amt=4.0亿 lot=637元)
[10:45:00] BASE 600481 双良节能 门槛未过→仅观察 (amp=3.5% amt=4.0亿 lot=637元)
[10:46:00] BASE 600481 双良节能 门槛未过→仅观察 (amp=3.5% amt=4.0亿 lot=637元)
[10:47:00] BASE 600481 双良节能 门槛未过→仅观察 (amp=3.5% amt=4.0亿 lot=637元)
[10:48:00] BASE 600481 双良节能 门槛未过→仅观察 (amp=3.5% amt=4.0亿 lot=637元)
[10:49:00] BASE 600481 双良节能 门槛未过→仅观察 (amp=3.5% amt=4.0亿 lot=637元)
[10:50:00] BASE 600481 双良节能 门槛未过→仅观察 (amp=3.5% amt=4.0亿 lot=637元)
[10:51:00] BASE 600481 双良节能 门槛未过→仅观察 (amp=3.5% amt=4.0亿 lot=637元)
[10:52:00] BASE 600481 双良节能 门槛未过→仅观察 (amp=3.5% amt=4.0亿 lot=637元)
[10:53:00] BASE 600481 双良节能 门槛未过→仅观察 (amp=3.5% amt=4.0亿 lot=637元)
[10:54:00] BASE 600481 双良节能 门槛未过→仅观察 (amp=3.5% amt=4.0亿 lot=637元)
[10:55:00] BASE 600481 双良节能 门槛未过→仅观察 (amp=3.5% amt=4.0亿 lot=637元)
[10:56:00] BASE 600481 双良节能 门槛未过→仅观察 (amp=3.5% amt=4.0亿 lot=637元)
[10:57:00] BASE 600481 双良节能 门槛未过→仅观察 (amp=3.5% amt=4.0亿 lot=637元)
[10:58:00] BASE 600481 双良节能 门槛未过→仅观察 (amp=3.5% amt=4.0亿 lot=637元)
[10:59:00] BASE 600481 双良节能 门槛未过→仅观察 (amp=3.5% amt=4.0亿 lot=637元)
[11:00:00] BASE 600481 双良节能 门槛未过→仅观察 (amp=3.5% amt=4.0亿 lot=637元)
[11:01:00] BASE 600481 双良节能 门槛未过→仅观察 (amp=3.5% amt=4.0亿 lot=637元)
[11:02:00] BASE 600481 双良节能 门槛未过→仅观察 (amp=3.5% amt=4.0亿 lot=637元)
[11:03:00] BASE 600481 双良节能 门槛未过→仅观察 (amp=3.5% amt=4.0亿 lot=637元)
[11:04:00] BASE 600481 双良节能 门槛未过→仅观察 (amp=3.5% amt=4.0亿 lot=637元)
[11:05:00] BASE 600481 双良节能 门槛未过→仅观察 (amp=3.5% amt=4.0亿 lot=637元)
[11:06:00] BASE 600481 双良节能 门槛未过→仅观察 (amp=3.5% amt=4.0亿 lot=637元)
[11:07:00] BASE 600481 双良节能 门槛未过→仅观察 (amp=3.5% amt=4.0亿 lot=637元)
[11:08:00] BASE 600481 双良节能 门槛未过→仅观察 (amp=3.5% amt=4.0亿 lot=637元)
[11:09:00] BASE 600481 双良节能 门槛未过→仅观察 (amp=3.5% amt=4.0亿 lot=637元)
[11:10:00] BASE 600481 双良节能 门槛未过→仅观察 (amp=3.5% amt=4.0亿 lot=637元)
[11:11:00] BASE 600481 双良节能 门槛未过→仅观察 (amp=3.5% amt=4.0亿 lot=637元)
[11:12:00] BASE 600481 双良节能 门槛未过→仅观察 (amp=3.5% amt=4.0亿 lot=637元)
[11:13:00] BASE 600481 双良节能 门槛未过→仅观察 (amp=3.5% amt=4.0亿 lot=637元)
[11:14:00] BASE 600481 双良节能 门槛未过→仅观察 (amp=3.5% amt=4.0亿 lot=637元)
[11:15:00] BASE 600481 双良节能 门槛未过→仅观察 (amp=3.5% amt=4.0亿 lot=637元)
[11:16:00] BASE 600481 双良节能 门槛未过→仅观察 (amp=3.5% amt=4.0亿 lot=637元)
[11:17:00] BASE 600481 双良节能 门槛未过→仅观察 (amp=3.5% amt=4.0亿 lot=637元)
[11:18:00] BASE 600481 双良节能 门槛未过→仅观察 (amp=3.5% amt=4.0亿 lot=637元)
[11:19:00] BASE 600481 双良节能 门槛未过→仅观察 (amp=3.5% amt=4.0亿 lot=637元)
[11:20:00] BASE 600481 双良节能 门槛未过→仅观察 (amp=3.5% amt=4.0亿 lot=637元)
[11:21:00] BASE 600481 双良节能 门槛未过→仅观察 (amp=3.5% amt=4.0亿 lot=637元)
[11:22:00] BASE 600481 双良节能 门槛未过→仅观察 (amp=3.5% amt=4.0亿 lot=637元)
[11:23:00] BASE 600481 双良节能 门槛未过→仅观察 (amp=3.5% amt=4.0亿 lot=637元)
[11:24:00] BASE 600481 双良节能 门槛未过→仅观察 (amp=3.5% amt=4.0亿 lot=637元)
[11:25:00] BASE 600481 双良节能 门槛未过→仅观察 (amp=3.5% amt=4.0亿 lot=637元)
[11:26:00] BASE 600481 双良节能 门槛未过→仅观察 (amp=3.5% amt=4.0亿 lot=637元)
[11:27:00] BASE 600481 双良节能 门槛未过→仅观察 (amp=3.5% amt=4.0亿 lot=637元)
[11:28:00] BASE 600481 双良节能 门槛未过→仅观察 (amp=3.5% amt=4.0亿 lot=637元)
[11:29:00] BASE 600481 双良节能 门槛未过→仅观察 (amp=3.5% amt=4.0亿 lot=637元)
[11:30:00] BASE 600481 双良节能 门槛未过→仅观察 (amp=3.5% amt=4.0亿 lot=637元)
[13:01:00] BASE 600481 双良节能 门槛未过→仅观察 (amp=3.5% amt=4.0亿 lot=637元)
[13:02:00] BASE 600481 双良节能 门槛未过→仅观察 (amp=3.5% amt=4.0亿 lot=637元)
[13:03:00] BASE 600481 双良节能 门槛未过→仅观察 (amp=3.5% amt=4.0亿 lot=637元)
[13:04:00] BASE 600481 双良节能 门槛未过→仅观察 (amp=3.5% amt=4.0亿 lot=637元)
[13:05:00] BASE 600481 双良节能 门槛未过→仅观察 (amp=3.5% amt=4.0亿 lot=637元)
[13:06:00] BASE 600481 双良节能 门槛未过→仅观察 (amp=3.5% amt=4.0亿 lot=637元)
[13:07:00] BASE 600481 双良节能 门槛未过→仅观察 (amp=3.5% amt=4.0亿 lot=637元)
[13:08:00] BASE 600481 双良节能 门槛未过→仅观察 (amp=3.5% amt=4.0亿 lot=637元)
[13:09:00] BASE 600481 双良节能 门槛未过→仅观察 (amp=3.5% amt=4.0亿 lot=637元)
[13:10:00] BASE 600481 双良节能 门槛未过→仅观察 (amp=3.5% amt=4.0亿 lot=637元)
[13:11:00] BASE 600481 双良节能 门槛未过→仅观察 (amp=3.5% amt=4.0亿 lot=637元)
[13:12:00] BASE 600481 双良节能 门槛未过→仅观察 (amp=3.5% amt=4.0亿 lot=637元)
[13:13:00] BASE 600481 双良节能 门槛未过→仅观察 (amp=3.5% amt=4.0亿 lot=637元)
[13:14:00] BASE 600481 双良节能 门槛未过→仅观察 (amp=3.5% amt=4.0亿 lot=637元)
[13:15:00] BASE 600481 双良节能 门槛未过→仅观察 (amp=3.5% amt=4.0亿 lot=637元)
[13:16:00] BASE 600481 双良节能 门槛未过→仅观察 (amp=3.5% amt=4.0亿 lot=637元)
[13:17:00] BASE 600481 双良节能 门槛未过→仅观察 (amp=3.5% amt=4.0亿 lot=637元)
[13:18:00] BASE 600481 双良节能 门槛未过→仅观察 (amp=3.5% amt=4.0亿 lot=637元)
[13:19:00] BASE 600481 双良节能 门槛未过→仅观察 (amp=3.5% amt=4.0亿 lot=637元)
[13:20:00] BASE 600481 双良节能 门槛未过→仅观察 (amp=3.5% amt=4.0亿 lot=637元)
[13:21:00] BASE 600481 双良节能 门槛未过→仅观察 (amp=3.5% amt=4.0亿 lot=637元)
[13:22:00] BASE 600481 双良节能 门槛未过→仅观察 (amp=3.5% amt=4.0亿 lot=637元)
[13:23:00] BASE 600481 双良节能 门槛未过→仅观察 (amp=3.5% amt=4.0亿 lot=637元)
[13:24:00] BASE 600481 双良节能 门槛未过→仅观察 (amp=3.5% amt=4.0亿 lot=637元)
[13:25:00] BASE 600481 双良节能 门槛未过→仅观察 (amp=3.5% amt=4.0亿 lot=637元)
[13:26:00] BASE 600481 双良节能 门槛未过→仅观察 (amp=3.5% amt=4.0亿 lot=637元)
[13:27:00] BASE 600481 双良节能 门槛未过→仅观察 (amp=3.5% amt=4.0亿 lot=637元)
[13:28:00] BASE 600481 双良节能 门槛未过→仅观察 (amp=3.5% amt=4.0亿 lot=637元)
[13:29:00] BASE 600481 双良节能 门槛未过→仅观察 (amp=3.5% amt=4.0亿 lot=637元)
[13:30:00] BASE 600481 双良节能 门槛未过→仅观察 (amp=3.5% amt=4.0亿 lot=637元)
[13:31:00] BASE 600481 双良节能 门槛未过→仅观察 (amp=3.5% amt=4.0亿 lot=637元)
[13:32:00] BASE 600481 双良节能 门槛未过→仅观察 (amp=3.5% amt=4.0亿 lot=637元)
[13:33:00] BASE 600481 双良节能 门槛未过→仅观察 (amp=3.5% amt=4.0亿 lot=637元)
[13:34:00] BASE 600481 双良节能 门槛未过→仅观察 (amp=3.5% amt=4.0亿 lot=637元)
[13:35:00] BASE 600481 双良节能 门槛未过→仅观察 (amp=3.5% amt=4.0亿 lot=637元)
[13:36:00] BASE 600481 双良节能 门槛未过→仅观察 (amp=3.5% amt=4.0亿 lot=637元)
[13:37:00] BASE 600481 双良节能 门槛未过→仅观察 (amp=3.5% amt=4.0亿 lot=637元)
[13:38:00] BASE 600481 双良节能 门槛未过→仅观察 (amp=3.5% amt=4.0亿 lot=637元)
[13:39:00] BASE 600481 双良节能 门槛未过→仅观察 (amp=3.5% amt=4.0亿 lot=637元)
[13:40:00] BASE 600481 双良节能 门槛未过→仅观察 (amp=3.5% amt=4.0亿 lot=637元)
[13:41:00] BASE 600481 双良节能 门槛未过→仅观察 (amp=3.5% amt=4.0亿 lot=637元)
[13:42:00] BASE 600481 双良节能 门槛未过→仅观察 (amp=3.5% amt=4.0亿 lot=637元)
[13:43:00] BASE 600481 双良节能 门槛未过→仅观察 (amp=3.5% amt=4.0亿 lot=637元)
[13:44:00] BASE 600481 双良节能 门槛未过→仅观察 (amp=3.5% amt=4.0亿 lot=637元)
[13:45:00] BASE 600481 双良节能 门槛未过→仅观察 (amp=3.5% amt=4.0亿 lot=637元)
[13:46:00] BASE 600481 双良节能 门槛未过→仅观察 (amp=3.5% amt=4.0亿 lot=637元)
[13:47:00] BASE 600481 双良节能 门槛未过→仅观察 (amp=3.5% amt=4.0亿 lot=637元)
[13:48:00] BASE 600481 双良节能 门槛未过→仅观察 (amp=3.5% amt=4.0亿 lot=637元)
[13:49:00] BASE 600481 双良节能 门槛未过→仅观察 (amp=3.5% amt=4.0亿 lot=637元)
[13:50:00] BASE 600481 双良节能 门槛未过→仅观察 (amp=3.5% amt=4.0亿 lot=637元)
[13:51:00] BASE 600481 双良节能 门槛未过→仅观察 (amp=3.5% amt=4.0亿 lot=637元)
[13:52:00] BASE 600481 双良节能 门槛未过→仅观察 (amp=3.5% amt=4.0亿 lot=637元)
[13:53:00] BASE 600481 双良节能 门槛未过→仅观察 (amp=3.5% amt=4.0亿 lot=637元)
[13:54:00] BASE 600481 双良节能 门槛未过→仅观察 (amp=3.5% amt=4.0亿 lot=637元)
[13:55:00] BASE 600481 双良节能 门槛未过→仅观察 (amp=3.5% amt=4.0亿 lot=637元)
[13:56:00] BASE 600481 双良节能 门槛未过→仅观察 (amp=3.5% amt=4.0亿 lot=637元)
[13:57:00] BASE 600481 双良节能 门槛未过→仅观察 (amp=3.5% amt=4.0亿 lot=637元)
[13:58:00] BASE 600481 双良节能 门槛未过→仅观察 (amp=3.5% amt=4.0亿 lot=637元)
[13:59:00] BASE 600481 双良节能 门槛未过→仅观察 (amp=3.5% amt=4.0亿 lot=637元)
[14:00:00] BASE 600481 双良节能 门槛未过→仅观察 (amp=3.5% amt=4.0亿 lot=637元)
[14:01:00] BASE 600481 双良节能 门槛未过→仅观察 (amp=3.5% amt=4.0亿 lot=637元)
[14:02:00] BASE 600481 双良节能 门槛未过→仅观察 (amp=3.5% amt=4.0亿 lot=637元)
[14:03:00] BASE 600481 双良节能 门槛未过→仅观察 (amp=3.5% amt=4.0亿 lot=637元)
[14:04:00] BASE 600481 双良节能 门槛未过→仅观察 (amp=3.5% amt=4.0亿 lot=637元)
[14:05:00] BASE 600481 双良节能 门槛未过→仅观察 (amp=3.5% amt=4.0亿 lot=637元)
[14:06:00] BASE 600481 双良节能 门槛未过→仅观察 (amp=3.5% amt=4.0亿 lot=637元)
[14:07:00] BASE 600481 双良节能 门槛未过→仅观察 (amp=3.5% amt=4.0亿 lot=637元)
[14:08:00] BASE 600481 双良节能 门槛未过→仅观察 (amp=3.5% amt=4.0亿 lot=637元)
[14:09:00] BASE 600481 双良节能 门槛未过→仅观察 (amp=3.5% amt=4.0亿 lot=637元)
[14:10:00] BASE 600481 双良节能 门槛未过→仅观察 (amp=3.5% amt=4.0亿 lot=637元)
[14:11:00] BASE 600481 双良节能 门槛未过→仅观察 (amp=3.5% amt=4.0亿 lot=637元)
[14:12:00] BASE 600481 双良节能 门槛未过→仅观察 (amp=3.5% amt=4.0亿 lot=637元)
[14:13:00] BASE 600481 双良节能 门槛未过→仅观察 (amp=3.5% amt=4.0亿 lot=637元)
[14:14:00] BASE 600481 双良节能 门槛未过→仅观察 (amp=3.5% amt=4.0亿 lot=637元)
[14:15:00] BASE 600481 双良节能 门槛未过→仅观察 (amp=3.5% amt=4.0亿 lot=637元)
[14:16:00] BASE 600481 双良节能 门槛未过→仅观察 (amp=3.5% amt=4.0亿 lot=637元)
[14:17:00] BASE 600481 双良节能 门槛未过→仅观察 (amp=3.5% amt=4.0亿 lot=637元)
[14:18:00] BASE 600481 双良节能 门槛未过→仅观察 (amp=3.5% amt=4.0亿 lot=637元)
[14:19:00] BASE 600481 双良节能 门槛未过→仅观察 (amp=3.5% amt=4.0亿 lot=637元)
[14:20:00] BASE 600481 双良节能 门槛未过→仅观察 (amp=3.5% amt=4.0亿 lot=637元)
[14:21:00] BASE 600481 双良节能 门槛未过→仅观察 (amp=3.5% amt=4.0亿 lot=637元)
[14:22:00] BASE 600481 双良节能 门槛未过→仅观察 (amp=3.5% amt=4.0亿 lot=637元)
[14:23:00] BASE 600481 双良节能 门槛未过→仅观察 (amp=3.5% amt=4.0亿 lot=637元)
[14:24:00] BASE 600481 双良节能 门槛未过→仅观察 (amp=3.5% amt=4.0亿 lot=637元)
[14:25:00] BASE 600481 双良节能 门槛未过→仅观察 (amp=3.5% amt=4.0亿 lot=637元)
[14:26:00] BASE 600481 双良节能 门槛未过→仅观察 (amp=3.5% amt=4.0亿 lot=637元)
[14:27:00] BASE 600481 双良节能 门槛未过→仅观察 (amp=3.5% amt=4.0亿 lot=637元)
[14:28:00] BASE 600481 双良节能 门槛未过→仅观察 (amp=3.5% amt=4.0亿 lot=637元)
[14:29:00] BASE 600481 双良节能 门槛未过→仅观察 (amp=3.5% amt=4.0亿 lot=637元)
[14:30:00] BASE 600481 双良节能 门槛未过→仅观察 (amp=3.5% amt=4.0亿 lot=637元)
[14:31:00] BASE 600481 双良节能 门槛未过→仅观察 (amp=3.5% amt=4.0亿 lot=637元)
[14:32:00] BASE 600481 双良节能 门槛未过→仅观察 (amp=3.5% amt=4.0亿 lot=637元)
[14:33:00] BASE 600481 双良节能 门槛未过→仅观察 (amp=3.5% amt=4.0亿 lot=637元)
[14:34:00] BASE 600481 双良节能 门槛未过→仅观察 (amp=3.5% amt=4.0亿 lot=637元)
[14:35:00] BASE 600481 双良节能 门槛未过→仅观察 (amp=3.5% amt=4.0亿 lot=637元)
[14:36:00] BASE 600481 双良节能 门槛未过→仅观察 (amp=3.5% amt=4.0亿 lot=637元)
[14:37:00] BASE 600481 双良节能 门槛未过→仅观察 (amp=3.5% amt=4.0亿 lot=637元)
[14:38:00] BASE 600481 双良节能 门槛未过→仅观察 (amp=3.5% amt=4.0亿 lot=637元)
[14:39:00] BASE 600481 双良节能 门槛未过→仅观察 (amp=3.5% amt=4.0亿 lot=637元)
[14:40:00] BASE 600481 双良节能 门槛未过→仅观察 (amp=3.5% amt=4.0亿 lot=637元)
[14:41:00] BASE 600481 双良节能 门槛未过→仅观察 (amp=3.5% amt=4.0亿 lot=637元)
[14:42:00] BASE 600481 双良节能 门槛未过→仅观察 (amp=3.5% amt=4.0亿 lot=637元)
[14:43:00] BASE 600481 双良节能 门槛未过→仅观察 (amp=3.5% amt=4.0亿 lot=637元)
[14:44:00] BASE 600481 双良节能 门槛未过→仅观察 (amp=3.5% amt=4.0亿 lot=637元)
[14:45:00] BASE 600481 双良节能 门槛未过→仅观察 (amp=3.5% amt=4.0亿 lot=637元)
[14:46:00] BASE 600481 双良节能 门槛未过→仅观察 (amp=3.5% amt=4.0亿 lot=637元)
[14:47:00] BASE 600481 双良节能 门槛未过→仅观察 (amp=3.5% amt=4.0亿 lot=637元)
[14:48:00] BASE 600481 双良节能 门槛未过→仅观察 (amp=3.5% amt=4.0亿 lot=637元)
[14:49:00] BASE 600481 双良节能 门槛未过→仅观察 (amp=3.5% amt=4.0亿 lot=637元)
[14:50:00] BASE 600481 双良节能 门槛未过→仅观察 (amp=3.5% amt=4.0亿 lot=637元)
[14:51:00] BASE 600481 双良节能 门槛未过→仅观察 (amp=3.5% amt=4.0亿 lot=637元)
[14:52:00] BASE 600481 双良节能 门槛未过→仅观察 (amp=3.5% amt=4.0亿 lot=637元)
[14:53:00] BASE 600481 双良节能 门槛未过→仅观察 (amp=3.5% amt=4.0亿 lot=637元)
[14:54:00] BASE 600481 双良节能 门槛未过→仅观察 (amp=3.5% amt=4.0亿 lot=637元)
[14:55:00] BASE 600481 双良节能 门槛未过→仅观察 (amp=3.5% amt=4.0亿 lot=637元)
[14:56:00] BASE 600481 双良节能 门槛未过→仅观察 (amp=3.5% amt=4.0亿 lot=637元)
[14:57:00] BASE 600481 双良节能 门槛未过→仅观察 (amp=3.5% amt=4.0亿 lot=637元)
[14:58:00] BASE 600481 双良节能 门槛未过→仅观察 (amp=3.5% amt=4.0亿 lot=637元)
[15:00:00] BASE 600481 双良节能 门槛未过→仅观察 (amp=3.5% amt=4.0亿 lot=637元)
[ir] 2026-05-14 regime=uni_down score=11.7
[14:46:00] SELL 603667 300@78.95 score=80 regime=uni_down
[ir] 2026-05-15 regime=uni_down score=11.7
[10:37:00] SELL 603667 100@83.95 score=65 regime=uni_down
[10:56:00] SELL 000988 100@137.54 score=67 regime=uni_down
[ir] 2026-05-18 regime=range score=11.7
[09:31:00] BASE 600481 双良节能 门槛未过→仅观察 (amp=3.8% amt=5.8亿 lot=676元)
[09:31:00] BASE 603667 五洲新春 下单 400股@80.95
[BASE] 603667 底仓成交 400股@80.96
[09:31:00] BASE 000988 华工科技 下单 200股@139.62
[BASE] 000988 底仓成交 200股@139.63
[09:32:00] BASE 600481 双良节能 门槛未过→仅观察 (amp=3.8% amt=5.8亿 lot=676元)
[09:33:00] BASE 600481 双良节能 门槛未过→仅观察 (amp=3.8% amt=5.8亿 lot=676元)
[09:34:00] BASE 600481 双良节能 门槛未过→仅观察 (amp=3.8% amt=5.8亿 lot=676元)
[09:35:00] BASE 600481 双良节能 门槛未过→仅观察 (amp=3.8% amt=5.8亿 lot=676元)
[09:36:00] BASE 600481 双良节能 门槛未过→仅观察 (amp=3.8% amt=5.8亿 lot=676元)
[09:37:00] BASE 600481 双良节能 门槛未过→仅观察 (amp=3.8% amt=5.8亿 lot=676元)
[09:38:00] BASE 600481 双良节能 门槛未过→仅观察 (amp=3.8% amt=5.8亿 lot=676元)
[09:39:00] BASE 600481 双良节能 门槛未过→仅观察 (amp=3.8% amt=5.8亿 lot=676元)
[09:39:00] SELL 000988 100@144.65 score=70 regime=range
[09:40:00] BASE 600481 双良节能 门槛未过→仅观察 (amp=3.8% amt=5.8亿 lot=676元)
[09:41:00] BASE 600481 双良节能 门槛未过→仅观察 (amp=3.8% amt=5.8亿 lot=676元)
[09:42:00] BASE 600481 双良节能 门槛未过→仅观察 (amp=3.8% amt=5.8亿 lot=676元)
[09:43:00] BASE 600481 双良节能 门槛未过→仅观察 (amp=3.8% amt=5.8亿 lot=676元)
[09:44:00] BASE 600481 双良节能 门槛未过→仅观察 (amp=3.8% amt=5.8亿 lot=676元)
[09:45:00] BASE 600481 双良节能 门槛未过→仅观察 (amp=3.8% amt=5.8亿 lot=676元)
[09:46:00] BASE 600481 双良节能 门槛未过→仅观察 (amp=3.8% amt=5.8亿 lot=676元)
[09:47:00] BASE 600481 双良节能 门槛未过→仅观察 (amp=3.8% amt=5.8亿 lot=676元)
[09:48:00] BASE 600481 双良节能 门槛未过→仅观察 (amp=3.8% amt=5.8亿 lot=676元)
[09:49:00] BASE 600481 双良节能 门槛未过→仅观察 (amp=3.8% amt=5.8亿 lot=676元)
[09:50:00] BASE 600481 双良节能 门槛未过→仅观察 (amp=3.8% amt=5.8亿 lot=676元)
[09:51:00] BASE 600481 双良节能 门槛未过→仅观察 (amp=3.8% amt=5.8亿 lot=676元)
[09:52:00] BASE 600481 双良节能 门槛未过→仅观察 (amp=3.8% amt=5.8亿 lot=676元)
[09:53:00] BASE 600481 双良节能 门槛未过→仅观察 (amp=3.8% amt=5.8亿 lot=676元)
[09:54:00] BASE 600481 双良节能 门槛未过→仅观察 (amp=3.8% amt=5.8亿 lot=676元)
[09:55:00] BASE 600481 双良节能 门槛未过→仅观察 (amp=3.8% amt=5.8亿 lot=676元)
[09:56:00] BASE 600481 双良节能 门槛未过→仅观察 (amp=3.8% amt=5.8亿 lot=676元)
[09:57:00] BASE 600481 双良节能 门槛未过→仅观察 (amp=3.8% amt=5.8亿 lot=676元)
[09:58:00] BASE 600481 双良节能 门槛未过→仅观察 (amp=3.8% amt=5.8亿 lot=676元)
[09:59:00] BASE 600481 双良节能 门槛未过→仅观察 (amp=3.8% amt=5.8亿 lot=676元)
[10:00:00] BASE 600481 双良节能 门槛未过→仅观察 (amp=3.8% amt=5.8亿 lot=676元)
[10:01:00] BASE 600481 双良节能 门槛未过→仅观察 (amp=3.8% amt=5.8亿 lot=676元)
[10:02:00] BASE 600481 双良节能 门槛未过→仅观察 (amp=3.8% amt=5.8亿 lot=676元)
[10:03:00] BASE 600481 双良节能 门槛未过→仅观察 (amp=3.8% amt=5.8亿 lot=676元)
[10:04:00] BASE 600481 双良节能 门槛未过→仅观察 (amp=3.8% amt=5.8亿 lot=676元)
[10:05:00] BASE 600481 双良节能 门槛未过→仅观察 (amp=3.8% amt=5.8亿 lot=676元)
[10:06:00] BASE 600481 双良节能 门槛未过→仅观察 (amp=3.8% amt=5.8亿 lot=676元)
[10:07:00] BASE 600481 双良节能 门槛未过→仅观察 (amp=3.8% amt=5.8亿 lot=676元)
[10:08:00] BASE 600481 双良节能 门槛未过→仅观察 (amp=3.8% amt=5.8亿 lot=676元)
[10:09:00] BASE 600481 双良节能 门槛未过→仅观察 (amp=3.8% amt=5.8亿 lot=676元)
[10:10:00] BASE 600481 双良节能 门槛未过→仅观察 (amp=3.8% amt=5.8亿 lot=676元)
[10:11:00] BASE 600481 双良节能 门槛未过→仅观察 (amp=3.8% amt=5.8亿 lot=676元)
[10:12:00] BASE 600481 双良节能 门槛未过→仅观察 (amp=3.8% amt=5.8亿 lot=676元)
[10:13:00] BASE 600481 双良节能 门槛未过→仅观察 (amp=3.8% amt=5.8亿 lot=676元)
[10:14:00] BASE 600481 双良节能 门槛未过→仅观察 (amp=3.8% amt=5.8亿 lot=676元)
[10:15:00] BASE 600481 双良节能 门槛未过→仅观察 (amp=3.8% amt=5.8亿 lot=676元)
[10:16:00] BASE 600481 双良节能 门槛未过→仅观察 (amp=3.8% amt=5.8亿 lot=676元)
[10:17:00] BASE 600481 双良节能 门槛未过→仅观察 (amp=3.8% amt=5.8亿 lot=676元)
[10:18:00] BASE 600481 双良节能 门槛未过→仅观察 (amp=3.8% amt=5.8亿 lot=676元)
[10:19:00] BASE 600481 双良节能 门槛未过→仅观察 (amp=3.8% amt=5.8亿 lot=676元)
[10:20:00] BASE 600481 双良节能 门槛未过→仅观察 (amp=3.8% amt=5.8亿 lot=676元)
[10:21:00] BASE 600481 双良节能 门槛未过→仅观察 (amp=3.8% amt=5.8亿 lot=676元)
[10:22:00] BASE 600481 双良节能 门槛未过→仅观察 (amp=3.8% amt=5.8亿 lot=676元)
[10:23:00] BASE 600481 双良节能 门槛未过→仅观察 (amp=3.8% amt=5.8亿 lot=676元)
[10:24:00] BASE 600481 双良节能 门槛未过→仅观察 (amp=3.8% amt=5.8亿 lot=676元)
[10:25:00] BASE 600481 双良节能 门槛未过→仅观察 (amp=3.8% amt=5.8亿 lot=676元)
[10:26:00] BASE 600481 双良节能 门槛未过→仅观察 (amp=3.8% amt=5.8亿 lot=676元)
[10:27:00] BASE 600481 双良节能 门槛未过→仅观察 (amp=3.8% amt=5.8亿 lot=676元)
[10:28:00] BASE 600481 双良节能 门槛未过→仅观察 (amp=3.8% amt=5.8亿 lot=676元)
[10:29:00] BASE 600481 双良节能 门槛未过→仅观察 (amp=3.8% amt=5.8亿 lot=676元)
[10:30:00] BASE 600481 双良节能 门槛未过→仅观察 (amp=3.8% amt=5.8亿 lot=676元)
[10:31:00] BASE 600481 双良节能 门槛未过→仅观察 (amp=3.8% amt=5.8亿 lot=676元)
[10:32:00] BASE 600481 双良节能 门槛未过→仅观察 (amp=3.8% amt=5.8亿 lot=676元)
[10:33:00] BASE 600481 双良节能 门槛未过→仅观察 (amp=3.8% amt=5.8亿 lot=676元)
[10:34:00] BASE 600481 双良节能 门槛未过→仅观察 (amp=3.8% amt=5.8亿 lot=676元)
[10:35:00] BASE 600481 双良节能 门槛未过→仅观察 (amp=3.8% amt=5.8亿 lot=676元)
[10:36:00] BASE 600481 双良节能 门槛未过→仅观察 (amp=3.8% amt=5.8亿 lot=676元)
[10:37:00] BASE 600481 双良节能 门槛未过→仅观察 (amp=3.8% amt=5.8亿 lot=676元)
[10:38:00] BASE 600481 双良节能 门槛未过→仅观察 (amp=3.8% amt=5.8亿 lot=676元)
[10:39:00] BASE 600481 双良节能 门槛未过→仅观察 (amp=3.8% amt=5.8亿 lot=676元)
[10:40:00] BASE 600481 双良节能 门槛未过→仅观察 (amp=3.8% amt=5.8亿 lot=676元)
[10:41:00] BASE 600481 双良节能 门槛未过→仅观察 (amp=3.8% amt=5.8亿 lot=676元)
[10:42:00] BASE 600481 双良节能 门槛未过→仅观察 (amp=3.8% amt=5.8亿 lot=676元)
[10:43:00] BASE 600481 双良节能 门槛未过→仅观察 (amp=3.8% amt=5.8亿 lot=676元)
[10:44:00] BASE 600481 双良节能 门槛未过→仅观察 (amp=3.8% amt=5.8亿 lot=676元)
[10:45:00] BASE 600481 双良节能 门槛未过→仅观察 (amp=3.8% amt=5.8亿 lot=676元)
[10:46:00] BASE 600481 双良节能 门槛未过→仅观察 (amp=3.8% amt=5.8亿 lot=676元)
[10:47:00] BASE 600481 双良节能 门槛未过→仅观察 (amp=3.8% amt=5.8亿 lot=676元)
[10:48:00] BASE 600481 双良节能 门槛未过→仅观察 (amp=3.8% amt=5.8亿 lot=676元)
[10:49:00] BASE 600481 双良节能 门槛未过→仅观察 (amp=3.8% amt=5.8亿 lot=676元)
[10:50:00] BASE 600481 双良节能 门槛未过→仅观察 (amp=3.8% amt=5.8亿 lot=676元)
[10:51:00] BASE 600481 双良节能 门槛未过→仅观察 (amp=3.8% amt=5.8亿 lot=676元)
[10:52:00] BASE 600481 双良节能 门槛未过→仅观察 (amp=3.8% amt=5.8亿 lot=676元)
[10:53:00] BASE 600481 双良节能 门槛未过→仅观察 (amp=3.8% amt=5.8亿 lot=676元)
[10:54:00] BASE 600481 双良节能 门槛未过→仅观察 (amp=3.8% amt=5.8亿 lot=676元)
[10:55:00] BASE 600481 双良节能 门槛未过→仅观察 (amp=3.8% amt=5.8亿 lot=676元)
[10:56:00] BASE 600481 双良节能 门槛未过→仅观察 (amp=3.8% amt=5.8亿 lot=676元)
[10:57:00] BASE 600481 双良节能 门槛未过→仅观察 (amp=3.8% amt=5.8亿 lot=676元)
[10:58:00] BASE 600481 双良节能 门槛未过→仅观察 (amp=3.8% amt=5.8亿 lot=676元)
[10:59:00] BASE 600481 双良节能 门槛未过→仅观察 (amp=3.8% amt=5.8亿 lot=676元)
[11:00:00] BASE 600481 双良节能 门槛未过→仅观察 (amp=3.8% amt=5.8亿 lot=676元)
[11:01:00] BASE 600481 双良节能 门槛未过→仅观察 (amp=3.8% amt=5.8亿 lot=676元)
[11:02:00] BASE 600481 双良节能 门槛未过→仅观察 (amp=3.8% amt=5.8亿 lot=676元)
[11:03:00] BASE 600481 双良节能 门槛未过→仅观察 (amp=3.8% amt=5.8亿 lot=676元)
[11:04:00] BASE 600481 双良节能 门槛未过→仅观察 (amp=3.8% amt=5.8亿 lot=676元)
[11:05:00] BASE 600481 双良节能 门槛未过→仅观察 (amp=3.8% amt=5.8亿 lot=676元)
[11:06:00] BASE 600481 双良节能 门槛未过→仅观察 (amp=3.8% amt=5.8亿 lot=676元)
[11:07:00] BASE 600481 双良节能 门槛未过→仅观察 (amp=3.8% amt=5.8亿 lot=676元)
[11:08:00] BASE 600481 双良节能 门槛未过→仅观察 (amp=3.8% amt=5.8亿 lot=676元)
[11:09:00] BASE 600481 双良节能 门槛未过→仅观察 (amp=3.8% amt=5.8亿 lot=676元)
[11:10:00] BASE 600481 双良节能 门槛未过→仅观察 (amp=3.8% amt=5.8亿 lot=676元)
[11:11:00] BASE 600481 双良节能 门槛未过→仅观察 (amp=3.8% amt=5.8亿 lot=676元)
[11:12:00] BASE 600481 双良节能 门槛未过→仅观察 (amp=3.8% amt=5.8亿 lot=676元)
[11:13:00] BASE 600481 双良节能 门槛未过→仅观察 (amp=3.8% amt=5.8亿 lot=676元)
[11:14:00] BASE 600481 双良节能 门槛未过→仅观察 (amp=3.8% amt=5.8亿 lot=676元)
[11:15:00] BASE 600481 双良节能 门槛未过→仅观察 (amp=3.8% amt=5.8亿 lot=676元)
[11:16:00] BASE 600481 双良节能 门槛未过→仅观察 (amp=3.8% amt=5.8亿 lot=676元)
[11:17:00] BASE 600481 双良节能 门槛未过→仅观察 (amp=3.8% amt=5.8亿 lot=676元)
[11:18:00] BASE 600481 双良节能 门槛未过→仅观察 (amp=3.8% amt=5.8亿 lot=676元)
[11:19:00] BASE 600481 双良节能 门槛未过→仅观察 (amp=3.8% amt=5.8亿 lot=676元)
[11:20:00] BASE 600481 双良节能 门槛未过→仅观察 (amp=3.8% amt=5.8亿 lot=676元)
[11:21:00] BASE 600481 双良节能 门槛未过→仅观察 (amp=3.8% amt=5.8亿 lot=676元)
[11:22:00] BASE 600481 双良节能 门槛未过→仅观察 (amp=3.8% amt=5.8亿 lot=676元)
[11:23:00] BASE 600481 双良节能 门槛未过→仅观察 (amp=3.8% amt=5.8亿 lot=676元)
[11:24:00] BASE 600481 双良节能 门槛未过→仅观察 (amp=3.8% amt=5.8亿 lot=676元)
[11:25:00] BASE 600481 双良节能 门槛未过→仅观察 (amp=3.8% amt=5.8亿 lot=676元)
[11:26:00] BASE 600481 双良节能 门槛未过→仅观察 (amp=3.8% amt=5.8亿 lot=676元)
[11:27:00] BASE 600481 双良节能 门槛未过→仅观察 (amp=3.8% amt=5.8亿 lot=676元)
[11:28:00] BASE 600481 双良节能 门槛未过→仅观察 (amp=3.8% amt=5.8亿 lot=676元)
[11:29:00] BASE 600481 双良节能 门槛未过→仅观察 (amp=3.8% amt=5.8亿 lot=676元)
[11:30:00] BASE 600481 双良节能 门槛未过→仅观察 (amp=3.8% amt=5.8亿 lot=676元)
[13:01:00] BASE 600481 双良节能 门槛未过→仅观察 (amp=3.8% amt=5.8亿 lot=676元)
[13:02:00] BASE 600481 双良节能 门槛未过→仅观察 (amp=3.8% amt=5.8亿 lot=676元)
[13:03:00] BASE 600481 双良节能 门槛未过→仅观察 (amp=3.8% amt=5.8亿 lot=676元)
[13:04:00] BASE 600481 双良节能 门槛未过→仅观察 (amp=3.8% amt=5.8亿 lot=676元)
[13:05:00] BASE 600481 双良节能 门槛未过→仅观察 (amp=3.8% amt=5.8亿 lot=676元)
[13:06:00] BASE 600481 双良节能 门槛未过→仅观察 (amp=3.8% amt=5.8亿 lot=676元)
[13:07:00] BASE 600481 双良节能 门槛未过→仅观察 (amp=3.8% amt=5.8亿 lot=676元)
[13:08:00] BASE 600481 双良节能 门槛未过→仅观察 (amp=3.8% amt=5.8亿 lot=676元)
[13:09:00] BASE 600481 双良节能 门槛未过→仅观察 (amp=3.8% amt=5.8亿 lot=676元)
[13:10:00] BASE 600481 双良节能 门槛未过→仅观察 (amp=3.8% amt=5.8亿 lot=676元)
[13:11:00] BASE 600481 双良节能 门槛未过→仅观察 (amp=3.8% amt=5.8亿 lot=676元)
[13:12:00] BASE 600481 双良节能 门槛未过→仅观察 (amp=3.8% amt=5.8亿 lot=676元)
[13:13:00] BASE 600481 双良节能 门槛未过→仅观察 (amp=3.8% amt=5.8亿 lot=676元)
[13:14:00] BASE 600481 双良节能 门槛未过→仅观察 (amp=3.8% amt=5.8亿 lot=676元)
[13:15:00] BASE 600481 双良节能 门槛未过→仅观察 (amp=3.8% amt=5.8亿 lot=676元)
[13:16:00] BASE 600481 双良节能 门槛未过→仅观察 (amp=3.8% amt=5.8亿 lot=676元)
[13:17:00] BASE 600481 双良节能 门槛未过→仅观察 (amp=3.8% amt=5.8亿 lot=676元)
[13:18:00] BASE 600481 双良节能 门槛未过→仅观察 (amp=3.8% amt=5.8亿 lot=676元)
[13:19:00] BASE 600481 双良节能 门槛未过→仅观察 (amp=3.8% amt=5.8亿 lot=676元)
[13:20:00] BASE 600481 双良节能 门槛未过→仅观察 (amp=3.8% amt=5.8亿 lot=676元)
[13:21:00] BASE 600481 双良节能 门槛未过→仅观察 (amp=3.8% amt=5.8亿 lot=676元)
[13:22:00] BASE 600481 双良节能 门槛未过→仅观察 (amp=3.8% amt=5.8亿 lot=676元)
[13:23:00] BASE 600481 双良节能 门槛未过→仅观察 (amp=3.8% amt=5.8亿 lot=676元)
[13:24:00] BASE 600481 双良节能 门槛未过→仅观察 (amp=3.8% amt=5.8亿 lot=676元)
[13:25:00] BASE 600481 双良节能 门槛未过→仅观察 (amp=3.8% amt=5.8亿 lot=676元)
[13:26:00] BASE 600481 双良节能 门槛未过→仅观察 (amp=3.8% amt=5.8亿 lot=676元)
[13:27:00] BASE 600481 双良节能 门槛未过→仅观察 (amp=3.8% amt=5.8亿 lot=676元)
[13:28:00] BASE 600481 双良节能 门槛未过→仅观察 (amp=3.8% amt=5.8亿 lot=676元)
[13:29:00] BASE 600481 双良节能 门槛未过→仅观察 (amp=3.8% amt=5.8亿 lot=676元)
[13:30:00] BASE 600481 双良节能 门槛未过→仅观察 (amp=3.8% amt=5.8亿 lot=676元)
[13:31:00] BASE 600481 双良节能 门槛未过→仅观察 (amp=3.8% amt=5.8亿 lot=676元)
[13:32:00] BASE 600481 双良节能 门槛未过→仅观察 (amp=3.8% amt=5.8亿 lot=676元)
[13:33:00] BASE 600481 双良节能 门槛未过→仅观察 (amp=3.8% amt=5.8亿 lot=676元)
[13:34:00] BASE 600481 双良节能 门槛未过→仅观察 (amp=3.8% amt=5.8亿 lot=676元)
[13:35:00] BASE 600481 双良节能 门槛未过→仅观察 (amp=3.8% amt=5.8亿 lot=676元)
[13:36:00] BASE 600481 双良节能 门槛未过→仅观察 (amp=3.8% amt=5.8亿 lot=676元)
[13:37:00] BASE 600481 双良节能 门槛未过→仅观察 (amp=3.8% amt=5.8亿 lot=676元)
[13:38:00] BASE 600481 双良节能 门槛未过→仅观察 (amp=3.8% amt=5.8亿 lot=676元)
[13:39:00] BASE 600481 双良节能 门槛未过→仅观察 (amp=3.8% amt=5.8亿 lot=676元)
[13:40:00] BASE 600481 双良节能 门槛未过→仅观察 (amp=3.8% amt=5.8亿 lot=676元)
[13:41:00] BASE 600481 双良节能 门槛未过→仅观察 (amp=3.8% amt=5.8亿 lot=676元)
[13:42:00] BASE 600481 双良节能 门槛未过→仅观察 (amp=3.8% amt=5.8亿 lot=676元)
[13:43:00] BASE 600481 双良节能 门槛未过→仅观察 (amp=3.8% amt=5.8亿 lot=676元)
[13:44:00] BASE 600481 双良节能 门槛未过→仅观察 (amp=3.8% amt=5.8亿 lot=676元)
[13:45:00] BASE 600481 双良节能 门槛未过→仅观察 (amp=3.8% amt=5.8亿 lot=676元)
[13:46:00] BASE 600481 双良节能 门槛未过→仅观察 (amp=3.8% amt=5.8亿 lot=676元)
[13:47:00] BASE 600481 双良节能 门槛未过→仅观察 (amp=3.8% amt=5.8亿 lot=676元)
[13:48:00] BASE 600481 双良节能 门槛未过→仅观察 (amp=3.8% amt=5.8亿 lot=676元)
[13:49:00] BASE 600481 双良节能 门槛未过→仅观察 (amp=3.8% amt=5.8亿 lot=676元)
[13:50:00] BASE 600481 双良节能 门槛未过→仅观察 (amp=3.8% amt=5.8亿 lot=676元)
[13:51:00] BASE 600481 双良节能 门槛未过→仅观察 (amp=3.8% amt=5.8亿 lot=676元)
[13:52:00] BASE 600481 双良节能 门槛未过→仅观察 (amp=3.8% amt=5.8亿 lot=676元)
[13:53:00] BASE 600481 双良节能 门槛未过→仅观察 (amp=3.8% amt=5.8亿 lot=676元)
[13:54:00] BASE 600481 双良节能 门槛未过→仅观察 (amp=3.8% amt=5.8亿 lot=676元)
[13:55:00] BASE 600481 双良节能 门槛未过→仅观察 (amp=3.8% amt=5.8亿 lot=676元)
[13:56:00] BASE 600481 双良节能 门槛未过→仅观察 (amp=3.8% amt=5.8亿 lot=676元)
[13:57:00] BASE 600481 双良节能 门槛未过→仅观察 (amp=3.8% amt=5.8亿 lot=676元)
[13:58:00] BASE 600481 双良节能 门槛未过→仅观察 (amp=3.8% amt=5.8亿 lot=676元)
[13:59:00] BASE 600481 双良节能 门槛未过→仅观察 (amp=3.8% amt=5.8亿 lot=676元)
[14:00:00] BASE 600481 双良节能 门槛未过→仅观察 (amp=3.8% amt=5.8亿 lot=676元)
[14:01:00] BASE 600481 双良节能 门槛未过→仅观察 (amp=3.8% amt=5.8亿 lot=676元)
[14:02:00] BASE 600481 双良节能 门槛未过→仅观察 (amp=3.8% amt=5.8亿 lot=676元)
[14:03:00] BASE 600481 双良节能 门槛未过→仅观察 (amp=3.8% amt=5.8亿 lot=676元)
[14:04:00] BASE 600481 双良节能 门槛未过→仅观察 (amp=3.8% amt=5.8亿 lot=676元)
[14:05:00] BASE 600481 双良节能 门槛未过→仅观察 (amp=3.8% amt=5.8亿 lot=676元)
[14:06:00] BASE 600481 双良节能 门槛未过→仅观察 (amp=3.8% amt=5.8亿 lot=676元)
[14:07:00] BASE 600481 双良节能 门槛未过→仅观察 (amp=3.8% amt=5.8亿 lot=676元)
[14:08:00] BASE 600481 双良节能 门槛未过→仅观察 (amp=3.8% amt=5.8亿 lot=676元)
[14:09:00] BASE 600481 双良节能 门槛未过→仅观察 (amp=3.8% amt=5.8亿 lot=676元)
[14:10:00] BASE 600481 双良节能 门槛未过→仅观察 (amp=3.8% amt=5.8亿 lot=676元)
[14:11:00] BASE 600481 双良节能 门槛未过→仅观察 (amp=3.8% amt=5.8亿 lot=676元)
[14:12:00] BASE 600481 双良节能 门槛未过→仅观察 (amp=3.8% amt=5.8亿 lot=676元)
[14:13:00] BASE 600481 双良节能 门槛未过→仅观察 (amp=3.8% amt=5.8亿 lot=676元)
[14:14:00] BASE 600481 双良节能 门槛未过→仅观察 (amp=3.8% amt=5.8亿 lot=676元)
[14:15:00] BASE 600481 双良节能 门槛未过→仅观察 (amp=3.8% amt=5.8亿 lot=676元)
[14:16:00] BASE 600481 双良节能 门槛未过→仅观察 (amp=3.8% amt=5.8亿 lot=676元)
[14:17:00] BASE 600481 双良节能 门槛未过→仅观察 (amp=3.8% amt=5.8亿 lot=676元)
[14:18:00] BASE 600481 双良节能 门槛未过→仅观察 (amp=3.8% amt=5.8亿 lot=676元)
[14:19:00] BASE 600481 双良节能 门槛未过→仅观察 (amp=3.8% amt=5.8亿 lot=676元)
[14:20:00] BASE 600481 双良节能 门槛未过→仅观察 (amp=3.8% amt=5.8亿 lot=676元)
[14:21:00] BASE 600481 双良节能 门槛未过→仅观察 (amp=3.8% amt=5.8亿 lot=676元)
[14:22:00] BASE 600481 双良节能 门槛未过→仅观察 (amp=3.8% amt=5.8亿 lot=676元)
[14:23:00] BASE 600481 双良节能 门槛未过→仅观察 (amp=3.8% amt=5.8亿 lot=676元)
[14:24:00] BASE 600481 双良节能 门槛未过→仅观察 (amp=3.8% amt=5.8亿 lot=676元)
[14:25:00] BASE 600481 双良节能 门槛未过→仅观察 (amp=3.8% amt=5.8亿 lot=676元)
[14:26:00] BASE 600481 双良节能 门槛未过→仅观察 (amp=3.8% amt=5.8亿 lot=676元)
[14:27:00] BASE 600481 双良节能 门槛未过→仅观察 (amp=3.8% amt=5.8亿 lot=676元)
[14:28:00] BASE 600481 双良节能 门槛未过→仅观察 (amp=3.8% amt=5.8亿 lot=676元)
[14:29:00] BASE 600481 双良节能 门槛未过→仅观察 (amp=3.8% amt=5.8亿 lot=676元)
[14:30:00] BASE 600481 双良节能 门槛未过→仅观察 (amp=3.8% amt=5.8亿 lot=676元)
[14:31:00] BASE 600481 双良节能 门槛未过→仅观察 (amp=3.8% amt=5.8亿 lot=676元)
[14:32:00] BASE 600481 双良节能 门槛未过→仅观察 (amp=3.8% amt=5.8亿 lot=676元)
[14:33:00] BASE 600481 双良节能 门槛未过→仅观察 (amp=3.8% amt=5.8亿 lot=676元)
[14:34:00] BASE 600481 双良节能 门槛未过→仅观察 (amp=3.8% amt=5.8亿 lot=676元)
[14:35:00] BASE 600481 双良节能 门槛未过→仅观察 (amp=3.8% amt=5.8亿 lot=676元)
[14:36:00] BASE 600481 双良节能 门槛未过→仅观察 (amp=3.8% amt=5.8亿 lot=676元)
[14:37:00] BASE 600481 双良节能 门槛未过→仅观察 (amp=3.8% amt=5.8亿 lot=676元)
[14:38:00] BASE 600481 双良节能 门槛未过→仅观察 (amp=3.8% amt=5.8亿 lot=676元)
[14:39:00] BASE 600481 双良节能 门槛未过→仅观察 (amp=3.8% amt=5.8亿 lot=676元)
[14:40:00] BASE 600481 双良节能 门槛未过→仅观察 (amp=3.8% amt=5.8亿 lot=676元)
[14:41:00] BASE 600481 双良节能 门槛未过→仅观察 (amp=3.8% amt=5.8亿 lot=676元)
[14:42:00] BASE 600481 双良节能 门槛未过→仅观察 (amp=3.8% amt=5.8亿 lot=676元)
[14:43:00] BASE 600481 双良节能 门槛未过→仅观察 (amp=3.8% amt=5.8亿 lot=676元)
[14:44:00] BASE 600481 双良节能 门槛未过→仅观察 (amp=3.8% amt=5.8亿 lot=676元)
[14:45:00] BASE 600481 双良节能 门槛未过→仅观察 (amp=3.8% amt=5.8亿 lot=676元)
[14:46:00] BASE 600481 双良节能 门槛未过→仅观察 (amp=3.8% amt=5.8亿 lot=676元)
[14:47:00] BASE 600481 双良节能 门槛未过→仅观察 (amp=3.8% amt=5.8亿 lot=676元)
[14:48:00] BASE 600481 双良节能 门槛未过→仅观察 (amp=3.8% amt=5.8亿 lot=676元)
[14:49:00] BASE 600481 双良节能 门槛未过→仅观察 (amp=3.8% amt=5.8亿 lot=676元)
[14:50:00] BASE 600481 双良节能 门槛未过→仅观察 (amp=3.8% amt=5.8亿 lot=676元)
[14:51:00] BASE 600481 双良节能 门槛未过→仅观察 (amp=3.8% amt=5.8亿 lot=676元)
[14:52:00] BASE 600481 双良节能 门槛未过→仅观察 (amp=3.8% amt=5.8亿 lot=676元)
[14:53:00] BASE 600481 双良节能 门槛未过→仅观察 (amp=3.8% amt=5.8亿 lot=676元)
[14:54:00] BASE 600481 双良节能 门槛未过→仅观察 (amp=3.8% amt=5.8亿 lot=676元)
[14:55:00] BASE 600481 双良节能 门槛未过→仅观察 (amp=3.8% amt=5.8亿 lot=676元)
[14:56:00] BASE 600481 双良节能 门槛未过→仅观察 (amp=3.8% amt=5.8亿 lot=676元)
[14:57:00] BASE 600481 双良节能 门槛未过→仅观察 (amp=3.8% amt=5.8亿 lot=676元)
[14:58:00] BASE 600481 双良节能 门槛未过→仅观察 (amp=3.8% amt=5.8亿 lot=676元)
[15:00:00] BASE 600481 双良节能 门槛未过→仅观察 (amp=3.8% amt=5.8亿 lot=676元)
[ir] 2026-05-19 regime=range score=-0.4
[09:31:00] BASE 600481 双良节能 门槛未过→仅观察 (amp=4.0% amt=6.2亿 lot=655元)
[09:31:00] BASE 000988 华工科技 下单 100股@153.11
[BASE] 000988 底仓成交 100股@153.12
[09:32:00] BASE 600481 双良节能 门槛未过→仅观察 (amp=4.0% amt=6.2亿 lot=655元)
[09:33:00] BASE 600481 双良节能 门槛未过→仅观察 (amp=4.0% amt=6.2亿 lot=655元)
[09:34:00] BASE 600481 双良节能 门槛未过→仅观察 (amp=4.0% amt=6.2亿 lot=655元)
[09:35:00] BASE 600481 双良节能 门槛未过→仅观察 (amp=4.0% amt=6.2亿 lot=655元)
[09:36:00] BASE 600481 双良节能 门槛未过→仅观察 (amp=4.0% amt=6.2亿 lot=655元)
[09:37:00] BASE 600481 双良节能 门槛未过→仅观察 (amp=4.0% amt=6.2亿 lot=655元)
[09:38:00] BASE 600481 双良节能 门槛未过→仅观察 (amp=4.0% amt=6.2亿 lot=655元)
[09:39:00] BASE 600481 双良节能 门槛未过→仅观察 (amp=4.0% amt=6.2亿 lot=655元)
[09:40:00] BASE 600481 双良节能 门槛未过→仅观察 (amp=4.0% amt=6.2亿 lot=655元)
[09:41:00] BASE 600481 双良节能 门槛未过→仅观察 (amp=4.0% amt=6.2亿 lot=655元)
[09:42:00] BASE 600481 双良节能 门槛未过→仅观察 (amp=4.0% amt=6.2亿 lot=655元)
[09:43:00] BASE 600481 双良节能 门槛未过→仅观察 (amp=4.0% amt=6.2亿 lot=655元)
[09:44:00] BASE 600481 双良节能 门槛未过→仅观察 (amp=4.0% amt=6.2亿 lot=655元)
[09:45:00] BASE 600481 双良节能 门槛未过→仅观察 (amp=4.0% amt=6.2亿 lot=655元)
[09:46:00] BASE 600481 双良节能 门槛未过→仅观察 (amp=4.0% amt=6.2亿 lot=655元)
[09:47:00] BASE 600481 双良节能 门槛未过→仅观察 (amp=4.0% amt=6.2亿 lot=655元)
[09:48:00] BASE 600481 双良节能 门槛未过→仅观察 (amp=4.0% amt=6.2亿 lot=655元)
[09:49:00] BASE 600481 双良节能 门槛未过→仅观察 (amp=4.0% amt=6.2亿 lot=655元)
[09:50:00] BASE 600481 双良节能 门槛未过→仅观察 (amp=4.0% amt=6.2亿 lot=655元)
[09:51:00] BASE 600481 双良节能 门槛未过→仅观察 (amp=4.0% amt=6.2亿 lot=655元)
[09:52:00] BASE 600481 双良节能 门槛未过→仅观察 (amp=4.0% amt=6.2亿 lot=655元)
[09:53:00] BASE 600481 双良节能 门槛未过→仅观察 (amp=4.0% amt=6.2亿 lot=655元)
[09:54:00] BASE 600481 双良节能 门槛未过→仅观察 (amp=4.0% amt=6.2亿 lot=655元)
[09:55:00] BASE 600481 双良节能 门槛未过→仅观察 (amp=4.0% amt=6.2亿 lot=655元)
[09:56:00] BASE 600481 双良节能 门槛未过→仅观察 (amp=4.0% amt=6.2亿 lot=655元)
[09:57:00] BASE 600481 双良节能 门槛未过→仅观察 (amp=4.0% amt=6.2亿 lot=655元)
[09:58:00] BASE 600481 双良节能 门槛未过→仅观察 (amp=4.0% amt=6.2亿 lot=655元)
[09:59:00] BASE 600481 双良节能 门槛未过→仅观察 (amp=4.0% amt=6.2亿 lot=655元)
[10:00:00] BASE 600481 双良节能 门槛未过→仅观察 (amp=4.0% amt=6.2亿 lot=655元)
[10:01:00] BASE 600481 双良节能 门槛未过→仅观察 (amp=4.0% amt=6.2亿 lot=655元)
[10:02:00] BASE 600481 双良节能 门槛未过→仅观察 (amp=4.0% amt=6.2亿 lot=655元)
[10:03:00] BASE 600481 双良节能 门槛未过→仅观察 (amp=4.0% amt=6.2亿 lot=655元)
[10:04:00] BASE 600481 双良节能 门槛未过→仅观察 (amp=4.0% amt=6.2亿 lot=655元)
[10:05:00] BASE 600481 双良节能 门槛未过→仅观察 (amp=4.0% amt=6.2亿 lot=655元)
[10:06:00] BASE 600481 双良节能 门槛未过→仅观察 (amp=4.0% amt=6.2亿 lot=655元)
[10:07:00] BASE 600481 双良节能 门槛未过→仅观察 (amp=4.0% amt=6.2亿 lot=655元)
[10:08:00] BASE 600481 双良节能 门槛未过→仅观察 (amp=4.0% amt=6.2亿 lot=655元)
[10:09:00] BASE 600481 双良节能 门槛未过→仅观察 (amp=4.0% amt=6.2亿 lot=655元)
[10:10:00] BASE 600481 双良节能 门槛未过→仅观察 (amp=4.0% amt=6.2亿 lot=655元)
[10:11:00] BASE 600481 双良节能 门槛未过→仅观察 (amp=4.0% amt=6.2亿 lot=655元)
[10:12:00] BASE 600481 双良节能 门槛未过→仅观察 (amp=4.0% amt=6.2亿 lot=655元)
[10:13:00] BASE 600481 双良节能 门槛未过→仅观察 (amp=4.0% amt=6.2亿 lot=655元)
[10:14:00] BASE 600481 双良节能 门槛未过→仅观察 (amp=4.0% amt=6.2亿 lot=655元)
[10:15:00] BASE 600481 双良节能 门槛未过→仅观察 (amp=4.0% amt=6.2亿 lot=655元)
[10:16:00] BASE 600481 双良节能 门槛未过→仅观察 (amp=4.0% amt=6.2亿 lot=655元)
[10:17:00] BASE 600481 双良节能 门槛未过→仅观察 (amp=4.0% amt=6.2亿 lot=655元)
[10:18:00] BASE 600481 双良节能 门槛未过→仅观察 (amp=4.0% amt=6.2亿 lot=655元)
[10:19:00] BASE 600481 双良节能 门槛未过→仅观察 (amp=4.0% amt=6.2亿 lot=655元)
[10:20:00] BASE 600481 双良节能 门槛未过→仅观察 (amp=4.0% amt=6.2亿 lot=655元)
[10:21:00] BASE 600481 双良节能 门槛未过→仅观察 (amp=4.0% amt=6.2亿 lot=655元)
[10:22:00] BASE 600481 双良节能 门槛未过→仅观察 (amp=4.0% amt=6.2亿 lot=655元)
[10:23:00] BASE 600481 双良节能 门槛未过→仅观察 (amp=4.0% amt=6.2亿 lot=655元)
[10:24:00] BASE 600481 双良节能 门槛未过→仅观察 (amp=4.0% amt=6.2亿 lot=655元)
[10:25:00] BASE 600481 双良节能 门槛未过→仅观察 (amp=4.0% amt=6.2亿 lot=655元)
[10:26:00] BASE 600481 双良节能 门槛未过→仅观察 (amp=4.0% amt=6.2亿 lot=655元)
[10:27:00] BASE 600481 双良节能 门槛未过→仅观察 (amp=4.0% amt=6.2亿 lot=655元)
[10:28:00] BASE 600481 双良节能 门槛未过→仅观察 (amp=4.0% amt=6.2亿 lot=655元)
[10:29:00] BASE 600481 双良节能 门槛未过→仅观察 (amp=4.0% amt=6.2亿 lot=655元)
[10:30:00] BASE 600481 双良节能 门槛未过→仅观察 (amp=4.0% amt=6.2亿 lot=655元)
[10:31:00] BASE 600481 双良节能 门槛未过→仅观察 (amp=4.0% amt=6.2亿 lot=655元)
[10:32:00] BASE 600481 双良节能 门槛未过→仅观察 (amp=4.0% amt=6.2亿 lot=655元)
[10:33:00] BASE 600481 双良节能 门槛未过→仅观察 (amp=4.0% amt=6.2亿 lot=655元)
[10:34:00] BASE 600481 双良节能 门槛未过→仅观察 (amp=4.0% amt=6.2亿 lot=655元)
[10:35:00] BASE 600481 双良节能 门槛未过→仅观察 (amp=4.0% amt=6.2亿 lot=655元)
[10:36:00] BASE 600481 双良节能 门槛未过→仅观察 (amp=4.0% amt=6.2亿 lot=655元)
[10:37:00] BASE 600481 双良节能 门槛未过→仅观察 (amp=4.0% amt=6.2亿 lot=655元)
[10:38:00] BASE 600481 双良节能 门槛未过→仅观察 (amp=4.0% amt=6.2亿 lot=655元)
[10:39:00] BASE 600481 双良节能 门槛未过→仅观察 (amp=4.0% amt=6.2亿 lot=655元)
[10:40:00] BASE 600481 双良节能 门槛未过→仅观察 (amp=4.0% amt=6.2亿 lot=655元)
[10:41:00] BASE 600481 双良节能 门槛未过→仅观察 (amp=4.0% amt=6.2亿 lot=655元)
[10:42:00] BASE 600481 双良节能 门槛未过→仅观察 (amp=4.0% amt=6.2亿 lot=655元)
[10:43:00] BASE 600481 双良节能 门槛未过→仅观察 (amp=4.0% amt=6.2亿 lot=655元)
[10:44:00] BASE 600481 双良节能 门槛未过→仅观察 (amp=4.0% amt=6.2亿 lot=655元)
[10:45:00] BASE 600481 双良节能 门槛未过→仅观察 (amp=4.0% amt=6.2亿 lot=655元)
[10:46:00] BASE 600481 双良节能 门槛未过→仅观察 (amp=4.0% amt=6.2亿 lot=655元)
[10:47:00] BASE 600481 双良节能 门槛未过→仅观察 (amp=4.0% amt=6.2亿 lot=655元)
[10:48:00] BASE 600481 双良节能 门槛未过→仅观察 (amp=4.0% amt=6.2亿 lot=655元)
[10:49:00] BASE 600481 双良节能 门槛未过→仅观察 (amp=4.0% amt=6.2亿 lot=655元)
[10:50:00] BASE 600481 双良节能 门槛未过→仅观察 (amp=4.0% amt=6.2亿 lot=655元)
[10:51:00] BASE 600481 双良节能 门槛未过→仅观察 (amp=4.0% amt=6.2亿 lot=655元)
[10:52:00] BASE 600481 双良节能 门槛未过→仅观察 (amp=4.0% amt=6.2亿 lot=655元)
[10:53:00] BASE 600481 双良节能 门槛未过→仅观察 (amp=4.0% amt=6.2亿 lot=655元)
[10:54:00] BASE 600481 双良节能 门槛未过→仅观察 (amp=4.0% amt=6.2亿 lot=655元)
[10:55:00] BASE 600481 双良节能 门槛未过→仅观察 (amp=4.0% amt=6.2亿 lot=655元)
[10:56:00] BASE 600481 双良节能 门槛未过→仅观察 (amp=4.0% amt=6.2亿 lot=655元)
[10:57:00] BASE 600481 双良节能 门槛未过→仅观察 (amp=4.0% amt=6.2亿 lot=655元)
[10:58:00] BASE 600481 双良节能 门槛未过→仅观察 (amp=4.0% amt=6.2亿 lot=655元)
[10:59:00] BASE 600481 双良节能 门槛未过→仅观察 (amp=4.0% amt=6.2亿 lot=655元)
[11:00:00] BASE 600481 双良节能 门槛未过→仅观察 (amp=4.0% amt=6.2亿 lot=655元)
[11:01:00] BASE 600481 双良节能 门槛未过→仅观察 (amp=4.0% amt=6.2亿 lot=655元)
[11:02:00] BASE 600481 双良节能 门槛未过→仅观察 (amp=4.0% amt=6.2亿 lot=655元)
[11:03:00] BASE 600481 双良节能 门槛未过→仅观察 (amp=4.0% amt=6.2亿 lot=655元)
[11:04:00] BASE 600481 双良节能 门槛未过→仅观察 (amp=4.0% amt=6.2亿 lot=655元)
[11:05:00] BASE 600481 双良节能 门槛未过→仅观察 (amp=4.0% amt=6.2亿 lot=655元)
[11:06:00] BASE 600481 双良节能 门槛未过→仅观察 (amp=4.0% amt=6.2亿 lot=655元)
[11:07:00] BASE 600481 双良节能 门槛未过→仅观察 (amp=4.0% amt=6.2亿 lot=655元)
[11:08:00] BASE 600481 双良节能 门槛未过→仅观察 (amp=4.0% amt=6.2亿 lot=655元)
[11:09:00] BASE 600481 双良节能 门槛未过→仅观察 (amp=4.0% amt=6.2亿 lot=655元)
[11:10:00] BASE 600481 双良节能 门槛未过→仅观察 (amp=4.0% amt=6.2亿 lot=655元)
[11:11:00] BASE 600481 双良节能 门槛未过→仅观察 (amp=4.0% amt=6.2亿 lot=655元)
[11:12:00] BASE 600481 双良节能 门槛未过→仅观察 (amp=4.0% amt=6.2亿 lot=655元)
[11:13:00] BASE 600481 双良节能 门槛未过→仅观察 (amp=4.0% amt=6.2亿 lot=655元)
[11:14:00] BASE 600481 双良节能 门槛未过→仅观察 (amp=4.0% amt=6.2亿 lot=655元)
[11:15:00] BASE 600481 双良节能 门槛未过→仅观察 (amp=4.0% amt=6.2亿 lot=655元)
[11:16:00] BASE 600481 双良节能 门槛未过→仅观察 (amp=4.0% amt=6.2亿 lot=655元)
[11:17:00] BASE 600481 双良节能 门槛未过→仅观察 (amp=4.0% amt=6.2亿 lot=655元)
[11:18:00] BASE 600481 双良节能 门槛未过→仅观察 (amp=4.0% amt=6.2亿 lot=655元)
[11:19:00] BASE 600481 双良节能 门槛未过→仅观察 (amp=4.0% amt=6.2亿 lot=655元)
[11:20:00] BASE 600481 双良节能 门槛未过→仅观察 (amp=4.0% amt=6.2亿 lot=655元)
[11:21:00] BASE 600481 双良节能 门槛未过→仅观察 (amp=4.0% amt=6.2亿 lot=655元)
[11:22:00] BASE 600481 双良节能 门槛未过→仅观察 (amp=4.0% amt=6.2亿 lot=655元)
[11:23:00] BASE 600481 双良节能 门槛未过→仅观察 (amp=4.0% amt=6.2亿 lot=655元)
[11:24:00] BASE 600481 双良节能 门槛未过→仅观察 (amp=4.0% amt=6.2亿 lot=655元)
[11:25:00] BASE 600481 双良节能 门槛未过→仅观察 (amp=4.0% amt=6.2亿 lot=655元)
[11:26:00] BASE 600481 双良节能 门槛未过→仅观察 (amp=4.0% amt=6.2亿 lot=655元)
[11:27:00] BASE 600481 双良节能 门槛未过→仅观察 (amp=4.0% amt=6.2亿 lot=655元)
[11:28:00] BASE 600481 双良节能 门槛未过→仅观察 (amp=4.0% amt=6.2亿 lot=655元)
[11:29:00] BASE 600481 双良节能 门槛未过→仅观察 (amp=4.0% amt=6.2亿 lot=655元)
[11:30:00] BASE 600481 双良节能 门槛未过→仅观察 (amp=4.0% amt=6.2亿 lot=655元)
[13:01:00] BASE 600481 双良节能 门槛未过→仅观察 (amp=4.0% amt=6.2亿 lot=655元)
[13:02:00] BASE 600481 双良节能 门槛未过→仅观察 (amp=4.0% amt=6.2亿 lot=655元)
[13:03:00] BASE 600481 双良节能 门槛未过→仅观察 (amp=4.0% amt=6.2亿 lot=655元)
[13:04:00] BASE 600481 双良节能 门槛未过→仅观察 (amp=4.0% amt=6.2亿 lot=655元)
[13:05:00] BASE 600481 双良节能 门槛未过→仅观察 (amp=4.0% amt=6.2亿 lot=655元)
[13:06:00] BASE 600481 双良节能 门槛未过→仅观察 (amp=4.0% amt=6.2亿 lot=655元)
[13:07:00] BASE 600481 双良节能 门槛未过→仅观察 (amp=4.0% amt=6.2亿 lot=655元)
[13:08:00] BASE 600481 双良节能 门槛未过→仅观察 (amp=4.0% amt=6.2亿 lot=655元)
[13:09:00] BASE 600481 双良节能 门槛未过→仅观察 (amp=4.0% amt=6.2亿 lot=655元)
[13:10:00] BASE 600481 双良节能 门槛未过→仅观察 (amp=4.0% amt=6.2亿 lot=655元)
[13:11:00] BASE 600481 双良节能 门槛未过→仅观察 (amp=4.0% amt=6.2亿 lot=655元)
[13:12:00] BASE 600481 双良节能 门槛未过→仅观察 (amp=4.0% amt=6.2亿 lot=655元)
[13:13:00] BASE 600481 双良节能 门槛未过→仅观察 (amp=4.0% amt=6.2亿 lot=655元)
[13:14:00] BASE 600481 双良节能 门槛未过→仅观察 (amp=4.0% amt=6.2亿 lot=655元)
[13:15:00] BASE 600481 双良节能 门槛未过→仅观察 (amp=4.0% amt=6.2亿 lot=655元)
[13:16:00] BASE 600481 双良节能 门槛未过→仅观察 (amp=4.0% amt=6.2亿 lot=655元)
[13:17:00] BASE 600481 双良节能 门槛未过→仅观察 (amp=4.0% amt=6.2亿 lot=655元)
[13:18:00] BASE 600481 双良节能 门槛未过→仅观察 (amp=4.0% amt=6.2亿 lot=655元)
[13:19:00] BASE 600481 双良节能 门槛未过→仅观察 (amp=4.0% amt=6.2亿 lot=655元)
[13:20:00] BASE 600481 双良节能 门槛未过→仅观察 (amp=4.0% amt=6.2亿 lot=655元)
[13:21:00] BASE 600481 双良节能 门槛未过→仅观察 (amp=4.0% amt=6.2亿 lot=655元)
[13:22:00] BASE 600481 双良节能 门槛未过→仅观察 (amp=4.0% amt=6.2亿 lot=655元)
[13:22:00] SELL 000988 100@154.79 score=63 regime=range
[13:23:00] BASE 600481 双良节能 门槛未过→仅观察 (amp=4.0% amt=6.2亿 lot=655元)
[13:24:00] BASE 600481 双良节能 门槛未过→仅观察 (amp=4.0% amt=6.2亿 lot=655元)
[13:25:00] BASE 600481 双良节能 门槛未过→仅观察 (amp=4.0% amt=6.2亿 lot=655元)
[13:26:00] BASE 600481 双良节能 门槛未过→仅观察 (amp=4.0% amt=6.2亿 lot=655元)
[13:27:00] BASE 600481 双良节能 门槛未过→仅观察 (amp=4.0% amt=6.2亿 lot=655元)
[13:28:00] BASE 600481 双良节能 门槛未过→仅观察 (amp=4.0% amt=6.2亿 lot=655元)
[13:29:00] BASE 600481 双良节能 门槛未过→仅观察 (amp=4.0% amt=6.2亿 lot=655元)
[13:30:00] BASE 600481 双良节能 门槛未过→仅观察 (amp=4.0% amt=6.2亿 lot=655元)
[13:31:00] BASE 600481 双良节能 门槛未过→仅观察 (amp=4.0% amt=6.2亿 lot=655元)
[13:32:00] BASE 600481 双良节能 门槛未过→仅观察 (amp=4.0% amt=6.2亿 lot=655元)
[13:33:00] BASE 600481 双良节能 门槛未过→仅观察 (amp=4.0% amt=6.2亿 lot=655元)
[13:34:00] BASE 600481 双良节能 门槛未过→仅观察 (amp=4.0% amt=6.2亿 lot=655元)
[13:35:00] BASE 600481 双良节能 门槛未过→仅观察 (amp=4.0% amt=6.2亿 lot=655元)
[13:36:00] BASE 600481 双良节能 门槛未过→仅观察 (amp=4.0% amt=6.2亿 lot=655元)
[13:37:00] BASE 600481 双良节能 门槛未过→仅观察 (amp=4.0% amt=6.2亿 lot=655元)
[13:38:00] BASE 600481 双良节能 门槛未过→仅观察 (amp=4.0% amt=6.2亿 lot=655元)
[13:39:00] BASE 600481 双良节能 门槛未过→仅观察 (amp=4.0% amt=6.2亿 lot=655元)
[13:40:00] BASE 600481 双良节能 门槛未过→仅观察 (amp=4.0% amt=6.2亿 lot=655元)
[13:41:00] BASE 600481 双良节能 门槛未过→仅观察 (amp=4.0% amt=6.2亿 lot=655元)
[13:42:00] BASE 600481 双良节能 门槛未过→仅观察 (amp=4.0% amt=6.2亿 lot=655元)
[13:43:00] BASE 600481 双良节能 门槛未过→仅观察 (amp=4.0% amt=6.2亿 lot=655元)
[13:44:00] BASE 600481 双良节能 门槛未过→仅观察 (amp=4.0% amt=6.2亿 lot=655元)
[13:45:00] BASE 600481 双良节能 门槛未过→仅观察 (amp=4.0% amt=6.2亿 lot=655元)
[13:46:00] BASE 600481 双良节能 门槛未过→仅观察 (amp=4.0% amt=6.2亿 lot=655元)
[13:47:00] BASE 600481 双良节能 门槛未过→仅观察 (amp=4.0% amt=6.2亿 lot=655元)
[13:48:00] BASE 600481 双良节能 门槛未过→仅观察 (amp=4.0% amt=6.2亿 lot=655元)
[13:49:00] BASE 600481 双良节能 门槛未过→仅观察 (amp=4.0% amt=6.2亿 lot=655元)
[13:50:00] BASE 600481 双良节能 门槛未过→仅观察 (amp=4.0% amt=6.2亿 lot=655元)
[13:51:00] BASE 600481 双良节能 门槛未过→仅观察 (amp=4.0% amt=6.2亿 lot=655元)
[13:52:00] BASE 600481 双良节能 门槛未过→仅观察 (amp=4.0% amt=6.2亿 lot=655元)
[13:53:00] BASE 600481 双良节能 门槛未过→仅观察 (amp=4.0% amt=6.2亿 lot=655元)
[13:54:00] BASE 600481 双良节能 门槛未过→仅观察 (amp=4.0% amt=6.2亿 lot=655元)
[13:55:00] BASE 600481 双良节能 门槛未过→仅观察 (amp=4.0% amt=6.2亿 lot=655元)
[13:56:00] BASE 600481 双良节能 门槛未过→仅观察 (amp=4.0% amt=6.2亿 lot=655元)
[13:57:00] BASE 600481 双良节能 门槛未过→仅观察 (amp=4.0% amt=6.2亿 lot=655元)
[13:58:00] BASE 600481 双良节能 门槛未过→仅观察 (amp=4.0% amt=6.2亿 lot=655元)
[13:59:00] BASE 600481 双良节能 门槛未过→仅观察 (amp=4.0% amt=6.2亿 lot=655元)
[14:00:00] BASE 600481 双良节能 门槛未过→仅观察 (amp=4.0% amt=6.2亿 lot=655元)
[14:01:00] BASE 600481 双良节能 门槛未过→仅观察 (amp=4.0% amt=6.2亿 lot=655元)
[14:02:00] BASE 600481 双良节能 门槛未过→仅观察 (amp=4.0% amt=6.2亿 lot=655元)
[14:03:00] BASE 600481 双良节能 门槛未过→仅观察 (amp=4.0% amt=6.2亿 lot=655元)
[14:04:00] BASE 600481 双良节能 门槛未过→仅观察 (amp=4.0% amt=6.2亿 lot=655元)
[14:05:00] BASE 600481 双良节能 门槛未过→仅观察 (amp=4.0% amt=6.2亿 lot=655元)
[14:06:00] BASE 600481 双良节能 门槛未过→仅观察 (amp=4.0% amt=6.2亿 lot=655元)
[14:07:00] BASE 600481 双良节能 门槛未过→仅观察 (amp=4.0% amt=6.2亿 lot=655元)
[14:08:00] BASE 600481 双良节能 门槛未过→仅观察 (amp=4.0% amt=6.2亿 lot=655元)
[14:09:00] BASE 600481 双良节能 门槛未过→仅观察 (amp=4.0% amt=6.2亿 lot=655元)
[14:10:00] BASE 600481 双良节能 门槛未过→仅观察 (amp=4.0% amt=6.2亿 lot=655元)
[14:11:00] BASE 600481 双良节能 门槛未过→仅观察 (amp=4.0% amt=6.2亿 lot=655元)
[14:12:00] BASE 600481 双良节能 门槛未过→仅观察 (amp=4.0% amt=6.2亿 lot=655元)
[14:13:00] BASE 600481 双良节能 门槛未过→仅观察 (amp=4.0% amt=6.2亿 lot=655元)
[14:14:00] BASE 600481 双良节能 门槛未过→仅观察 (amp=4.0% amt=6.2亿 lot=655元)
[14:15:00] BASE 600481 双良节能 门槛未过→仅观察 (amp=4.0% amt=6.2亿 lot=655元)
[14:16:00] BASE 600481 双良节能 门槛未过→仅观察 (amp=4.0% amt=6.2亿 lot=655元)
[14:17:00] BASE 600481 双良节能 门槛未过→仅观察 (amp=4.0% amt=6.2亿 lot=655元)
[14:18:00] BASE 600481 双良节能 门槛未过→仅观察 (amp=4.0% amt=6.2亿 lot=655元)
[14:19:00] BASE 600481 双良节能 门槛未过→仅观察 (amp=4.0% amt=6.2亿 lot=655元)
[14:20:00] BASE 600481 双良节能 门槛未过→仅观察 (amp=4.0% amt=6.2亿 lot=655元)
[14:21:00] BASE 600481 双良节能 门槛未过→仅观察 (amp=4.0% amt=6.2亿 lot=655元)
[14:22:00] BASE 600481 双良节能 门槛未过→仅观察 (amp=4.0% amt=6.2亿 lot=655元)
[14:23:00] BASE 600481 双良节能 门槛未过→仅观察 (amp=4.0% amt=6.2亿 lot=655元)
[14:24:00] BASE 600481 双良节能 门槛未过→仅观察 (amp=4.0% amt=6.2亿 lot=655元)
[14:25:00] BASE 600481 双良节能 门槛未过→仅观察 (amp=4.0% amt=6.2亿 lot=655元)
[14:26:00] BASE 600481 双良节能 门槛未过→仅观察 (amp=4.0% amt=6.2亿 lot=655元)
[14:27:00] BASE 600481 双良节能 门槛未过→仅观察 (amp=4.0% amt=6.2亿 lot=655元)
[14:28:00] BASE 600481 双良节能 门槛未过→仅观察 (amp=4.0% amt=6.2亿 lot=655元)
[14:29:00] BASE 600481 双良节能 门槛未过→仅观察 (amp=4.0% amt=6.2亿 lot=655元)
[14:30:00] BASE 600481 双良节能 门槛未过→仅观察 (amp=4.0% amt=6.2亿 lot=655元)
[14:31:00] BASE 600481 双良节能 门槛未过→仅观察 (amp=4.0% amt=6.2亿 lot=655元)
[14:32:00] BASE 600481 双良节能 门槛未过→仅观察 (amp=4.0% amt=6.2亿 lot=655元)
[14:33:00] BASE 600481 双良节能 门槛未过→仅观察 (amp=4.0% amt=6.2亿 lot=655元)
[14:34:00] BASE 600481 双良节能 门槛未过→仅观察 (amp=4.0% amt=6.2亿 lot=655元)
[14:35:00] BASE 600481 双良节能 门槛未过→仅观察 (amp=4.0% amt=6.2亿 lot=655元)
[14:36:00] BASE 600481 双良节能 门槛未过→仅观察 (amp=4.0% amt=6.2亿 lot=655元)
[14:37:00] BASE 600481 双良节能 门槛未过→仅观察 (amp=4.0% amt=6.2亿 lot=655元)
[14:38:00] BASE 600481 双良节能 门槛未过→仅观察 (amp=4.0% amt=6.2亿 lot=655元)
[14:39:00] BASE 600481 双良节能 门槛未过→仅观察 (amp=4.0% amt=6.2亿 lot=655元)
[14:40:00] BASE 600481 双良节能 门槛未过→仅观察 (amp=4.0% amt=6.2亿 lot=655元)
[14:41:00] BASE 600481 双良节能 门槛未过→仅观察 (amp=4.0% amt=6.2亿 lot=655元)
[14:42:00] BASE 600481 双良节能 门槛未过→仅观察 (amp=4.0% amt=6.2亿 lot=655元)
[14:43:00] BASE 600481 双良节能 门槛未过→仅观察 (amp=4.0% amt=6.2亿 lot=655元)
[14:44:00] BASE 600481 双良节能 门槛未过→仅观察 (amp=4.0% amt=6.2亿 lot=655元)
[14:45:00] BASE 600481 双良节能 门槛未过→仅观察 (amp=4.0% amt=6.2亿 lot=655元)
[14:46:00] BASE 600481 双良节能 门槛未过→仅观察 (amp=4.0% amt=6.2亿 lot=655元)
[14:47:00] BASE 600481 双良节能 门槛未过→仅观察 (amp=4.0% amt=6.2亿 lot=655元)
[14:48:00] BASE 600481 双良节能 门槛未过→仅观察 (amp=4.0% amt=6.2亿 lot=655元)
[14:49:00] BASE 600481 双良节能 门槛未过→仅观察 (amp=4.0% amt=6.2亿 lot=655元)
[14:50:00] BASE 600481 双良节能 门槛未过→仅观察 (amp=4.0% amt=6.2亿 lot=655元)
[14:51:00] BASE 600481 双良节能 门槛未过→仅观察 (amp=4.0% amt=6.2亿 lot=655元)
[14:52:00] BASE 600481 双良节能 门槛未过→仅观察 (amp=4.0% amt=6.2亿 lot=655元)
[14:53:00] BASE 600481 双良节能 门槛未过→仅观察 (amp=4.0% amt=6.2亿 lot=655元)
[14:54:00] BASE 600481 双良节能 门槛未过→仅观察 (amp=4.0% amt=6.2亿 lot=655元)
[14:55:00] BASE 600481 双良节能 门槛未过→仅观察 (amp=4.0% amt=6.2亿 lot=655元)
[14:56:00] BASE 600481 双良节能 门槛未过→仅观察 (amp=4.0% amt=6.2亿 lot=655元)
[14:57:00] BASE 600481 双良节能 门槛未过→仅观察 (amp=4.0% amt=6.2亿 lot=655元)
[14:58:00] BASE 600481 双良节能 门槛未过→仅观察 (amp=4.0% amt=6.2亿 lot=655元)
[15:00:00] BASE 600481 双良节能 门槛未过→仅观察 (amp=4.0% amt=6.2亿 lot=655元)
[ir] 2026-05-20 regime=range score=0.1
[09:31:00] BASE 600481 双良节能 门槛未过→仅观察 (amp=3.9% amt=6.6亿 lot=721元)
[09:31:00] BASE 000988 华工科技 下单 100股@162.28
[BASE] 000988 底仓成交 100股@162.30
[09:32:00] BASE 600481 双良节能 门槛未过→仅观察 (amp=3.9% amt=6.6亿 lot=721元)
[09:33:00] BASE 600481 双良节能 门槛未过→仅观察 (amp=3.9% amt=6.6亿 lot=721元)
[09:34:00] BASE 600481 双良节能 门槛未过→仅观察 (amp=3.9% amt=6.6亿 lot=721元)
[09:35:00] BASE 600481 双良节能 门槛未过→仅观察 (amp=3.9% amt=6.6亿 lot=721元)
[09:36:00] BASE 600481 双良节能 门槛未过→仅观察 (amp=3.9% amt=6.6亿 lot=721元)
[09:37:00] BASE 600481 双良节能 门槛未过→仅观察 (amp=3.9% amt=6.6亿 lot=721元)
[09:38:00] BASE 600481 双良节能 门槛未过→仅观察 (amp=3.9% amt=6.6亿 lot=721元)
[09:39:00] BASE 600481 双良节能 门槛未过→仅观察 (amp=3.9% amt=6.6亿 lot=721元)
[09:40:00] BASE 600481 双良节能 门槛未过→仅观察 (amp=3.9% amt=6.6亿 lot=721元)
[09:41:00] BASE 600481 双良节能 门槛未过→仅观察 (amp=3.9% amt=6.6亿 lot=721元)
[09:42:00] BASE 600481 双良节能 门槛未过→仅观察 (amp=3.9% amt=6.6亿 lot=721元)
[09:43:00] BASE 600481 双良节能 门槛未过→仅观察 (amp=3.9% amt=6.6亿 lot=721元)
[09:44:00] BASE 600481 双良节能 门槛未过→仅观察 (amp=3.9% amt=6.6亿 lot=721元)
[09:45:00] BASE 600481 双良节能 门槛未过→仅观察 (amp=3.9% amt=6.6亿 lot=721元)
[09:46:00] BASE 600481 双良节能 门槛未过→仅观察 (amp=3.9% amt=6.6亿 lot=721元)
[09:47:00] BASE 600481 双良节能 门槛未过→仅观察 (amp=3.9% amt=6.6亿 lot=721元)
[09:48:00] BASE 600481 双良节能 门槛未过→仅观察 (amp=3.9% amt=6.6亿 lot=721元)
[09:49:00] BASE 600481 双良节能 门槛未过→仅观察 (amp=3.9% amt=6.6亿 lot=721元)
[09:50:00] BASE 600481 双良节能 门槛未过→仅观察 (amp=3.9% amt=6.6亿 lot=721元)
[09:51:00] BASE 600481 双良节能 门槛未过→仅观察 (amp=3.9% amt=6.6亿 lot=721元)
[09:52:00] BASE 600481 双良节能 门槛未过→仅观察 (amp=3.9% amt=6.6亿 lot=721元)
[09:53:00] BASE 600481 双良节能 门槛未过→仅观察 (amp=3.9% amt=6.6亿 lot=721元)
[09:54:00] BASE 600481 双良节能 门槛未过→仅观察 (amp=3.9% amt=6.6亿 lot=721元)
[09:55:00] BASE 600481 双良节能 门槛未过→仅观察 (amp=3.9% amt=6.6亿 lot=721元)
[09:56:00] BASE 600481 双良节能 门槛未过→仅观察 (amp=3.9% amt=6.6亿 lot=721元)
[09:57:00] BASE 600481 双良节能 门槛未过→仅观察 (amp=3.9% amt=6.6亿 lot=721元)
[09:58:00] BASE 600481 双良节能 门槛未过→仅观察 (amp=3.9% amt=6.6亿 lot=721元)
[09:59:00] BASE 600481 双良节能 门槛未过→仅观察 (amp=3.9% amt=6.6亿 lot=721元)
[10:00:00] BASE 600481 双良节能 门槛未过→仅观察 (amp=3.9% amt=6.6亿 lot=721元)
[10:01:00] BASE 600481 双良节能 门槛未过→仅观察 (amp=3.9% amt=6.6亿 lot=721元)
[10:02:00] BASE 600481 双良节能 门槛未过→仅观察 (amp=3.9% amt=6.6亿 lot=721元)
[10:03:00] BASE 600481 双良节能 门槛未过→仅观察 (amp=3.9% amt=6.6亿 lot=721元)
[10:04:00] BASE 600481 双良节能 门槛未过→仅观察 (amp=3.9% amt=6.6亿 lot=721元)
[10:05:00] BASE 600481 双良节能 门槛未过→仅观察 (amp=3.9% amt=6.6亿 lot=721元)
[10:06:00] BASE 600481 双良节能 门槛未过→仅观察 (amp=3.9% amt=6.6亿 lot=721元)
[10:07:00] BASE 600481 双良节能 门槛未过→仅观察 (amp=3.9% amt=6.6亿 lot=721元)
[10:08:00] BASE 600481 双良节能 门槛未过→仅观察 (amp=3.9% amt=6.6亿 lot=721元)
[10:09:00] BASE 600481 双良节能 门槛未过→仅观察 (amp=3.9% amt=6.6亿 lot=721元)
[10:09:00] SELL 000988 100@169.21 score=65 regime=range
[10:10:00] BASE 600481 双良节能 门槛未过→仅观察 (amp=3.9% amt=6.6亿 lot=721元)
[10:11:00] BASE 600481 双良节能 门槛未过→仅观察 (amp=3.9% amt=6.6亿 lot=721元)
[10:12:00] BASE 600481 双良节能 门槛未过→仅观察 (amp=3.9% amt=6.6亿 lot=721元)
[10:13:00] BASE 600481 双良节能 门槛未过→仅观察 (amp=3.9% amt=6.6亿 lot=721元)
[10:14:00] BASE 600481 双良节能 门槛未过→仅观察 (amp=3.9% amt=6.6亿 lot=721元)
[10:15:00] BASE 600481 双良节能 门槛未过→仅观察 (amp=3.9% amt=6.6亿 lot=721元)
[10:16:00] BASE 600481 双良节能 门槛未过→仅观察 (amp=3.9% amt=6.6亿 lot=721元)
[10:17:00] BASE 600481 双良节能 门槛未过→仅观察 (amp=3.9% amt=6.6亿 lot=721元)
[10:18:00] BASE 600481 双良节能 门槛未过→仅观察 (amp=3.9% amt=6.6亿 lot=721元)
[10:19:00] BASE 600481 双良节能 门槛未过→仅观察 (amp=3.9% amt=6.6亿 lot=721元)
[10:20:00] BASE 600481 双良节能 门槛未过→仅观察 (amp=3.9% amt=6.6亿 lot=721元)
[10:21:00] BASE 600481 双良节能 门槛未过→仅观察 (amp=3.9% amt=6.6亿 lot=721元)
[10:22:00] BASE 600481 双良节能 门槛未过→仅观察 (amp=3.9% amt=6.6亿 lot=721元)
[10:23:00] BASE 600481 双良节能 门槛未过→仅观察 (amp=3.9% amt=6.6亿 lot=721元)
[10:24:00] BASE 600481 双良节能 门槛未过→仅观察 (amp=3.9% amt=6.6亿 lot=721元)
[10:25:00] BASE 600481 双良节能 门槛未过→仅观察 (amp=3.9% amt=6.6亿 lot=721元)
[10:26:00] BASE 600481 双良节能 门槛未过→仅观察 (amp=3.9% amt=6.6亿 lot=721元)
[10:27:00] BASE 600481 双良节能 门槛未过→仅观察 (amp=3.9% amt=6.6亿 lot=721元)
[10:28:00] BASE 600481 双良节能 门槛未过→仅观察 (amp=3.9% amt=6.6亿 lot=721元)
[10:29:00] BASE 600481 双良节能 门槛未过→仅观察 (amp=3.9% amt=6.6亿 lot=721元)
[10:30:00] BASE 600481 双良节能 门槛未过→仅观察 (amp=3.9% amt=6.6亿 lot=721元)
[10:31:00] BASE 600481 双良节能 门槛未过→仅观察 (amp=3.9% amt=6.6亿 lot=721元)
[10:32:00] BASE 600481 双良节能 门槛未过→仅观察 (amp=3.9% amt=6.6亿 lot=721元)
[10:33:00] BASE 600481 双良节能 门槛未过→仅观察 (amp=3.9% amt=6.6亿 lot=721元)
[10:34:00] BASE 600481 双良节能 门槛未过→仅观察 (amp=3.9% amt=6.6亿 lot=721元)
[10:35:00] BASE 600481 双良节能 门槛未过→仅观察 (amp=3.9% amt=6.6亿 lot=721元)
[10:36:00] BASE 600481 双良节能 门槛未过→仅观察 (amp=3.9% amt=6.6亿 lot=721元)
[10:37:00] BASE 600481 双良节能 门槛未过→仅观察 (amp=3.9% amt=6.6亿 lot=721元)
[10:38:00] BASE 600481 双良节能 门槛未过→仅观察 (amp=3.9% amt=6.6亿 lot=721元)
[10:39:00] BASE 600481 双良节能 门槛未过→仅观察 (amp=3.9% amt=6.6亿 lot=721元)
[10:40:00] BASE 600481 双良节能 门槛未过→仅观察 (amp=3.9% amt=6.6亿 lot=721元)
[10:41:00] BASE 600481 双良节能 门槛未过→仅观察 (amp=3.9% amt=6.6亿 lot=721元)
[10:42:00] BASE 600481 双良节能 门槛未过→仅观察 (amp=3.9% amt=6.6亿 lot=721元)
[10:43:00] BASE 600481 双良节能 门槛未过→仅观察 (amp=3.9% amt=6.6亿 lot=721元)
[10:44:00] BASE 600481 双良节能 门槛未过→仅观察 (amp=3.9% amt=6.6亿 lot=721元)
[10:45:00] BASE 600481 双良节能 门槛未过→仅观察 (amp=3.9% amt=6.6亿 lot=721元)
[10:46:00] BASE 600481 双良节能 门槛未过→仅观察 (amp=3.9% amt=6.6亿 lot=721元)
[10:47:00] BASE 600481 双良节能 门槛未过→仅观察 (amp=3.9% amt=6.6亿 lot=721元)
[10:48:00] BASE 600481 双良节能 门槛未过→仅观察 (amp=3.9% amt=6.6亿 lot=721元)
[10:49:00] BASE 600481 双良节能 门槛未过→仅观察 (amp=3.9% amt=6.6亿 lot=721元)
[10:50:00] BASE 600481 双良节能 门槛未过→仅观察 (amp=3.9% amt=6.6亿 lot=721元)
[10:51:00] BASE 600481 双良节能 门槛未过→仅观察 (amp=3.9% amt=6.6亿 lot=721元)
[10:52:00] BASE 600481 双良节能 门槛未过→仅观察 (amp=3.9% amt=6.6亿 lot=721元)
[10:53:00] BASE 600481 双良节能 门槛未过→仅观察 (amp=3.9% amt=6.6亿 lot=721元)
[10:54:00] BASE 600481 双良节能 门槛未过→仅观察 (amp=3.9% amt=6.6亿 lot=721元)
[10:55:00] BASE 600481 双良节能 门槛未过→仅观察 (amp=3.9% amt=6.6亿 lot=721元)
[10:56:00] BASE 600481 双良节能 门槛未过→仅观察 (amp=3.9% amt=6.6亿 lot=721元)
[10:57:00] BASE 600481 双良节能 门槛未过→仅观察 (amp=3.9% amt=6.6亿 lot=721元)
[10:58:00] BASE 600481 双良节能 门槛未过→仅观察 (amp=3.9% amt=6.6亿 lot=721元)
[10:59:00] BASE 600481 双良节能 门槛未过→仅观察 (amp=3.9% amt=6.6亿 lot=721元)
[11:00:00] BASE 600481 双良节能 门槛未过→仅观察 (amp=3.9% amt=6.6亿 lot=721元)
[11:01:00] BASE 600481 双良节能 门槛未过→仅观察 (amp=3.9% amt=6.6亿 lot=721元)
[11:02:00] BASE 600481 双良节能 门槛未过→仅观察 (amp=3.9% amt=6.6亿 lot=721元)
[11:03:00] BASE 600481 双良节能 门槛未过→仅观察 (amp=3.9% amt=6.6亿 lot=721元)
[11:04:00] BASE 600481 双良节能 门槛未过→仅观察 (amp=3.9% amt=6.6亿 lot=721元)
[11:05:00] BASE 600481 双良节能 门槛未过→仅观察 (amp=3.9% amt=6.6亿 lot=721元)
[11:06:00] BASE 600481 双良节能 门槛未过→仅观察 (amp=3.9% amt=6.6亿 lot=721元)
[11:07:00] BASE 600481 双良节能 门槛未过→仅观察 (amp=3.9% amt=6.6亿 lot=721元)
[11:08:00] BASE 600481 双良节能 门槛未过→仅观察 (amp=3.9% amt=6.6亿 lot=721元)
[11:09:00] BASE 600481 双良节能 门槛未过→仅观察 (amp=3.9% amt=6.6亿 lot=721元)
[11:10:00] BASE 600481 双良节能 门槛未过→仅观察 (amp=3.9% amt=6.6亿 lot=721元)
[11:11:00] BASE 600481 双良节能 门槛未过→仅观察 (amp=3.9% amt=6.6亿 lot=721元)
[11:12:00] BASE 600481 双良节能 门槛未过→仅观察 (amp=3.9% amt=6.6亿 lot=721元)
[11:13:00] BASE 600481 双良节能 门槛未过→仅观察 (amp=3.9% amt=6.6亿 lot=721元)
[11:14:00] BASE 600481 双良节能 门槛未过→仅观察 (amp=3.9% amt=6.6亿 lot=721元)
[11:15:00] BASE 600481 双良节能 门槛未过→仅观察 (amp=3.9% amt=6.6亿 lot=721元)
[11:16:00] BASE 600481 双良节能 门槛未过→仅观察 (amp=3.9% amt=6.6亿 lot=721元)
[11:17:00] BASE 600481 双良节能 门槛未过→仅观察 (amp=3.9% amt=6.6亿 lot=721元)
[11:18:00] BASE 600481 双良节能 门槛未过→仅观察 (amp=3.9% amt=6.6亿 lot=721元)
[11:19:00] BASE 600481 双良节能 门槛未过→仅观察 (amp=3.9% amt=6.6亿 lot=721元)
[11:20:00] BASE 600481 双良节能 门槛未过→仅观察 (amp=3.9% amt=6.6亿 lot=721元)
[11:21:00] BASE 600481 双良节能 门槛未过→仅观察 (amp=3.9% amt=6.6亿 lot=721元)
[11:22:00] BASE 600481 双良节能 门槛未过→仅观察 (amp=3.9% amt=6.6亿 lot=721元)
[11:23:00] BASE 600481 双良节能 门槛未过→仅观察 (amp=3.9% amt=6.6亿 lot=721元)
[11:24:00] BASE 600481 双良节能 门槛未过→仅观察 (amp=3.9% amt=6.6亿 lot=721元)
[11:25:00] BASE 600481 双良节能 门槛未过→仅观察 (amp=3.9% amt=6.6亿 lot=721元)
[11:26:00] BASE 600481 双良节能 门槛未过→仅观察 (amp=3.9% amt=6.6亿 lot=721元)
[11:27:00] BASE 600481 双良节能 门槛未过→仅观察 (amp=3.9% amt=6.6亿 lot=721元)
[11:28:00] BASE 600481 双良节能 门槛未过→仅观察 (amp=3.9% amt=6.6亿 lot=721元)
[11:29:00] BASE 600481 双良节能 门槛未过→仅观察 (amp=3.9% amt=6.6亿 lot=721元)
[11:30:00] BASE 600481 双良节能 门槛未过→仅观察 (amp=3.9% amt=6.6亿 lot=721元)
[13:01:00] BASE 600481 双良节能 门槛未过→仅观察 (amp=3.9% amt=6.6亿 lot=721元)
[13:02:00] BASE 600481 双良节能 门槛未过→仅观察 (amp=3.9% amt=6.6亿 lot=721元)
[13:03:00] BASE 600481 双良节能 门槛未过→仅观察 (amp=3.9% amt=6.6亿 lot=721元)
[13:04:00] BASE 600481 双良节能 门槛未过→仅观察 (amp=3.9% amt=6.6亿 lot=721元)
[13:05:00] BASE 600481 双良节能 门槛未过→仅观察 (amp=3.9% amt=6.6亿 lot=721元)
[13:06:00] BASE 600481 双良节能 门槛未过→仅观察 (amp=3.9% amt=6.6亿 lot=721元)
[13:07:00] BASE 600481 双良节能 门槛未过→仅观察 (amp=3.9% amt=6.6亿 lot=721元)
[13:08:00] BASE 600481 双良节能 门槛未过→仅观察 (amp=3.9% amt=6.6亿 lot=721元)
[13:09:00] BASE 600481 双良节能 门槛未过→仅观察 (amp=3.9% amt=6.6亿 lot=721元)
[13:10:00] BASE 600481 双良节能 门槛未过→仅观察 (amp=3.9% amt=6.6亿 lot=721元)
[13:11:00] BASE 600481 双良节能 门槛未过→仅观察 (amp=3.9% amt=6.6亿 lot=721元)
[13:12:00] BASE 600481 双良节能 门槛未过→仅观察 (amp=3.9% amt=6.6亿 lot=721元)
[13:13:00] BASE 600481 双良节能 门槛未过→仅观察 (amp=3.9% amt=6.6亿 lot=721元)
[13:14:00] BASE 600481 双良节能 门槛未过→仅观察 (amp=3.9% amt=6.6亿 lot=721元)
[13:15:00] BASE 600481 双良节能 门槛未过→仅观察 (amp=3.9% amt=6.6亿 lot=721元)
[13:16:00] BASE 600481 双良节能 门槛未过→仅观察 (amp=3.9% amt=6.6亿 lot=721元)
[13:17:00] BASE 600481 双良节能 门槛未过→仅观察 (amp=3.9% amt=6.6亿 lot=721元)
[13:18:00] BASE 600481 双良节能 门槛未过→仅观察 (amp=3.9% amt=6.6亿 lot=721元)
[13:19:00] BASE 600481 双良节能 门槛未过→仅观察 (amp=3.9% amt=6.6亿 lot=721元)
[13:20:00] BASE 600481 双良节能 门槛未过→仅观察 (amp=3.9% amt=6.6亿 lot=721元)
[13:21:00] BASE 600481 双良节能 门槛未过→仅观察 (amp=3.9% amt=6.6亿 lot=721元)
[13:22:00] BASE 600481 双良节能 门槛未过→仅观察 (amp=3.9% amt=6.6亿 lot=721元)
[13:23:00] BASE 600481 双良节能 门槛未过→仅观察 (amp=3.9% amt=6.6亿 lot=721元)
[13:24:00] BASE 600481 双良节能 门槛未过→仅观察 (amp=3.9% amt=6.6亿 lot=721元)
[13:25:00] BASE 600481 双良节能 门槛未过→仅观察 (amp=3.9% amt=6.6亿 lot=721元)
[13:26:00] BASE 600481 双良节能 门槛未过→仅观察 (amp=3.9% amt=6.6亿 lot=721元)
[13:27:00] BASE 600481 双良节能 门槛未过→仅观察 (amp=3.9% amt=6.6亿 lot=721元)
[13:28:00] BASE 600481 双良节能 门槛未过→仅观察 (amp=3.9% amt=6.6亿 lot=721元)
[13:29:00] BASE 600481 双良节能 门槛未过→仅观察 (amp=3.9% amt=6.6亿 lot=721元)
[13:30:00] BASE 600481 双良节能 门槛未过→仅观察 (amp=3.9% amt=6.6亿 lot=721元)
[13:31:00] BASE 600481 双良节能 门槛未过→仅观察 (amp=3.9% amt=6.6亿 lot=721元)
[13:32:00] BASE 600481 双良节能 门槛未过→仅观察 (amp=3.9% amt=6.6亿 lot=721元)
[13:33:00] BASE 600481 双良节能 门槛未过→仅观察 (amp=3.9% amt=6.6亿 lot=721元)
[13:34:00] BASE 600481 双良节能 门槛未过→仅观察 (amp=3.9% amt=6.6亿 lot=721元)
[13:35:00] BASE 600481 双良节能 门槛未过→仅观察 (amp=3.9% amt=6.6亿 lot=721元)
[13:36:00] BASE 600481 双良节能 门槛未过→仅观察 (amp=3.9% amt=6.6亿 lot=721元)
[13:37:00] BASE 600481 双良节能 门槛未过→仅观察 (amp=3.9% amt=6.6亿 lot=721元)
[13:38:00] BASE 600481 双良节能 门槛未过→仅观察 (amp=3.9% amt=6.6亿 lot=721元)
[13:39:00] BASE 600481 双良节能 门槛未过→仅观察 (amp=3.9% amt=6.6亿 lot=721元)
[13:40:00] BASE 600481 双良节能 门槛未过→仅观察 (amp=3.9% amt=6.6亿 lot=721元)
[13:41:00] BASE 600481 双良节能 门槛未过→仅观察 (amp=3.9% amt=6.6亿 lot=721元)
[13:42:00] BASE 600481 双良节能 门槛未过→仅观察 (amp=3.9% amt=6.6亿 lot=721元)
[13:43:00] BASE 600481 双良节能 门槛未过→仅观察 (amp=3.9% amt=6.6亿 lot=721元)
[13:44:00] BASE 600481 双良节能 门槛未过→仅观察 (amp=3.9% amt=6.6亿 lot=721元)
[13:45:00] BASE 600481 双良节能 门槛未过→仅观察 (amp=3.9% amt=6.6亿 lot=721元)
[13:46:00] BASE 600481 双良节能 门槛未过→仅观察 (amp=3.9% amt=6.6亿 lot=721元)
[13:47:00] BASE 600481 双良节能 门槛未过→仅观察 (amp=3.9% amt=6.6亿 lot=721元)
[13:48:00] BASE 600481 双良节能 门槛未过→仅观察 (amp=3.9% amt=6.6亿 lot=721元)
[13:49:00] BASE 600481 双良节能 门槛未过→仅观察 (amp=3.9% amt=6.6亿 lot=721元)
[13:50:00] BASE 600481 双良节能 门槛未过→仅观察 (amp=3.9% amt=6.6亿 lot=721元)
[13:51:00] BASE 600481 双良节能 门槛未过→仅观察 (amp=3.9% amt=6.6亿 lot=721元)
[13:52:00] BASE 600481 双良节能 门槛未过→仅观察 (amp=3.9% amt=6.6亿 lot=721元)
[13:53:00] BASE 600481 双良节能 门槛未过→仅观察 (amp=3.9% amt=6.6亿 lot=721元)
[13:54:00] BASE 600481 双良节能 门槛未过→仅观察 (amp=3.9% amt=6.6亿 lot=721元)
[13:55:00] BASE 600481 双良节能 门槛未过→仅观察 (amp=3.9% amt=6.6亿 lot=721元)
[13:56:00] BASE 600481 双良节能 门槛未过→仅观察 (amp=3.9% amt=6.6亿 lot=721元)
[13:57:00] BASE 600481 双良节能 门槛未过→仅观察 (amp=3.9% amt=6.6亿 lot=721元)
[13:58:00] BASE 600481 双良节能 门槛未过→仅观察 (amp=3.9% amt=6.6亿 lot=721元)
[13:59:00] BASE 600481 双良节能 门槛未过→仅观察 (amp=3.9% amt=6.6亿 lot=721元)
[14:00:00] BASE 600481 双良节能 门槛未过→仅观察 (amp=3.9% amt=6.6亿 lot=721元)
[14:01:00] BASE 600481 双良节能 门槛未过→仅观察 (amp=3.9% amt=6.6亿 lot=721元)
[14:02:00] BASE 600481 双良节能 门槛未过→仅观察 (amp=3.9% amt=6.6亿 lot=721元)
[14:03:00] BASE 600481 双良节能 门槛未过→仅观察 (amp=3.9% amt=6.6亿 lot=721元)
[14:04:00] BASE 600481 双良节能 门槛未过→仅观察 (amp=3.9% amt=6.6亿 lot=721元)
[14:05:00] BASE 600481 双良节能 门槛未过→仅观察 (amp=3.9% amt=6.6亿 lot=721元)
[14:06:00] BASE 600481 双良节能 门槛未过→仅观察 (amp=3.9% amt=6.6亿 lot=721元)
[14:07:00] BASE 600481 双良节能 门槛未过→仅观察 (amp=3.9% amt=6.6亿 lot=721元)
[14:08:00] BASE 600481 双良节能 门槛未过→仅观察 (amp=3.9% amt=6.6亿 lot=721元)
[14:09:00] BASE 600481 双良节能 门槛未过→仅观察 (amp=3.9% amt=6.6亿 lot=721元)
[14:10:00] BASE 600481 双良节能 门槛未过→仅观察 (amp=3.9% amt=6.6亿 lot=721元)
[14:11:00] BASE 600481 双良节能 门槛未过→仅观察 (amp=3.9% amt=6.6亿 lot=721元)
[14:12:00] BASE 600481 双良节能 门槛未过→仅观察 (amp=3.9% amt=6.6亿 lot=721元)
[14:13:00] BASE 600481 双良节能 门槛未过→仅观察 (amp=3.9% amt=6.6亿 lot=721元)
[14:14:00] BASE 600481 双良节能 门槛未过→仅观察 (amp=3.9% amt=6.6亿 lot=721元)
[14:15:00] BASE 600481 双良节能 门槛未过→仅观察 (amp=3.9% amt=6.6亿 lot=721元)
[14:16:00] BASE 600481 双良节能 门槛未过→仅观察 (amp=3.9% amt=6.6亿 lot=721元)
[14:17:00] BASE 600481 双良节能 门槛未过→仅观察 (amp=3.9% amt=6.6亿 lot=721元)
[14:18:00] BASE 600481 双良节能 门槛未过→仅观察 (amp=3.9% amt=6.6亿 lot=721元)
[14:19:00] BASE 600481 双良节能 门槛未过→仅观察 (amp=3.9% amt=6.6亿 lot=721元)
[14:20:00] BASE 600481 双良节能 门槛未过→仅观察 (amp=3.9% amt=6.6亿 lot=721元)
[14:21:00] BASE 600481 双良节能 门槛未过→仅观察 (amp=3.9% amt=6.6亿 lot=721元)
[14:22:00] BASE 600481 双良节能 门槛未过→仅观察 (amp=3.9% amt=6.6亿 lot=721元)
[14:23:00] BASE 600481 双良节能 门槛未过→仅观察 (amp=3.9% amt=6.6亿 lot=721元)
[14:24:00] BASE 600481 双良节能 门槛未过→仅观察 (amp=3.9% amt=6.6亿 lot=721元)
[14:25:00] BASE 600481 双良节能 门槛未过→仅观察 (amp=3.9% amt=6.6亿 lot=721元)
[14:26:00] BASE 600481 双良节能 门槛未过→仅观察 (amp=3.9% amt=6.6亿 lot=721元)
[14:27:00] BASE 600481 双良节能 门槛未过→仅观察 (amp=3.9% amt=6.6亿 lot=721元)
[14:28:00] BASE 600481 双良节能 门槛未过→仅观察 (amp=3.9% amt=6.6亿 lot=721元)
[14:29:00] BASE 600481 双良节能 门槛未过→仅观察 (amp=3.9% amt=6.6亿 lot=721元)
[14:30:00] BASE 600481 双良节能 门槛未过→仅观察 (amp=3.9% amt=6.6亿 lot=721元)
[14:31:00] BASE 600481 双良节能 门槛未过→仅观察 (amp=3.9% amt=6.6亿 lot=721元)
[14:32:00] BASE 600481 双良节能 门槛未过→仅观察 (amp=3.9% amt=6.6亿 lot=721元)
[14:33:00] BASE 600481 双良节能 门槛未过→仅观察 (amp=3.9% amt=6.6亿 lot=721元)
[14:34:00] BASE 600481 双良节能 门槛未过→仅观察 (amp=3.9% amt=6.6亿 lot=721元)
[14:35:00] BASE 600481 双良节能 门槛未过→仅观察 (amp=3.9% amt=6.6亿 lot=721元)
[14:36:00] BASE 600481 双良节能 门槛未过→仅观察 (amp=3.9% amt=6.6亿 lot=721元)
[14:37:00] BASE 600481 双良节能 门槛未过→仅观察 (amp=3.9% amt=6.6亿 lot=721元)
[14:38:00] BASE 600481 双良节能 门槛未过→仅观察 (amp=3.9% amt=6.6亿 lot=721元)
[14:39:00] BASE 600481 双良节能 门槛未过→仅观察 (amp=3.9% amt=6.6亿 lot=721元)
[14:40:00] BASE 600481 双良节能 门槛未过→仅观察 (amp=3.9% amt=6.6亿 lot=721元)
[14:41:00] BASE 600481 双良节能 门槛未过→仅观察 (amp=3.9% amt=6.6亿 lot=721元)
[14:42:00] BASE 600481 双良节能 门槛未过→仅观察 (amp=3.9% amt=6.6亿 lot=721元)
[14:43:00] BASE 600481 双良节能 门槛未过→仅观察 (amp=3.9% amt=6.6亿 lot=721元)
[14:44:00] BASE 600481 双良节能 门槛未过→仅观察 (amp=3.9% amt=6.6亿 lot=721元)
[14:45:00] BASE 600481 双良节能 门槛未过→仅观察 (amp=3.9% amt=6.6亿 lot=721元)
[14:46:00] BASE 600481 双良节能 门槛未过→仅观察 (amp=3.9% amt=6.6亿 lot=721元)
[14:47:00] BASE 600481 双良节能 门槛未过→仅观察 (amp=3.9% amt=6.6亿 lot=721元)
[14:48:00] BASE 600481 双良节能 门槛未过→仅观察 (amp=3.9% amt=6.6亿 lot=721元)
[14:49:00] BASE 600481 双良节能 门槛未过→仅观察 (amp=3.9% amt=6.6亿 lot=721元)
[14:50:00] BASE 600481 双良节能 门槛未过→仅观察 (amp=3.9% amt=6.6亿 lot=721元)
[14:51:00] BASE 600481 双良节能 门槛未过→仅观察 (amp=3.9% amt=6.6亿 lot=721元)
[14:52:00] BASE 600481 双良节能 门槛未过→仅观察 (amp=3.9% amt=6.6亿 lot=721元)
[14:53:00] BASE 600481 双良节能 门槛未过→仅观察 (amp=3.9% amt=6.6亿 lot=721元)
[14:54:00] BASE 600481 双良节能 门槛未过→仅观察 (amp=3.9% amt=6.6亿 lot=721元)
[14:55:00] BASE 600481 双良节能 门槛未过→仅观察 (amp=3.9% amt=6.6亿 lot=721元)
[14:56:00] BASE 600481 双良节能 门槛未过→仅观察 (amp=3.9% amt=6.6亿 lot=721元)
[14:57:00] BASE 600481 双良节能 门槛未过→仅观察 (amp=3.9% amt=6.6亿 lot=721元)
[14:58:00] BASE 600481 双良节能 门槛未过→仅观察 (amp=3.9% amt=6.6亿 lot=721元)
[15:00:00] BASE 600481 双良节能 门槛未过→仅观察 (amp=3.9% amt=6.6亿 lot=721元)
[ir] 2026-05-21 regime=uni_down score=-2.7
[11:10:00] SELL 000988 100@163.53 score=72 regime=uni_down
[13:25:00] SELL 600176 100@36.83 score=66 regime=uni_down
[ir] 2026-05-22 regime=range score=-2.7
[09:31:00] BASE 600176 中国巨石 下单 100股@36.10
[BASE] 600176 底仓成交 100股@36.11
[09:31:00] BASE 600481 双良节能 门槛未过→仅观察 (amp=4.2% amt=9.2亿 lot=780元)
[09:31:00] BASE 000988 华工科技 下单 200股@156.37
[BASE] 000988 底仓成交 200股@156.39
[09:32:00] BASE 600481 双良节能 门槛未过→仅观察 (amp=4.2% amt=9.2亿 lot=780元)
[09:33:00] BASE 600481 双良节能 门槛未过→仅观察 (amp=4.2% amt=9.2亿 lot=780元)
[09:34:00] BASE 600481 双良节能 门槛未过→仅观察 (amp=4.2% amt=9.2亿 lot=780元)
[09:35:00] BASE 600481 双良节能 门槛未过→仅观察 (amp=4.2% amt=9.2亿 lot=780元)
[09:36:00] BASE 600481 双良节能 门槛未过→仅观察 (amp=4.2% amt=9.2亿 lot=780元)
[09:37:00] BASE 600481 双良节能 门槛未过→仅观察 (amp=4.2% amt=9.2亿 lot=780元)
[09:38:00] BASE 600481 双良节能 门槛未过→仅观察 (amp=4.2% amt=9.2亿 lot=780元)
[09:39:00] BASE 600481 双良节能 门槛未过→仅观察 (amp=4.2% amt=9.2亿 lot=780元)
[09:40:00] BASE 600481 双良节能 门槛未过→仅观察 (amp=4.2% amt=9.2亿 lot=780元)
[09:41:00] BASE 600481 双良节能 门槛未过→仅观察 (amp=4.2% amt=9.2亿 lot=780元)
[09:42:00] BASE 600481 双良节能 门槛未过→仅观察 (amp=4.2% amt=9.2亿 lot=780元)
[09:43:00] BASE 600481 双良节能 门槛未过→仅观察 (amp=4.2% amt=9.2亿 lot=780元)
[09:44:00] BASE 600481 双良节能 门槛未过→仅观察 (amp=4.2% amt=9.2亿 lot=780元)
[09:45:00] BASE 600481 双良节能 门槛未过→仅观察 (amp=4.2% amt=9.2亿 lot=780元)
[09:46:00] BASE 600481 双良节能 门槛未过→仅观察 (amp=4.2% amt=9.2亿 lot=780元)
[09:47:00] BASE 600481 双良节能 门槛未过→仅观察 (amp=4.2% amt=9.2亿 lot=780元)
[09:48:00] BASE 600481 双良节能 门槛未过→仅观察 (amp=4.2% amt=9.2亿 lot=780元)
[09:49:00] BASE 600481 双良节能 门槛未过→仅观察 (amp=4.2% amt=9.2亿 lot=780元)
[09:50:00] BASE 600481 双良节能 门槛未过→仅观察 (amp=4.2% amt=9.2亿 lot=780元)
[09:51:00] BASE 600481 双良节能 门槛未过→仅观察 (amp=4.2% amt=9.2亿 lot=780元)
[09:52:00] BASE 600481 双良节能 门槛未过→仅观察 (amp=4.2% amt=9.2亿 lot=780元)
[09:53:00] BASE 600481 双良节能 门槛未过→仅观察 (amp=4.2% amt=9.2亿 lot=780元)
[09:54:00] BASE 600481 双良节能 门槛未过→仅观察 (amp=4.2% amt=9.2亿 lot=780元)
[09:55:00] BASE 600481 双良节能 门槛未过→仅观察 (amp=4.2% amt=9.2亿 lot=780元)
[09:56:00] BASE 600481 双良节能 门槛未过→仅观察 (amp=4.2% amt=9.2亿 lot=780元)
[09:57:00] BASE 600481 双良节能 门槛未过→仅观察 (amp=4.2% amt=9.2亿 lot=780元)
[09:58:00] BASE 600481 双良节能 门槛未过→仅观察 (amp=4.2% amt=9.2亿 lot=780元)
[09:59:00] BASE 600481 双良节能 门槛未过→仅观察 (amp=4.2% amt=9.2亿 lot=780元)
[10:00:00] BASE 600481 双良节能 门槛未过→仅观察 (amp=4.2% amt=9.2亿 lot=780元)
[10:01:00] BASE 600481 双良节能 门槛未过→仅观察 (amp=4.2% amt=9.2亿 lot=780元)
[10:02:00] BASE 600481 双良节能 门槛未过→仅观察 (amp=4.2% amt=9.2亿 lot=780元)
[10:03:00] BASE 600481 双良节能 门槛未过→仅观察 (amp=4.2% amt=9.2亿 lot=780元)
[10:04:00] BASE 600481 双良节能 门槛未过→仅观察 (amp=4.2% amt=9.2亿 lot=780元)
[10:05:00] BASE 600481 双良节能 门槛未过→仅观察 (amp=4.2% amt=9.2亿 lot=780元)
[10:06:00] BASE 600481 双良节能 门槛未过→仅观察 (amp=4.2% amt=9.2亿 lot=780元)
[10:07:00] BASE 600481 双良节能 门槛未过→仅观察 (amp=4.2% amt=9.2亿 lot=780元)
[10:08:00] BASE 600481 双良节能 门槛未过→仅观察 (amp=4.2% amt=9.2亿 lot=780元)
[10:09:00] BASE 600481 双良节能 门槛未过→仅观察 (amp=4.2% amt=9.2亿 lot=780元)
[10:10:00] BASE 600481 双良节能 门槛未过→仅观察 (amp=4.2% amt=9.2亿 lot=780元)
[10:11:00] BASE 600481 双良节能 门槛未过→仅观察 (amp=4.2% amt=9.2亿 lot=780元)
[10:12:00] BASE 600481 双良节能 门槛未过→仅观察 (amp=4.2% amt=9.2亿 lot=780元)
[10:13:00] BASE 600481 双良节能 门槛未过→仅观察 (amp=4.2% amt=9.2亿 lot=780元)
[10:14:00] BASE 600481 双良节能 门槛未过→仅观察 (amp=4.2% amt=9.2亿 lot=780元)
[10:15:00] BASE 600481 双良节能 门槛未过→仅观察 (amp=4.2% amt=9.2亿 lot=780元)
[10:16:00] BASE 600481 双良节能 门槛未过→仅观察 (amp=4.2% amt=9.2亿 lot=780元)
[10:17:00] BASE 600481 双良节能 门槛未过→仅观察 (amp=4.2% amt=9.2亿 lot=780元)
[10:18:00] BASE 600481 双良节能 门槛未过→仅观察 (amp=4.2% amt=9.2亿 lot=780元)
[10:19:00] BASE 600481 双良节能 门槛未过→仅观察 (amp=4.2% amt=9.2亿 lot=780元)
[10:20:00] BASE 600481 双良节能 门槛未过→仅观察 (amp=4.2% amt=9.2亿 lot=780元)
[10:21:00] BASE 600481 双良节能 门槛未过→仅观察 (amp=4.2% amt=9.2亿 lot=780元)
[10:22:00] BASE 600481 双良节能 门槛未过→仅观察 (amp=4.2% amt=9.2亿 lot=780元)
[10:23:00] BASE 600481 双良节能 门槛未过→仅观察 (amp=4.2% amt=9.2亿 lot=780元)
[10:24:00] BASE 600481 双良节能 门槛未过→仅观察 (amp=4.2% amt=9.2亿 lot=780元)
[10:25:00] BASE 600481 双良节能 门槛未过→仅观察 (amp=4.2% amt=9.2亿 lot=780元)
[10:26:00] BASE 600481 双良节能 门槛未过→仅观察 (amp=4.2% amt=9.2亿 lot=780元)
[10:27:00] BASE 600481 双良节能 门槛未过→仅观察 (amp=4.2% amt=9.2亿 lot=780元)
[10:28:00] BASE 600481 双良节能 门槛未过→仅观察 (amp=4.2% amt=9.2亿 lot=780元)
[10:29:00] BASE 600481 双良节能 门槛未过→仅观察 (amp=4.2% amt=9.2亿 lot=780元)
[10:30:00] BASE 600481 双良节能 门槛未过→仅观察 (amp=4.2% amt=9.2亿 lot=780元)
[10:31:00] BASE 600481 双良节能 门槛未过→仅观察 (amp=4.2% amt=9.2亿 lot=780元)
[10:32:00] BASE 600481 双良节能 门槛未过→仅观察 (amp=4.2% amt=9.2亿 lot=780元)
[10:33:00] BASE 600481 双良节能 门槛未过→仅观察 (amp=4.2% amt=9.2亿 lot=780元)
[10:34:00] BASE 600481 双良节能 门槛未过→仅观察 (amp=4.2% amt=9.2亿 lot=780元)
[10:35:00] BASE 600481 双良节能 门槛未过→仅观察 (amp=4.2% amt=9.2亿 lot=780元)
[10:36:00] BASE 600481 双良节能 门槛未过→仅观察 (amp=4.2% amt=9.2亿 lot=780元)
[10:37:00] BASE 600481 双良节能 门槛未过→仅观察 (amp=4.2% amt=9.2亿 lot=780元)
[10:38:00] BASE 600481 双良节能 门槛未过→仅观察 (amp=4.2% amt=9.2亿 lot=780元)
[10:39:00] BASE 600481 双良节能 门槛未过→仅观察 (amp=4.2% amt=9.2亿 lot=780元)
[10:40:00] BASE 600481 双良节能 门槛未过→仅观察 (amp=4.2% amt=9.2亿 lot=780元)
[10:41:00] BASE 600481 双良节能 门槛未过→仅观察 (amp=4.2% amt=9.2亿 lot=780元)
[10:42:00] BASE 600481 双良节能 门槛未过→仅观察 (amp=4.2% amt=9.2亿 lot=780元)
[10:43:00] BASE 600481 双良节能 门槛未过→仅观察 (amp=4.2% amt=9.2亿 lot=780元)
[10:44:00] BASE 600481 双良节能 门槛未过→仅观察 (amp=4.2% amt=9.2亿 lot=780元)
[10:45:00] BASE 600481 双良节能 门槛未过→仅观察 (amp=4.2% amt=9.2亿 lot=780元)
[10:46:00] BASE 600481 双良节能 门槛未过→仅观察 (amp=4.2% amt=9.2亿 lot=780元)
[10:47:00] BASE 600481 双良节能 门槛未过→仅观察 (amp=4.2% amt=9.2亿 lot=780元)
[10:48:00] BASE 600481 双良节能 门槛未过→仅观察 (amp=4.2% amt=9.2亿 lot=780元)
[10:49:00] BASE 600481 双良节能 门槛未过→仅观察 (amp=4.2% amt=9.2亿 lot=780元)
[10:50:00] BASE 600481 双良节能 门槛未过→仅观察 (amp=4.2% amt=9.2亿 lot=780元)
[10:51:00] BASE 600481 双良节能 门槛未过→仅观察 (amp=4.2% amt=9.2亿 lot=780元)
[10:52:00] BASE 600481 双良节能 门槛未过→仅观察 (amp=4.2% amt=9.2亿 lot=780元)
[10:53:00] BASE 600481 双良节能 门槛未过→仅观察 (amp=4.2% amt=9.2亿 lot=780元)
[10:54:00] BASE 600481 双良节能 门槛未过→仅观察 (amp=4.2% amt=9.2亿 lot=780元)
[10:55:00] BASE 600481 双良节能 门槛未过→仅观察 (amp=4.2% amt=9.2亿 lot=780元)
[10:56:00] BASE 600481 双良节能 门槛未过→仅观察 (amp=4.2% amt=9.2亿 lot=780元)
[10:57:00] BASE 600481 双良节能 门槛未过→仅观察 (amp=4.2% amt=9.2亿 lot=780元)
[10:58:00] BASE 600481 双良节能 门槛未过→仅观察 (amp=4.2% amt=9.2亿 lot=780元)
[10:59:00] BASE 600481 双良节能 门槛未过→仅观察 (amp=4.2% amt=9.2亿 lot=780元)
[11:00:00] BASE 600481 双良节能 门槛未过→仅观察 (amp=4.2% amt=9.2亿 lot=780元)
[11:01:00] BASE 600481 双良节能 门槛未过→仅观察 (amp=4.2% amt=9.2亿 lot=780元)
[11:02:00] BASE 600481 双良节能 门槛未过→仅观察 (amp=4.2% amt=9.2亿 lot=780元)
[11:03:00] BASE 600481 双良节能 门槛未过→仅观察 (amp=4.2% amt=9.2亿 lot=780元)
[11:04:00] BASE 600481 双良节能 门槛未过→仅观察 (amp=4.2% amt=9.2亿 lot=780元)
[11:05:00] BASE 600481 双良节能 门槛未过→仅观察 (amp=4.2% amt=9.2亿 lot=780元)
[11:06:00] BASE 600481 双良节能 门槛未过→仅观察 (amp=4.2% amt=9.2亿 lot=780元)
[11:07:00] BASE 600481 双良节能 门槛未过→仅观察 (amp=4.2% amt=9.2亿 lot=780元)
[11:08:00] BASE 600481 双良节能 门槛未过→仅观察 (amp=4.2% amt=9.2亿 lot=780元)
[11:09:00] BASE 600481 双良节能 门槛未过→仅观察 (amp=4.2% amt=9.2亿 lot=780元)
[11:10:00] BASE 600481 双良节能 门槛未过→仅观察 (amp=4.2% amt=9.2亿 lot=780元)
[11:11:00] BASE 600481 双良节能 门槛未过→仅观察 (amp=4.2% amt=9.2亿 lot=780元)
[11:12:00] BASE 600481 双良节能 门槛未过→仅观察 (amp=4.2% amt=9.2亿 lot=780元)
[11:13:00] BASE 600481 双良节能 门槛未过→仅观察 (amp=4.2% amt=9.2亿 lot=780元)
[11:14:00] BASE 600481 双良节能 门槛未过→仅观察 (amp=4.2% amt=9.2亿 lot=780元)
[11:15:00] BASE 600481 双良节能 门槛未过→仅观察 (amp=4.2% amt=9.2亿 lot=780元)
[11:16:00] BASE 600481 双良节能 门槛未过→仅观察 (amp=4.2% amt=9.2亿 lot=780元)
[11:17:00] BASE 600481 双良节能 门槛未过→仅观察 (amp=4.2% amt=9.2亿 lot=780元)
[11:18:00] BASE 600481 双良节能 门槛未过→仅观察 (amp=4.2% amt=9.2亿 lot=780元)
[11:19:00] BASE 600481 双良节能 门槛未过→仅观察 (amp=4.2% amt=9.2亿 lot=780元)
[11:20:00] BASE 600481 双良节能 门槛未过→仅观察 (amp=4.2% amt=9.2亿 lot=780元)
[11:21:00] BASE 600481 双良节能 门槛未过→仅观察 (amp=4.2% amt=9.2亿 lot=780元)
[11:22:00] BASE 600481 双良节能 门槛未过→仅观察 (amp=4.2% amt=9.2亿 lot=780元)
[11:23:00] BASE 600481 双良节能 门槛未过→仅观察 (amp=4.2% amt=9.2亿 lot=780元)
[11:24:00] BASE 600481 双良节能 门槛未过→仅观察 (amp=4.2% amt=9.2亿 lot=780元)
[11:25:00] BASE 600481 双良节能 门槛未过→仅观察 (amp=4.2% amt=9.2亿 lot=780元)
[11:26:00] BASE 600481 双良节能 门槛未过→仅观察 (amp=4.2% amt=9.2亿 lot=780元)
[11:27:00] BASE 600481 双良节能 门槛未过→仅观察 (amp=4.2% amt=9.2亿 lot=780元)
[11:28:00] BASE 600481 双良节能 门槛未过→仅观察 (amp=4.2% amt=9.2亿 lot=780元)
[11:29:00] BASE 600481 双良节能 门槛未过→仅观察 (amp=4.2% amt=9.2亿 lot=780元)
[11:30:00] BASE 600481 双良节能 门槛未过→仅观察 (amp=4.2% amt=9.2亿 lot=780元)
[13:01:00] BASE 600481 双良节能 门槛未过→仅观察 (amp=4.2% amt=9.2亿 lot=780元)
[13:02:00] BASE 600481 双良节能 门槛未过→仅观察 (amp=4.2% amt=9.2亿 lot=780元)
[13:03:00] BASE 600481 双良节能 门槛未过→仅观察 (amp=4.2% amt=9.2亿 lot=780元)
[13:04:00] BASE 600481 双良节能 门槛未过→仅观察 (amp=4.2% amt=9.2亿 lot=780元)
[13:05:00] BASE 600481 双良节能 门槛未过→仅观察 (amp=4.2% amt=9.2亿 lot=780元)
[13:06:00] BASE 600481 双良节能 门槛未过→仅观察 (amp=4.2% amt=9.2亿 lot=780元)
[13:07:00] BASE 600481 双良节能 门槛未过→仅观察 (amp=4.2% amt=9.2亿 lot=780元)
[13:08:00] BASE 600481 双良节能 门槛未过→仅观察 (amp=4.2% amt=9.2亿 lot=780元)
[13:09:00] BASE 600481 双良节能 门槛未过→仅观察 (amp=4.2% amt=9.2亿 lot=780元)
[13:10:00] BASE 600481 双良节能 门槛未过→仅观察 (amp=4.2% amt=9.2亿 lot=780元)
[13:11:00] BASE 600481 双良节能 门槛未过→仅观察 (amp=4.2% amt=9.2亿 lot=780元)
[13:12:00] BASE 600481 双良节能 门槛未过→仅观察 (amp=4.2% amt=9.2亿 lot=780元)
[13:13:00] BASE 600481 双良节能 门槛未过→仅观察 (amp=4.2% amt=9.2亿 lot=780元)
[13:14:00] BASE 600481 双良节能 门槛未过→仅观察 (amp=4.2% amt=9.2亿 lot=780元)
[13:15:00] BASE 600481 双良节能 门槛未过→仅观察 (amp=4.2% amt=9.2亿 lot=780元)
[13:16:00] BASE 600481 双良节能 门槛未过→仅观察 (amp=4.2% amt=9.2亿 lot=780元)
[13:17:00] BASE 600481 双良节能 门槛未过→仅观察 (amp=4.2% amt=9.2亿 lot=780元)
[13:18:00] BASE 600481 双良节能 门槛未过→仅观察 (amp=4.2% amt=9.2亿 lot=780元)
[13:19:00] BASE 600481 双良节能 门槛未过→仅观察 (amp=4.2% amt=9.2亿 lot=780元)
[13:20:00] BASE 600481 双良节能 门槛未过→仅观察 (amp=4.2% amt=9.2亿 lot=780元)
[13:21:00] BASE 600481 双良节能 门槛未过→仅观察 (amp=4.2% amt=9.2亿 lot=780元)
[13:22:00] BASE 600481 双良节能 门槛未过→仅观察 (amp=4.2% amt=9.2亿 lot=780元)
[13:23:00] BASE 600481 双良节能 门槛未过→仅观察 (amp=4.2% amt=9.2亿 lot=780元)
[13:24:00] BASE 600481 双良节能 门槛未过→仅观察 (amp=4.2% amt=9.2亿 lot=780元)
[13:25:00] BASE 600481 双良节能 门槛未过→仅观察 (amp=4.2% amt=9.2亿 lot=780元)
[13:26:00] BASE 600481 双良节能 门槛未过→仅观察 (amp=4.2% amt=9.2亿 lot=780元)
[13:27:00] BASE 600481 双良节能 门槛未过→仅观察 (amp=4.2% amt=9.2亿 lot=780元)
[13:28:00] BASE 600481 双良节能 门槛未过→仅观察 (amp=4.2% amt=9.2亿 lot=780元)
[13:29:00] BASE 600481 双良节能 门槛未过→仅观察 (amp=4.2% amt=9.2亿 lot=780元)
[13:30:00] BASE 600481 双良节能 门槛未过→仅观察 (amp=4.2% amt=9.2亿 lot=780元)
[13:31:00] BASE 600481 双良节能 门槛未过→仅观察 (amp=4.2% amt=9.2亿 lot=780元)
[13:32:00] BASE 600481 双良节能 门槛未过→仅观察 (amp=4.2% amt=9.2亿 lot=780元)
[13:33:00] BASE 600481 双良节能 门槛未过→仅观察 (amp=4.2% amt=9.2亿 lot=780元)
[13:34:00] BASE 600481 双良节能 门槛未过→仅观察 (amp=4.2% amt=9.2亿 lot=780元)
[13:35:00] BASE 600481 双良节能 门槛未过→仅观察 (amp=4.2% amt=9.2亿 lot=780元)
[13:36:00] BASE 600481 双良节能 门槛未过→仅观察 (amp=4.2% amt=9.2亿 lot=780元)
[13:37:00] BASE 600481 双良节能 门槛未过→仅观察 (amp=4.2% amt=9.2亿 lot=780元)
[13:38:00] BASE 600481 双良节能 门槛未过→仅观察 (amp=4.2% amt=9.2亿 lot=780元)
[13:39:00] BASE 600481 双良节能 门槛未过→仅观察 (amp=4.2% amt=9.2亿 lot=780元)
[13:40:00] BASE 600481 双良节能 门槛未过→仅观察 (amp=4.2% amt=9.2亿 lot=780元)
[13:41:00] BASE 600481 双良节能 门槛未过→仅观察 (amp=4.2% amt=9.2亿 lot=780元)
[13:42:00] BASE 600481 双良节能 门槛未过→仅观察 (amp=4.2% amt=9.2亿 lot=780元)
[13:43:00] BASE 600481 双良节能 门槛未过→仅观察 (amp=4.2% amt=9.2亿 lot=780元)
[13:44:00] BASE 600481 双良节能 门槛未过→仅观察 (amp=4.2% amt=9.2亿 lot=780元)
[13:45:00] BASE 600481 双良节能 门槛未过→仅观察 (amp=4.2% amt=9.2亿 lot=780元)
[13:46:00] BASE 600481 双良节能 门槛未过→仅观察 (amp=4.2% amt=9.2亿 lot=780元)
[13:47:00] BASE 600481 双良节能 门槛未过→仅观察 (amp=4.2% amt=9.2亿 lot=780元)
[13:48:00] BASE 600481 双良节能 门槛未过→仅观察 (amp=4.2% amt=9.2亿 lot=780元)
[13:49:00] BASE 600481 双良节能 门槛未过→仅观察 (amp=4.2% amt=9.2亿 lot=780元)
[13:50:00] BASE 600481 双良节能 门槛未过→仅观察 (amp=4.2% amt=9.2亿 lot=780元)
[13:51:00] BASE 600481 双良节能 门槛未过→仅观察 (amp=4.2% amt=9.2亿 lot=780元)
[13:52:00] BASE 600481 双良节能 门槛未过→仅观察 (amp=4.2% amt=9.2亿 lot=780元)
[13:53:00] BASE 600481 双良节能 门槛未过→仅观察 (amp=4.2% amt=9.2亿 lot=780元)
[13:54:00] BASE 600481 双良节能 门槛未过→仅观察 (amp=4.2% amt=9.2亿 lot=780元)
[13:55:00] BASE 600481 双良节能 门槛未过→仅观察 (amp=4.2% amt=9.2亿 lot=780元)
[13:56:00] BASE 600481 双良节能 门槛未过→仅观察 (amp=4.2% amt=9.2亿 lot=780元)
[13:57:00] BASE 600481 双良节能 门槛未过→仅观察 (amp=4.2% amt=9.2亿 lot=780元)
[13:58:00] BASE 600481 双良节能 门槛未过→仅观察 (amp=4.2% amt=9.2亿 lot=780元)
[13:59:00] BASE 600481 双良节能 门槛未过→仅观察 (amp=4.2% amt=9.2亿 lot=780元)
[14:00:00] BASE 600481 双良节能 门槛未过→仅观察 (amp=4.2% amt=9.2亿 lot=780元)
[14:01:00] BASE 600481 双良节能 门槛未过→仅观察 (amp=4.2% amt=9.2亿 lot=780元)
[14:02:00] BASE 600481 双良节能 门槛未过→仅观察 (amp=4.2% amt=9.2亿 lot=780元)
[14:03:00] BASE 600481 双良节能 门槛未过→仅观察 (amp=4.2% amt=9.2亿 lot=780元)
[14:04:00] BASE 600481 双良节能 门槛未过→仅观察 (amp=4.2% amt=9.2亿 lot=780元)
[14:05:00] BASE 600481 双良节能 门槛未过→仅观察 (amp=4.2% amt=9.2亿 lot=780元)
[14:06:00] BASE 600481 双良节能 门槛未过→仅观察 (amp=4.2% amt=9.2亿 lot=780元)
[14:07:00] BASE 600481 双良节能 门槛未过→仅观察 (amp=4.2% amt=9.2亿 lot=780元)
[14:08:00] BASE 600481 双良节能 门槛未过→仅观察 (amp=4.2% amt=9.2亿 lot=780元)
[14:09:00] BASE 600481 双良节能 门槛未过→仅观察 (amp=4.2% amt=9.2亿 lot=780元)
[14:10:00] BASE 600481 双良节能 门槛未过→仅观察 (amp=4.2% amt=9.2亿 lot=780元)
[14:11:00] BASE 600481 双良节能 门槛未过→仅观察 (amp=4.2% amt=9.2亿 lot=780元)
[14:12:00] BASE 600481 双良节能 门槛未过→仅观察 (amp=4.2% amt=9.2亿 lot=780元)
[14:13:00] BASE 600481 双良节能 门槛未过→仅观察 (amp=4.2% amt=9.2亿 lot=780元)
[14:14:00] BASE 600481 双良节能 门槛未过→仅观察 (amp=4.2% amt=9.2亿 lot=780元)
[14:15:00] BASE 600481 双良节能 门槛未过→仅观察 (amp=4.2% amt=9.2亿 lot=780元)
[14:16:00] BASE 600481 双良节能 门槛未过→仅观察 (amp=4.2% amt=9.2亿 lot=780元)
[14:17:00] BASE 600481 双良节能 门槛未过→仅观察 (amp=4.2% amt=9.2亿 lot=780元)
[14:18:00] BASE 600481 双良节能 门槛未过→仅观察 (amp=4.2% amt=9.2亿 lot=780元)
[14:19:00] BASE 600481 双良节能 门槛未过→仅观察 (amp=4.2% amt=9.2亿 lot=780元)
[14:20:00] BASE 600481 双良节能 门槛未过→仅观察 (amp=4.2% amt=9.2亿 lot=780元)
[14:21:00] BASE 600481 双良节能 门槛未过→仅观察 (amp=4.2% amt=9.2亿 lot=780元)
[14:22:00] BASE 600481 双良节能 门槛未过→仅观察 (amp=4.2% amt=9.2亿 lot=780元)
[14:23:00] BASE 600481 双良节能 门槛未过→仅观察 (amp=4.2% amt=9.2亿 lot=780元)
[14:24:00] BASE 600481 双良节能 门槛未过→仅观察 (amp=4.2% amt=9.2亿 lot=780元)
[14:25:00] BASE 600481 双良节能 门槛未过→仅观察 (amp=4.2% amt=9.2亿 lot=780元)
[14:26:00] BASE 600481 双良节能 门槛未过→仅观察 (amp=4.2% amt=9.2亿 lot=780元)
[14:27:00] BASE 600481 双良节能 门槛未过→仅观察 (amp=4.2% amt=9.2亿 lot=780元)
[14:28:00] BASE 600481 双良节能 门槛未过→仅观察 (amp=4.2% amt=9.2亿 lot=780元)
[14:29:00] BASE 600481 双良节能 门槛未过→仅观察 (amp=4.2% amt=9.2亿 lot=780元)
[14:30:00] BASE 600481 双良节能 门槛未过→仅观察 (amp=4.2% amt=9.2亿 lot=780元)
[14:31:00] BASE 600481 双良节能 门槛未过→仅观察 (amp=4.2% amt=9.2亿 lot=780元)
[14:32:00] BASE 600481 双良节能 门槛未过→仅观察 (amp=4.2% amt=9.2亿 lot=780元)
[14:33:00] BASE 600481 双良节能 门槛未过→仅观察 (amp=4.2% amt=9.2亿 lot=780元)
[14:34:00] BASE 600481 双良节能 门槛未过→仅观察 (amp=4.2% amt=9.2亿 lot=780元)
[14:35:00] BASE 600481 双良节能 门槛未过→仅观察 (amp=4.2% amt=9.2亿 lot=780元)
[14:36:00] BASE 600481 双良节能 门槛未过→仅观察 (amp=4.2% amt=9.2亿 lot=780元)
[14:37:00] BASE 600481 双良节能 门槛未过→仅观察 (amp=4.2% amt=9.2亿 lot=780元)
[14:38:00] BASE 600481 双良节能 门槛未过→仅观察 (amp=4.2% amt=9.2亿 lot=780元)
[14:39:00] BASE 600481 双良节能 门槛未过→仅观察 (amp=4.2% amt=9.2亿 lot=780元)
[14:40:00] BASE 600481 双良节能 门槛未过→仅观察 (amp=4.2% amt=9.2亿 lot=780元)
[14:41:00] BASE 600481 双良节能 门槛未过→仅观察 (amp=4.2% amt=9.2亿 lot=780元)
[14:42:00] BASE 600481 双良节能 门槛未过→仅观察 (amp=4.2% amt=9.2亿 lot=780元)
[14:43:00] BASE 600481 双良节能 门槛未过→仅观察 (amp=4.2% amt=9.2亿 lot=780元)
[14:44:00] BASE 600481 双良节能 门槛未过→仅观察 (amp=4.2% amt=9.2亿 lot=780元)
[14:45:00] BASE 600481 双良节能 门槛未过→仅观察 (amp=4.2% amt=9.2亿 lot=780元)
[14:46:00] BASE 600481 双良节能 门槛未过→仅观察 (amp=4.2% amt=9.2亿 lot=780元)
[14:47:00] BASE 600481 双良节能 门槛未过→仅观察 (amp=4.2% amt=9.2亿 lot=780元)
[14:48:00] BASE 600481 双良节能 门槛未过→仅观察 (amp=4.2% amt=9.2亿 lot=780元)
[14:49:00] BASE 600481 双良节能 门槛未过→仅观察 (amp=4.2% amt=9.2亿 lot=780元)
[14:50:00] BASE 600481 双良节能 门槛未过→仅观察 (amp=4.2% amt=9.2亿 lot=780元)
[14:51:00] BASE 600481 双良节能 门槛未过→仅观察 (amp=4.2% amt=9.2亿 lot=780元)
[14:52:00] BASE 600481 双良节能 门槛未过→仅观察 (amp=4.2% amt=9.2亿 lot=780元)
[14:53:00] BASE 600481 双良节能 门槛未过→仅观察 (amp=4.2% amt=9.2亿 lot=780元)
[14:54:00] BASE 600481 双良节能 门槛未过→仅观察 (amp=4.2% amt=9.2亿 lot=780元)
[14:55:00] BASE 600481 双良节能 门槛未过→仅观察 (amp=4.2% amt=9.2亿 lot=780元)
[14:56:00] BASE 600481 双良节能 门槛未过→仅观察 (amp=4.2% amt=9.2亿 lot=780元)
[14:57:00] BASE 600481 双良节能 门槛未过→仅观察 (amp=4.2% amt=9.2亿 lot=780元)
[14:58:00] BASE 600481 双良节能 门槛未过→仅观察 (amp=4.2% amt=9.2亿 lot=780元)
[15:00:00] BASE 600481 双良节能 门槛未过→仅观察 (amp=4.2% amt=9.2亿 lot=780元)
[ir] 2026-05-25 regime=range score=-3.9
[09:31:00] BASE 600481 双良节能 门槛未过→仅观察 (amp=4.3% amt=10.1亿 lot=765元)
[09:32:00] BASE 600481 双良节能 门槛未过→仅观察 (amp=4.3% amt=10.1亿 lot=765元)
[09:33:00] BASE 600481 双良节能 门槛未过→仅观察 (amp=4.3% amt=10.1亿 lot=765元)
[09:34:00] BASE 600481 双良节能 门槛未过→仅观察 (amp=4.3% amt=10.1亿 lot=765元)
[09:35:00] BASE 600481 双良节能 门槛未过→仅观察 (amp=4.3% amt=10.1亿 lot=765元)
[09:36:00] BASE 600481 双良节能 门槛未过→仅观察 (amp=4.3% amt=10.1亿 lot=765元)
[09:37:00] BASE 600481 双良节能 门槛未过→仅观察 (amp=4.3% amt=10.1亿 lot=765元)
[09:38:00] BASE 600481 双良节能 门槛未过→仅观察 (amp=4.3% amt=10.1亿 lot=765元)
[09:39:00] BASE 600481 双良节能 门槛未过→仅观察 (amp=4.3% amt=10.1亿 lot=765元)
[09:40:00] BASE 600481 双良节能 门槛未过→仅观察 (amp=4.3% amt=10.1亿 lot=765元)
[09:41:00] BASE 600481 双良节能 门槛未过→仅观察 (amp=4.3% amt=10.1亿 lot=765元)
[09:42:00] BASE 600481 双良节能 门槛未过→仅观察 (amp=4.3% amt=10.1亿 lot=765元)
[09:43:00] BASE 600481 双良节能 门槛未过→仅观察 (amp=4.3% amt=10.1亿 lot=765元)
[09:44:00] BASE 600481 双良节能 门槛未过→仅观察 (amp=4.3% amt=10.1亿 lot=765元)
[09:45:00] BASE 600481 双良节能 门槛未过→仅观察 (amp=4.3% amt=10.1亿 lot=765元)
[09:46:00] BASE 600481 双良节能 门槛未过→仅观察 (amp=4.3% amt=10.1亿 lot=765元)
[09:47:00] BASE 600481 双良节能 门槛未过→仅观察 (amp=4.3% amt=10.1亿 lot=765元)
[09:48:00] BASE 600481 双良节能 门槛未过→仅观察 (amp=4.3% amt=10.1亿 lot=765元)
[09:49:00] BASE 600481 双良节能 门槛未过→仅观察 (amp=4.3% amt=10.1亿 lot=765元)
[09:50:00] BASE 600481 双良节能 门槛未过→仅观察 (amp=4.3% amt=10.1亿 lot=765元)
[09:51:00] BASE 600481 双良节能 门槛未过→仅观察 (amp=4.3% amt=10.1亿 lot=765元)
[09:52:00] BASE 600481 双良节能 门槛未过→仅观察 (amp=4.3% amt=10.1亿 lot=765元)
[09:53:00] BASE 600481 双良节能 门槛未过→仅观察 (amp=4.3% amt=10.1亿 lot=765元)
[09:54:00] BASE 600481 双良节能 门槛未过→仅观察 (amp=4.3% amt=10.1亿 lot=765元)
[09:55:00] BASE 600481 双良节能 门槛未过→仅观察 (amp=4.3% amt=10.1亿 lot=765元)
[09:56:00] BASE 600481 双良节能 门槛未过→仅观察 (amp=4.3% amt=10.1亿 lot=765元)
[09:57:00] BASE 600481 双良节能 门槛未过→仅观察 (amp=4.3% amt=10.1亿 lot=765元)
[09:58:00] BASE 600481 双良节能 门槛未过→仅观察 (amp=4.3% amt=10.1亿 lot=765元)
[09:59:00] BASE 600481 双良节能 门槛未过→仅观察 (amp=4.3% amt=10.1亿 lot=765元)
[10:00:00] BASE 600481 双良节能 门槛未过→仅观察 (amp=4.3% amt=10.1亿 lot=765元)
[10:01:00] BASE 600481 双良节能 门槛未过→仅观察 (amp=4.3% amt=10.1亿 lot=765元)
[10:02:00] BASE 600481 双良节能 门槛未过→仅观察 (amp=4.3% amt=10.1亿 lot=765元)
[10:03:00] BASE 600481 双良节能 门槛未过→仅观察 (amp=4.3% amt=10.1亿 lot=765元)
[10:04:00] BASE 600481 双良节能 门槛未过→仅观察 (amp=4.3% amt=10.1亿 lot=765元)
[10:05:00] BASE 600481 双良节能 门槛未过→仅观察 (amp=4.3% amt=10.1亿 lot=765元)
[10:06:00] BASE 600481 双良节能 门槛未过→仅观察 (amp=4.3% amt=10.1亿 lot=765元)
[10:07:00] BASE 600481 双良节能 门槛未过→仅观察 (amp=4.3% amt=10.1亿 lot=765元)
[10:08:00] BASE 600481 双良节能 门槛未过→仅观察 (amp=4.3% amt=10.1亿 lot=765元)
[10:09:00] BASE 600481 双良节能 门槛未过→仅观察 (amp=4.3% amt=10.1亿 lot=765元)
[10:10:00] BASE 600481 双良节能 门槛未过→仅观察 (amp=4.3% amt=10.1亿 lot=765元)
[10:11:00] BASE 600481 双良节能 门槛未过→仅观察 (amp=4.3% amt=10.1亿 lot=765元)
[10:12:00] BASE 600481 双良节能 门槛未过→仅观察 (amp=4.3% amt=10.1亿 lot=765元)
[10:13:00] BASE 600481 双良节能 门槛未过→仅观察 (amp=4.3% amt=10.1亿 lot=765元)
[10:14:00] BASE 600481 双良节能 门槛未过→仅观察 (amp=4.3% amt=10.1亿 lot=765元)
[10:15:00] BASE 600481 双良节能 门槛未过→仅观察 (amp=4.3% amt=10.1亿 lot=765元)
[10:16:00] BASE 600481 双良节能 门槛未过→仅观察 (amp=4.3% amt=10.1亿 lot=765元)
[10:17:00] BASE 600481 双良节能 门槛未过→仅观察 (amp=4.3% amt=10.1亿 lot=765元)
[10:18:00] BASE 600481 双良节能 门槛未过→仅观察 (amp=4.3% amt=10.1亿 lot=765元)
[10:19:00] BASE 600481 双良节能 门槛未过→仅观察 (amp=4.3% amt=10.1亿 lot=765元)
[10:20:00] BASE 600481 双良节能 门槛未过→仅观察 (amp=4.3% amt=10.1亿 lot=765元)
[10:21:00] BASE 600481 双良节能 门槛未过→仅观察 (amp=4.3% amt=10.1亿 lot=765元)
[10:22:00] BASE 600481 双良节能 门槛未过→仅观察 (amp=4.3% amt=10.1亿 lot=765元)
[10:23:00] BASE 600481 双良节能 门槛未过→仅观察 (amp=4.3% amt=10.1亿 lot=765元)
[10:24:00] BASE 600481 双良节能 门槛未过→仅观察 (amp=4.3% amt=10.1亿 lot=765元)
[10:25:00] BASE 600481 双良节能 门槛未过→仅观察 (amp=4.3% amt=10.1亿 lot=765元)
[10:26:00] BASE 600481 双良节能 门槛未过→仅观察 (amp=4.3% amt=10.1亿 lot=765元)
[10:27:00] BASE 600481 双良节能 门槛未过→仅观察 (amp=4.3% amt=10.1亿 lot=765元)
[10:28:00] BASE 600481 双良节能 门槛未过→仅观察 (amp=4.3% amt=10.1亿 lot=765元)
[10:29:00] BASE 600481 双良节能 门槛未过→仅观察 (amp=4.3% amt=10.1亿 lot=765元)
[10:30:00] BASE 600481 双良节能 门槛未过→仅观察 (amp=4.3% amt=10.1亿 lot=765元)
[10:31:00] BASE 600481 双良节能 门槛未过→仅观察 (amp=4.3% amt=10.1亿 lot=765元)
[10:32:00] BASE 600481 双良节能 门槛未过→仅观察 (amp=4.3% amt=10.1亿 lot=765元)
[10:33:00] BASE 600481 双良节能 门槛未过→仅观察 (amp=4.3% amt=10.1亿 lot=765元)
[10:34:00] BASE 600481 双良节能 门槛未过→仅观察 (amp=4.3% amt=10.1亿 lot=765元)
[10:35:00] BASE 600481 双良节能 门槛未过→仅观察 (amp=4.3% amt=10.1亿 lot=765元)
[10:36:00] BASE 600481 双良节能 门槛未过→仅观察 (amp=4.3% amt=10.1亿 lot=765元)
[10:37:00] BASE 600481 双良节能 门槛未过→仅观察 (amp=4.3% amt=10.1亿 lot=765元)
[10:38:00] BASE 600481 双良节能 门槛未过→仅观察 (amp=4.3% amt=10.1亿 lot=765元)
[10:39:00] BASE 600481 双良节能 门槛未过→仅观察 (amp=4.3% amt=10.1亿 lot=765元)
[10:40:00] BASE 600481 双良节能 门槛未过→仅观察 (amp=4.3% amt=10.1亿 lot=765元)
[10:41:00] BASE 600481 双良节能 门槛未过→仅观察 (amp=4.3% amt=10.1亿 lot=765元)
[10:42:00] BASE 600481 双良节能 门槛未过→仅观察 (amp=4.3% amt=10.1亿 lot=765元)
[10:43:00] BASE 600481 双良节能 门槛未过→仅观察 (amp=4.3% amt=10.1亿 lot=765元)
[10:44:00] BASE 600481 双良节能 门槛未过→仅观察 (amp=4.3% amt=10.1亿 lot=765元)
[10:45:00] BASE 600481 双良节能 门槛未过→仅观察 (amp=4.3% amt=10.1亿 lot=765元)
[10:46:00] BASE 600481 双良节能 门槛未过→仅观察 (amp=4.3% amt=10.1亿 lot=765元)
[10:47:00] BASE 600481 双良节能 门槛未过→仅观察 (amp=4.3% amt=10.1亿 lot=765元)
[10:48:00] BASE 600481 双良节能 门槛未过→仅观察 (amp=4.3% amt=10.1亿 lot=765元)
[10:49:00] BASE 600481 双良节能 门槛未过→仅观察 (amp=4.3% amt=10.1亿 lot=765元)
[10:50:00] BASE 600481 双良节能 门槛未过→仅观察 (amp=4.3% amt=10.1亿 lot=765元)
[10:51:00] BASE 600481 双良节能 门槛未过→仅观察 (amp=4.3% amt=10.1亿 lot=765元)
[10:52:00] BASE 600481 双良节能 门槛未过→仅观察 (amp=4.3% amt=10.1亿 lot=765元)
[10:53:00] BASE 600481 双良节能 门槛未过→仅观察 (amp=4.3% amt=10.1亿 lot=765元)
[10:54:00] BASE 600481 双良节能 门槛未过→仅观察 (amp=4.3% amt=10.1亿 lot=765元)
[10:55:00] BASE 600481 双良节能 门槛未过→仅观察 (amp=4.3% amt=10.1亿 lot=765元)
[10:56:00] BASE 600481 双良节能 门槛未过→仅观察 (amp=4.3% amt=10.1亿 lot=765元)
[10:57:00] BASE 600481 双良节能 门槛未过→仅观察 (amp=4.3% amt=10.1亿 lot=765元)
[10:58:00] BASE 600481 双良节能 门槛未过→仅观察 (amp=4.3% amt=10.1亿 lot=765元)
[10:59:00] BASE 600481 双良节能 门槛未过→仅观察 (amp=4.3% amt=10.1亿 lot=765元)
[11:00:00] BASE 600481 双良节能 门槛未过→仅观察 (amp=4.3% amt=10.1亿 lot=765元)
[11:01:00] BASE 600481 双良节能 门槛未过→仅观察 (amp=4.3% amt=10.1亿 lot=765元)
[11:02:00] BASE 600481 双良节能 门槛未过→仅观察 (amp=4.3% amt=10.1亿 lot=765元)
[11:03:00] BASE 600481 双良节能 门槛未过→仅观察 (amp=4.3% amt=10.1亿 lot=765元)
[11:04:00] BASE 600481 双良节能 门槛未过→仅观察 (amp=4.3% amt=10.1亿 lot=765元)
[11:05:00] BASE 600481 双良节能 门槛未过→仅观察 (amp=4.3% amt=10.1亿 lot=765元)
[11:06:00] BASE 600481 双良节能 门槛未过→仅观察 (amp=4.3% amt=10.1亿 lot=765元)
[11:07:00] BASE 600481 双良节能 门槛未过→仅观察 (amp=4.3% amt=10.1亿 lot=765元)
[11:08:00] BASE 600481 双良节能 门槛未过→仅观察 (amp=4.3% amt=10.1亿 lot=765元)
[11:09:00] BASE 600481 双良节能 门槛未过→仅观察 (amp=4.3% amt=10.1亿 lot=765元)
[11:10:00] BASE 600481 双良节能 门槛未过→仅观察 (amp=4.3% amt=10.1亿 lot=765元)
[11:11:00] BASE 600481 双良节能 门槛未过→仅观察 (amp=4.3% amt=10.1亿 lot=765元)
[11:12:00] BASE 600481 双良节能 门槛未过→仅观察 (amp=4.3% amt=10.1亿 lot=765元)
[11:13:00] BASE 600481 双良节能 门槛未过→仅观察 (amp=4.3% amt=10.1亿 lot=765元)
[11:14:00] BASE 600481 双良节能 门槛未过→仅观察 (amp=4.3% amt=10.1亿 lot=765元)
[11:15:00] BASE 600481 双良节能 门槛未过→仅观察 (amp=4.3% amt=10.1亿 lot=765元)
[11:16:00] BASE 600481 双良节能 门槛未过→仅观察 (amp=4.3% amt=10.1亿 lot=765元)
[11:17:00] BASE 600481 双良节能 门槛未过→仅观察 (amp=4.3% amt=10.1亿 lot=765元)
[11:18:00] BASE 600481 双良节能 门槛未过→仅观察 (amp=4.3% amt=10.1亿 lot=765元)
[11:19:00] BASE 600481 双良节能 门槛未过→仅观察 (amp=4.3% amt=10.1亿 lot=765元)
[11:20:00] BASE 600481 双良节能 门槛未过→仅观察 (amp=4.3% amt=10.1亿 lot=765元)
[11:21:00] BASE 600481 双良节能 门槛未过→仅观察 (amp=4.3% amt=10.1亿 lot=765元)
[11:22:00] BASE 600481 双良节能 门槛未过→仅观察 (amp=4.3% amt=10.1亿 lot=765元)
[11:23:00] BASE 600481 双良节能 门槛未过→仅观察 (amp=4.3% amt=10.1亿 lot=765元)
[11:24:00] BASE 600481 双良节能 门槛未过→仅观察 (amp=4.3% amt=10.1亿 lot=765元)
[11:25:00] BASE 600481 双良节能 门槛未过→仅观察 (amp=4.3% amt=10.1亿 lot=765元)
[11:26:00] BASE 600481 双良节能 门槛未过→仅观察 (amp=4.3% amt=10.1亿 lot=765元)
[11:27:00] BASE 600481 双良节能 门槛未过→仅观察 (amp=4.3% amt=10.1亿 lot=765元)
[11:28:00] BASE 600481 双良节能 门槛未过→仅观察 (amp=4.3% amt=10.1亿 lot=765元)
[11:29:00] BASE 600481 双良节能 门槛未过→仅观察 (amp=4.3% amt=10.1亿 lot=765元)
[11:30:00] BASE 600481 双良节能 门槛未过→仅观察 (amp=4.3% amt=10.1亿 lot=765元)
[13:01:00] BASE 600481 双良节能 门槛未过→仅观察 (amp=4.3% amt=10.1亿 lot=765元)
[13:02:00] BASE 600481 双良节能 门槛未过→仅观察 (amp=4.3% amt=10.1亿 lot=765元)
[13:03:00] BASE 600481 双良节能 门槛未过→仅观察 (amp=4.3% amt=10.1亿 lot=765元)
[13:04:00] BASE 600481 双良节能 门槛未过→仅观察 (amp=4.3% amt=10.1亿 lot=765元)
[13:05:00] BASE 600481 双良节能 门槛未过→仅观察 (amp=4.3% amt=10.1亿 lot=765元)
[13:06:00] BASE 600481 双良节能 门槛未过→仅观察 (amp=4.3% amt=10.1亿 lot=765元)
[13:07:00] BASE 600481 双良节能 门槛未过→仅观察 (amp=4.3% amt=10.1亿 lot=765元)
[13:08:00] BASE 600481 双良节能 门槛未过→仅观察 (amp=4.3% amt=10.1亿 lot=765元)
[13:09:00] BASE 600481 双良节能 门槛未过→仅观察 (amp=4.3% amt=10.1亿 lot=765元)
[13:10:00] BASE 600481 双良节能 门槛未过→仅观察 (amp=4.3% amt=10.1亿 lot=765元)
[13:11:00] BASE 600481 双良节能 门槛未过→仅观察 (amp=4.3% amt=10.1亿 lot=765元)
[13:12:00] BASE 600481 双良节能 门槛未过→仅观察 (amp=4.3% amt=10.1亿 lot=765元)
[13:13:00] BASE 600481 双良节能 门槛未过→仅观察 (amp=4.3% amt=10.1亿 lot=765元)
[13:14:00] BASE 600481 双良节能 门槛未过→仅观察 (amp=4.3% amt=10.1亿 lot=765元)
[13:15:00] BASE 600481 双良节能 门槛未过→仅观察 (amp=4.3% amt=10.1亿 lot=765元)
[13:16:00] BASE 600481 双良节能 门槛未过→仅观察 (amp=4.3% amt=10.1亿 lot=765元)
[13:17:00] BASE 600481 双良节能 门槛未过→仅观察 (amp=4.3% amt=10.1亿 lot=765元)
[13:18:00] BASE 600481 双良节能 门槛未过→仅观察 (amp=4.3% amt=10.1亿 lot=765元)
[13:19:00] BASE 600481 双良节能 门槛未过→仅观察 (amp=4.3% amt=10.1亿 lot=765元)
[13:20:00] BASE 600481 双良节能 门槛未过→仅观察 (amp=4.3% amt=10.1亿 lot=765元)
[13:21:00] BASE 600481 双良节能 门槛未过→仅观察 (amp=4.3% amt=10.1亿 lot=765元)
[13:22:00] BASE 600481 双良节能 门槛未过→仅观察 (amp=4.3% amt=10.1亿 lot=765元)
[13:23:00] BASE 600481 双良节能 门槛未过→仅观察 (amp=4.3% amt=10.1亿 lot=765元)
[13:24:00] BASE 600481 双良节能 门槛未过→仅观察 (amp=4.3% amt=10.1亿 lot=765元)
[13:25:00] BASE 600481 双良节能 门槛未过→仅观察 (amp=4.3% amt=10.1亿 lot=765元)
[13:26:00] BASE 600481 双良节能 门槛未过→仅观察 (amp=4.3% amt=10.1亿 lot=765元)
[13:27:00] BASE 600481 双良节能 门槛未过→仅观察 (amp=4.3% amt=10.1亿 lot=765元)
[13:28:00] BASE 600481 双良节能 门槛未过→仅观察 (amp=4.3% amt=10.1亿 lot=765元)
[13:29:00] BASE 600481 双良节能 门槛未过→仅观察 (amp=4.3% amt=10.1亿 lot=765元)
[13:30:00] BASE 600481 双良节能 门槛未过→仅观察 (amp=4.3% amt=10.1亿 lot=765元)
[13:31:00] BASE 600481 双良节能 门槛未过→仅观察 (amp=4.3% amt=10.1亿 lot=765元)
[13:32:00] BASE 600481 双良节能 门槛未过→仅观察 (amp=4.3% amt=10.1亿 lot=765元)
[13:33:00] BASE 600481 双良节能 门槛未过→仅观察 (amp=4.3% amt=10.1亿 lot=765元)
[13:34:00] BASE 600481 双良节能 门槛未过→仅观察 (amp=4.3% amt=10.1亿 lot=765元)
[13:35:00] BASE 600481 双良节能 门槛未过→仅观察 (amp=4.3% amt=10.1亿 lot=765元)
[13:36:00] BASE 600481 双良节能 门槛未过→仅观察 (amp=4.3% amt=10.1亿 lot=765元)
[13:37:00] BASE 600481 双良节能 门槛未过→仅观察 (amp=4.3% amt=10.1亿 lot=765元)
[13:38:00] BASE 600481 双良节能 门槛未过→仅观察 (amp=4.3% amt=10.1亿 lot=765元)
[13:39:00] BASE 600481 双良节能 门槛未过→仅观察 (amp=4.3% amt=10.1亿 lot=765元)
[13:40:00] BASE 600481 双良节能 门槛未过→仅观察 (amp=4.3% amt=10.1亿 lot=765元)
[13:41:00] BASE 600481 双良节能 门槛未过→仅观察 (amp=4.3% amt=10.1亿 lot=765元)
[13:42:00] BASE 600481 双良节能 门槛未过→仅观察 (amp=4.3% amt=10.1亿 lot=765元)
[13:43:00] BASE 600481 双良节能 门槛未过→仅观察 (amp=4.3% amt=10.1亿 lot=765元)
[13:44:00] BASE 600481 双良节能 门槛未过→仅观察 (amp=4.3% amt=10.1亿 lot=765元)
[13:45:00] BASE 600481 双良节能 门槛未过→仅观察 (amp=4.3% amt=10.1亿 lot=765元)
[13:46:00] BASE 600481 双良节能 门槛未过→仅观察 (amp=4.3% amt=10.1亿 lot=765元)
[13:47:00] BASE 600481 双良节能 门槛未过→仅观察 (amp=4.3% amt=10.1亿 lot=765元)
[13:48:00] BASE 600481 双良节能 门槛未过→仅观察 (amp=4.3% amt=10.1亿 lot=765元)
[13:49:00] BASE 600481 双良节能 门槛未过→仅观察 (amp=4.3% amt=10.1亿 lot=765元)
[13:50:00] BASE 600481 双良节能 门槛未过→仅观察 (amp=4.3% amt=10.1亿 lot=765元)
[13:51:00] BASE 600481 双良节能 门槛未过→仅观察 (amp=4.3% amt=10.1亿 lot=765元)
[13:52:00] BASE 600481 双良节能 门槛未过→仅观察 (amp=4.3% amt=10.1亿 lot=765元)
[13:53:00] BASE 600481 双良节能 门槛未过→仅观察 (amp=4.3% amt=10.1亿 lot=765元)
[13:54:00] BASE 600481 双良节能 门槛未过→仅观察 (amp=4.3% amt=10.1亿 lot=765元)
[13:55:00] BASE 600481 双良节能 门槛未过→仅观察 (amp=4.3% amt=10.1亿 lot=765元)
[13:56:00] BASE 600481 双良节能 门槛未过→仅观察 (amp=4.3% amt=10.1亿 lot=765元)
[13:57:00] BASE 600481 双良节能 门槛未过→仅观察 (amp=4.3% amt=10.1亿 lot=765元)
[13:58:00] BASE 600481 双良节能 门槛未过→仅观察 (amp=4.3% amt=10.1亿 lot=765元)
[13:59:00] BASE 600481 双良节能 门槛未过→仅观察 (amp=4.3% amt=10.1亿 lot=765元)
[14:00:00] BASE 600481 双良节能 门槛未过→仅观察 (amp=4.3% amt=10.1亿 lot=765元)
[14:01:00] BASE 600481 双良节能 门槛未过→仅观察 (amp=4.3% amt=10.1亿 lot=765元)
[14:02:00] BASE 600481 双良节能 门槛未过→仅观察 (amp=4.3% amt=10.1亿 lot=765元)
[14:02:00] SELL 000988 100@167.82 score=70 regime=range
[14:03:00] BASE 600481 双良节能 门槛未过→仅观察 (amp=4.3% amt=10.1亿 lot=765元)
[14:04:00] BASE 600481 双良节能 门槛未过→仅观察 (amp=4.3% amt=10.1亿 lot=765元)
[14:05:00] BASE 600481 双良节能 门槛未过→仅观察 (amp=4.3% amt=10.1亿 lot=765元)
[14:06:00] BASE 600481 双良节能 门槛未过→仅观察 (amp=4.3% amt=10.1亿 lot=765元)
[14:07:00] BASE 600481 双良节能 门槛未过→仅观察 (amp=4.3% amt=10.1亿 lot=765元)
[14:08:00] BASE 600481 双良节能 门槛未过→仅观察 (amp=4.3% amt=10.1亿 lot=765元)
[14:09:00] BASE 600481 双良节能 门槛未过→仅观察 (amp=4.3% amt=10.1亿 lot=765元)
[14:10:00] BASE 600481 双良节能 门槛未过→仅观察 (amp=4.3% amt=10.1亿 lot=765元)
[14:11:00] BASE 600481 双良节能 门槛未过→仅观察 (amp=4.3% amt=10.1亿 lot=765元)
[14:12:00] BASE 600481 双良节能 门槛未过→仅观察 (amp=4.3% amt=10.1亿 lot=765元)
[14:13:00] BASE 600481 双良节能 门槛未过→仅观察 (amp=4.3% amt=10.1亿 lot=765元)
[14:14:00] BASE 600481 双良节能 门槛未过→仅观察 (amp=4.3% amt=10.1亿 lot=765元)
[14:15:00] BASE 600481 双良节能 门槛未过→仅观察 (amp=4.3% amt=10.1亿 lot=765元)
[14:16:00] BASE 600481 双良节能 门槛未过→仅观察 (amp=4.3% amt=10.1亿 lot=765元)
[14:17:00] BASE 600481 双良节能 门槛未过→仅观察 (amp=4.3% amt=10.1亿 lot=765元)
[14:18:00] BASE 600481 双良节能 门槛未过→仅观察 (amp=4.3% amt=10.1亿 lot=765元)
[14:19:00] BASE 600481 双良节能 门槛未过→仅观察 (amp=4.3% amt=10.1亿 lot=765元)
[14:20:00] BASE 600481 双良节能 门槛未过→仅观察 (amp=4.3% amt=10.1亿 lot=765元)
[14:21:00] BASE 600481 双良节能 门槛未过→仅观察 (amp=4.3% amt=10.1亿 lot=765元)
[14:22:00] BASE 600481 双良节能 门槛未过→仅观察 (amp=4.3% amt=10.1亿 lot=765元)
[14:23:00] BASE 600481 双良节能 门槛未过→仅观察 (amp=4.3% amt=10.1亿 lot=765元)
[14:24:00] BASE 600481 双良节能 门槛未过→仅观察 (amp=4.3% amt=10.1亿 lot=765元)
[14:25:00] BASE 600481 双良节能 门槛未过→仅观察 (amp=4.3% amt=10.1亿 lot=765元)
[14:26:00] BASE 600481 双良节能 门槛未过→仅观察 (amp=4.3% amt=10.1亿 lot=765元)
[14:27:00] BASE 600481 双良节能 门槛未过→仅观察 (amp=4.3% amt=10.1亿 lot=765元)
[14:28:00] BASE 600481 双良节能 门槛未过→仅观察 (amp=4.3% amt=10.1亿 lot=765元)
[14:29:00] BASE 600481 双良节能 门槛未过→仅观察 (amp=4.3% amt=10.1亿 lot=765元)
[14:30:00] BASE 600481 双良节能 门槛未过→仅观察 (amp=4.3% amt=10.1亿 lot=765元)
[14:31:00] BASE 600481 双良节能 门槛未过→仅观察 (amp=4.3% amt=10.1亿 lot=765元)
[14:32:00] BASE 600481 双良节能 门槛未过→仅观察 (amp=4.3% amt=10.1亿 lot=765元)
[14:33:00] BASE 600481 双良节能 门槛未过→仅观察 (amp=4.3% amt=10.1亿 lot=765元)
[14:34:00] BASE 600481 双良节能 门槛未过→仅观察 (amp=4.3% amt=10.1亿 lot=765元)
[14:35:00] BASE 600481 双良节能 门槛未过→仅观察 (amp=4.3% amt=10.1亿 lot=765元)
[14:36:00] BASE 600481 双良节能 门槛未过→仅观察 (amp=4.3% amt=10.1亿 lot=765元)
[14:37:00] BASE 600481 双良节能 门槛未过→仅观察 (amp=4.3% amt=10.1亿 lot=765元)
[14:38:00] BASE 600481 双良节能 门槛未过→仅观察 (amp=4.3% amt=10.1亿 lot=765元)
[14:39:00] BASE 600481 双良节能 门槛未过→仅观察 (amp=4.3% amt=10.1亿 lot=765元)
[14:40:00] BASE 600481 双良节能 门槛未过→仅观察 (amp=4.3% amt=10.1亿 lot=765元)
[14:41:00] BASE 600481 双良节能 门槛未过→仅观察 (amp=4.3% amt=10.1亿 lot=765元)
[14:42:00] BASE 600481 双良节能 门槛未过→仅观察 (amp=4.3% amt=10.1亿 lot=765元)
[14:43:00] BASE 600481 双良节能 门槛未过→仅观察 (amp=4.3% amt=10.1亿 lot=765元)
[14:44:00] BASE 600481 双良节能 门槛未过→仅观察 (amp=4.3% amt=10.1亿 lot=765元)
[14:45:00] BASE 600481 双良节能 门槛未过→仅观察 (amp=4.3% amt=10.1亿 lot=765元)
[14:46:00] BASE 600481 双良节能 门槛未过→仅观察 (amp=4.3% amt=10.1亿 lot=765元)
[14:47:00] BASE 600481 双良节能 门槛未过→仅观察 (amp=4.3% amt=10.1亿 lot=765元)
[14:48:00] BASE 600481 双良节能 门槛未过→仅观察 (amp=4.3% amt=10.1亿 lot=765元)
[14:49:00] BASE 600481 双良节能 门槛未过→仅观察 (amp=4.3% amt=10.1亿 lot=765元)
[14:50:00] BASE 600481 双良节能 门槛未过→仅观察 (amp=4.3% amt=10.1亿 lot=765元)
[14:51:00] BASE 600481 双良节能 门槛未过→仅观察 (amp=4.3% amt=10.1亿 lot=765元)
[14:52:00] BASE 600481 双良节能 门槛未过→仅观察 (amp=4.3% amt=10.1亿 lot=765元)
[14:53:00] BASE 600481 双良节能 门槛未过→仅观察 (amp=4.3% amt=10.1亿 lot=765元)
[14:54:00] BASE 600481 双良节能 门槛未过→仅观察 (amp=4.3% amt=10.1亿 lot=765元)
[14:55:00] SELL 600176 100@39.29 score=69 regime=range
[14:55:00] BASE 600481 双良节能 门槛未过→仅观察 (amp=4.3% amt=10.1亿 lot=765元)
[14:56:00] BASE 600481 双良节能 门槛未过→仅观察 (amp=4.3% amt=10.1亿 lot=765元)
[14:57:00] BASE 600481 双良节能 门槛未过→仅观察 (amp=4.3% amt=10.1亿 lot=765元)
[14:58:00] BASE 600481 双良节能 门槛未过→仅观察 (amp=4.3% amt=10.1亿 lot=765元)
[15:00:00] BASE 600481 双良节能 门槛未过→仅观察 (amp=4.3% amt=10.1亿 lot=765元)
[ir] 2026-05-26 regime=range score=-4.2
[09:31:00] BASE 600176 中国巨石 下单 100股@39.27
[BASE] 600176 底仓成交 100股@39.27
[09:31:00] BASE 600481 双良节能 门槛未过→仅观察 (amp=4.7% amt=10.7亿 lot=732元)
[09:31:00] BASE 000988 华工科技 下单 100股@170.60
[BASE] 000988 底仓成交 100股@170.61
[09:32:00] BASE 600481 双良节能 门槛未过→仅观察 (amp=4.7% amt=10.7亿 lot=732元)
[09:33:00] BASE 600481 双良节能 门槛未过→仅观察 (amp=4.7% amt=10.7亿 lot=732元)
[09:34:00] BASE 600481 双良节能 门槛未过→仅观察 (amp=4.7% amt=10.7亿 lot=732元)
[09:35:00] BASE 600481 双良节能 门槛未过→仅观察 (amp=4.7% amt=10.7亿 lot=732元)
[09:36:00] BASE 600481 双良节能 门槛未过→仅观察 (amp=4.7% amt=10.7亿 lot=732元)
[09:37:00] BASE 600481 双良节能 门槛未过→仅观察 (amp=4.7% amt=10.7亿 lot=732元)
[09:38:00] BASE 600481 双良节能 门槛未过→仅观察 (amp=4.7% amt=10.7亿 lot=732元)
[09:39:00] BASE 600481 双良节能 门槛未过→仅观察 (amp=4.7% amt=10.7亿 lot=732元)
[09:40:00] BASE 600481 双良节能 门槛未过→仅观察 (amp=4.7% amt=10.7亿 lot=732元)
[09:41:00] BASE 600481 双良节能 门槛未过→仅观察 (amp=4.7% amt=10.7亿 lot=732元)
[09:42:00] BASE 600481 双良节能 门槛未过→仅观察 (amp=4.7% amt=10.7亿 lot=732元)
[09:43:00] BASE 600481 双良节能 门槛未过→仅观察 (amp=4.7% amt=10.7亿 lot=732元)
[09:44:00] BASE 600481 双良节能 门槛未过→仅观察 (amp=4.7% amt=10.7亿 lot=732元)
[09:45:00] BASE 600481 双良节能 门槛未过→仅观察 (amp=4.7% amt=10.7亿 lot=732元)
[09:46:00] BASE 600481 双良节能 门槛未过→仅观察 (amp=4.7% amt=10.7亿 lot=732元)
[09:47:00] BASE 600481 双良节能 门槛未过→仅观察 (amp=4.7% amt=10.7亿 lot=732元)
[09:48:00] BASE 600481 双良节能 门槛未过→仅观察 (amp=4.7% amt=10.7亿 lot=732元)
[09:49:00] BASE 600481 双良节能 门槛未过→仅观察 (amp=4.7% amt=10.7亿 lot=732元)
[09:50:00] BASE 600481 双良节能 门槛未过→仅观察 (amp=4.7% amt=10.7亿 lot=732元)
[09:51:00] BASE 600481 双良节能 门槛未过→仅观察 (amp=4.7% amt=10.7亿 lot=732元)
[09:52:00] BASE 600481 双良节能 门槛未过→仅观察 (amp=4.7% amt=10.7亿 lot=732元)
[09:53:00] BASE 600481 双良节能 门槛未过→仅观察 (amp=4.7% amt=10.7亿 lot=732元)
[09:54:00] BASE 600481 双良节能 门槛未过→仅观察 (amp=4.7% amt=10.7亿 lot=732元)
[09:55:00] BASE 600481 双良节能 门槛未过→仅观察 (amp=4.7% amt=10.7亿 lot=732元)
[09:56:00] BASE 600481 双良节能 门槛未过→仅观察 (amp=4.7% amt=10.7亿 lot=732元)
[09:57:00] BASE 600481 双良节能 门槛未过→仅观察 (amp=4.7% amt=10.7亿 lot=732元)
[09:58:00] BASE 600481 双良节能 门槛未过→仅观察 (amp=4.7% amt=10.7亿 lot=732元)
[09:59:00] BASE 600481 双良节能 门槛未过→仅观察 (amp=4.7% amt=10.7亿 lot=732元)
[10:00:00] BASE 600481 双良节能 门槛未过→仅观察 (amp=4.7% amt=10.7亿 lot=732元)
[10:01:00] BASE 600481 双良节能 门槛未过→仅观察 (amp=4.7% amt=10.7亿 lot=732元)
[10:02:00] BASE 600481 双良节能 门槛未过→仅观察 (amp=4.7% amt=10.7亿 lot=732元)
[10:03:00] BASE 600481 双良节能 门槛未过→仅观察 (amp=4.7% amt=10.7亿 lot=732元)
[10:04:00] BASE 600481 双良节能 门槛未过→仅观察 (amp=4.7% amt=10.7亿 lot=732元)
[10:05:00] BASE 600481 双良节能 门槛未过→仅观察 (amp=4.7% amt=10.7亿 lot=732元)
[10:06:00] BASE 600481 双良节能 门槛未过→仅观察 (amp=4.7% amt=10.7亿 lot=732元)
[10:07:00] BASE 600481 双良节能 门槛未过→仅观察 (amp=4.7% amt=10.7亿 lot=732元)
[10:08:00] BASE 600481 双良节能 门槛未过→仅观察 (amp=4.7% amt=10.7亿 lot=732元)
[10:09:00] BASE 600481 双良节能 门槛未过→仅观察 (amp=4.7% amt=10.7亿 lot=732元)
[10:10:00] BASE 600481 双良节能 门槛未过→仅观察 (amp=4.7% amt=10.7亿 lot=732元)
[10:11:00] BASE 600481 双良节能 门槛未过→仅观察 (amp=4.7% amt=10.7亿 lot=732元)
[10:12:00] BASE 600481 双良节能 门槛未过→仅观察 (amp=4.7% amt=10.7亿 lot=732元)
[10:13:00] BASE 600481 双良节能 门槛未过→仅观察 (amp=4.7% amt=10.7亿 lot=732元)
[10:14:00] BASE 600481 双良节能 门槛未过→仅观察 (amp=4.7% amt=10.7亿 lot=732元)
[10:15:00] BASE 600481 双良节能 门槛未过→仅观察 (amp=4.7% amt=10.7亿 lot=732元)
[10:16:00] BASE 600481 双良节能 门槛未过→仅观察 (amp=4.7% amt=10.7亿 lot=732元)
[10:17:00] BASE 600481 双良节能 门槛未过→仅观察 (amp=4.7% amt=10.7亿 lot=732元)
[10:18:00] BASE 600481 双良节能 门槛未过→仅观察 (amp=4.7% amt=10.7亿 lot=732元)
[10:19:00] BASE 600481 双良节能 门槛未过→仅观察 (amp=4.7% amt=10.7亿 lot=732元)
[10:20:00] BASE 600481 双良节能 门槛未过→仅观察 (amp=4.7% amt=10.7亿 lot=732元)
[10:21:00] BASE 600481 双良节能 门槛未过→仅观察 (amp=4.7% amt=10.7亿 lot=732元)
[10:22:00] BASE 600481 双良节能 门槛未过→仅观察 (amp=4.7% amt=10.7亿 lot=732元)
[10:23:00] BASE 600481 双良节能 门槛未过→仅观察 (amp=4.7% amt=10.7亿 lot=732元)
[10:24:00] BASE 600481 双良节能 门槛未过→仅观察 (amp=4.7% amt=10.7亿 lot=732元)
[10:25:00] BASE 600481 双良节能 门槛未过→仅观察 (amp=4.7% amt=10.7亿 lot=732元)
[10:26:00] BASE 600481 双良节能 门槛未过→仅观察 (amp=4.7% amt=10.7亿 lot=732元)
[10:27:00] BASE 600481 双良节能 门槛未过→仅观察 (amp=4.7% amt=10.7亿 lot=732元)
[10:28:00] BASE 600481 双良节能 门槛未过→仅观察 (amp=4.7% amt=10.7亿 lot=732元)
[10:29:00] BASE 600481 双良节能 门槛未过→仅观察 (amp=4.7% amt=10.7亿 lot=732元)
[10:30:00] BASE 600481 双良节能 门槛未过→仅观察 (amp=4.7% amt=10.7亿 lot=732元)
[10:31:00] BASE 600481 双良节能 门槛未过→仅观察 (amp=4.7% amt=10.7亿 lot=732元)
[10:32:00] BASE 600481 双良节能 门槛未过→仅观察 (amp=4.7% amt=10.7亿 lot=732元)
[10:33:00] BASE 600481 双良节能 门槛未过→仅观察 (amp=4.7% amt=10.7亿 lot=732元)
[10:34:00] BASE 600481 双良节能 门槛未过→仅观察 (amp=4.7% amt=10.7亿 lot=732元)
[10:35:00] BASE 600481 双良节能 门槛未过→仅观察 (amp=4.7% amt=10.7亿 lot=732元)
[10:36:00] BASE 600481 双良节能 门槛未过→仅观察 (amp=4.7% amt=10.7亿 lot=732元)
[10:37:00] BASE 600481 双良节能 门槛未过→仅观察 (amp=4.7% amt=10.7亿 lot=732元)
[10:38:00] BASE 600481 双良节能 门槛未过→仅观察 (amp=4.7% amt=10.7亿 lot=732元)
[10:39:00] BASE 600481 双良节能 门槛未过→仅观察 (amp=4.7% amt=10.7亿 lot=732元)
[10:40:00] BASE 600481 双良节能 门槛未过→仅观察 (amp=4.7% amt=10.7亿 lot=732元)
[10:41:00] BASE 600481 双良节能 门槛未过→仅观察 (amp=4.7% amt=10.7亿 lot=732元)
[10:42:00] BASE 600481 双良节能 门槛未过→仅观察 (amp=4.7% amt=10.7亿 lot=732元)
[10:43:00] BASE 600481 双良节能 门槛未过→仅观察 (amp=4.7% amt=10.7亿 lot=732元)
[10:44:00] BASE 600481 双良节能 门槛未过→仅观察 (amp=4.7% amt=10.7亿 lot=732元)
[10:45:00] BASE 600481 双良节能 门槛未过→仅观察 (amp=4.7% amt=10.7亿 lot=732元)
[10:46:00] BASE 600481 双良节能 门槛未过→仅观察 (amp=4.7% amt=10.7亿 lot=732元)
[10:47:00] BASE 600481 双良节能 门槛未过→仅观察 (amp=4.7% amt=10.7亿 lot=732元)
[10:48:00] BASE 600481 双良节能 门槛未过→仅观察 (amp=4.7% amt=10.7亿 lot=732元)
[10:49:00] BASE 600481 双良节能 门槛未过→仅观察 (amp=4.7% amt=10.7亿 lot=732元)
[10:50:00] BASE 600481 双良节能 门槛未过→仅观察 (amp=4.7% amt=10.7亿 lot=732元)
[10:51:00] BASE 600481 双良节能 门槛未过→仅观察 (amp=4.7% amt=10.7亿 lot=732元)
[10:52:00] BASE 600481 双良节能 门槛未过→仅观察 (amp=4.7% amt=10.7亿 lot=732元)
[10:53:00] BASE 600481 双良节能 门槛未过→仅观察 (amp=4.7% amt=10.7亿 lot=732元)
[10:54:00] BASE 600481 双良节能 门槛未过→仅观察 (amp=4.7% amt=10.7亿 lot=732元)
[10:55:00] BASE 600481 双良节能 门槛未过→仅观察 (amp=4.7% amt=10.7亿 lot=732元)
[10:56:00] BASE 600481 双良节能 门槛未过→仅观察 (amp=4.7% amt=10.7亿 lot=732元)
[10:57:00] BASE 600481 双良节能 门槛未过→仅观察 (amp=4.7% amt=10.7亿 lot=732元)
[10:58:00] BASE 600481 双良节能 门槛未过→仅观察 (amp=4.7% amt=10.7亿 lot=732元)
[10:59:00] BASE 600481 双良节能 门槛未过→仅观察 (amp=4.7% amt=10.7亿 lot=732元)
[11:00:00] BASE 600481 双良节能 门槛未过→仅观察 (amp=4.7% amt=10.7亿 lot=732元)
[11:01:00] BASE 600481 双良节能 门槛未过→仅观察 (amp=4.7% amt=10.7亿 lot=732元)
[11:02:00] BASE 600481 双良节能 门槛未过→仅观察 (amp=4.7% amt=10.7亿 lot=732元)
[11:03:00] BASE 600481 双良节能 门槛未过→仅观察 (amp=4.7% amt=10.7亿 lot=732元)
[11:04:00] BASE 600481 双良节能 门槛未过→仅观察 (amp=4.7% amt=10.7亿 lot=732元)
[11:05:00] BASE 600481 双良节能 门槛未过→仅观察 (amp=4.7% amt=10.7亿 lot=732元)
[11:06:00] BASE 600481 双良节能 门槛未过→仅观察 (amp=4.7% amt=10.7亿 lot=732元)
[11:07:00] BASE 600481 双良节能 门槛未过→仅观察 (amp=4.7% amt=10.7亿 lot=732元)
[11:08:00] BASE 600481 双良节能 门槛未过→仅观察 (amp=4.7% amt=10.7亿 lot=732元)
[11:09:00] BASE 600481 双良节能 门槛未过→仅观察 (amp=4.7% amt=10.7亿 lot=732元)
[11:10:00] BASE 600481 双良节能 门槛未过→仅观察 (amp=4.7% amt=10.7亿 lot=732元)
[11:11:00] BASE 600481 双良节能 门槛未过→仅观察 (amp=4.7% amt=10.7亿 lot=732元)
[11:12:00] BASE 600481 双良节能 门槛未过→仅观察 (amp=4.7% amt=10.7亿 lot=732元)
[11:13:00] BASE 600481 双良节能 门槛未过→仅观察 (amp=4.7% amt=10.7亿 lot=732元)
[11:14:00] BASE 600481 双良节能 门槛未过→仅观察 (amp=4.7% amt=10.7亿 lot=732元)
[11:15:00] BASE 600481 双良节能 门槛未过→仅观察 (amp=4.7% amt=10.7亿 lot=732元)
[11:16:00] BASE 600481 双良节能 门槛未过→仅观察 (amp=4.7% amt=10.7亿 lot=732元)
[11:17:00] BASE 600481 双良节能 门槛未过→仅观察 (amp=4.7% amt=10.7亿 lot=732元)
[11:18:00] BASE 600481 双良节能 门槛未过→仅观察 (amp=4.7% amt=10.7亿 lot=732元)
[11:19:00] BASE 600481 双良节能 门槛未过→仅观察 (amp=4.7% amt=10.7亿 lot=732元)
[11:20:00] BASE 600481 双良节能 门槛未过→仅观察 (amp=4.7% amt=10.7亿 lot=732元)
[11:21:00] BASE 600481 双良节能 门槛未过→仅观察 (amp=4.7% amt=10.7亿 lot=732元)
[11:22:00] BASE 600481 双良节能 门槛未过→仅观察 (amp=4.7% amt=10.7亿 lot=732元)
[11:23:00] BASE 600481 双良节能 门槛未过→仅观察 (amp=4.7% amt=10.7亿 lot=732元)
[11:24:00] BASE 600481 双良节能 门槛未过→仅观察 (amp=4.7% amt=10.7亿 lot=732元)
[11:25:00] BASE 600481 双良节能 门槛未过→仅观察 (amp=4.7% amt=10.7亿 lot=732元)
[11:26:00] BASE 600481 双良节能 门槛未过→仅观察 (amp=4.7% amt=10.7亿 lot=732元)
[11:27:00] BASE 600481 双良节能 门槛未过→仅观察 (amp=4.7% amt=10.7亿 lot=732元)
[11:28:00] BASE 600481 双良节能 门槛未过→仅观察 (amp=4.7% amt=10.7亿 lot=732元)
[11:29:00] BASE 600481 双良节能 门槛未过→仅观察 (amp=4.7% amt=10.7亿 lot=732元)
[11:30:00] BASE 600481 双良节能 门槛未过→仅观察 (amp=4.7% amt=10.7亿 lot=732元)
[13:01:00] BASE 600481 双良节能 门槛未过→仅观察 (amp=4.7% amt=10.7亿 lot=732元)
[13:02:00] BASE 600481 双良节能 门槛未过→仅观察 (amp=4.7% amt=10.7亿 lot=732元)
[13:03:00] BASE 600481 双良节能 门槛未过→仅观察 (amp=4.7% amt=10.7亿 lot=732元)
[13:04:00] BASE 600481 双良节能 门槛未过→仅观察 (amp=4.7% amt=10.7亿 lot=732元)
[13:05:00] BASE 600481 双良节能 门槛未过→仅观察 (amp=4.7% amt=10.7亿 lot=732元)
[13:06:00] BASE 600481 双良节能 门槛未过→仅观察 (amp=4.7% amt=10.7亿 lot=732元)
[13:07:00] BASE 600481 双良节能 门槛未过→仅观察 (amp=4.7% amt=10.7亿 lot=732元)
[13:08:00] BASE 600481 双良节能 门槛未过→仅观察 (amp=4.7% amt=10.7亿 lot=732元)
[13:09:00] BASE 600481 双良节能 门槛未过→仅观察 (amp=4.7% amt=10.7亿 lot=732元)
[13:10:00] BASE 600481 双良节能 门槛未过→仅观察 (amp=4.7% amt=10.7亿 lot=732元)
[13:11:00] BASE 600481 双良节能 门槛未过→仅观察 (amp=4.7% amt=10.7亿 lot=732元)
[13:12:00] BASE 600481 双良节能 门槛未过→仅观察 (amp=4.7% amt=10.7亿 lot=732元)
[13:13:00] BASE 600481 双良节能 门槛未过→仅观察 (amp=4.7% amt=10.7亿 lot=732元)
[13:14:00] BASE 600481 双良节能 门槛未过→仅观察 (amp=4.7% amt=10.7亿 lot=732元)
[13:15:00] BASE 600481 双良节能 门槛未过→仅观察 (amp=4.7% amt=10.7亿 lot=732元)
[13:16:00] BASE 600481 双良节能 门槛未过→仅观察 (amp=4.7% amt=10.7亿 lot=732元)
[13:17:00] BASE 600481 双良节能 门槛未过→仅观察 (amp=4.7% amt=10.7亿 lot=732元)
[13:18:00] BASE 600481 双良节能 门槛未过→仅观察 (amp=4.7% amt=10.7亿 lot=732元)
[13:19:00] BASE 600481 双良节能 门槛未过→仅观察 (amp=4.7% amt=10.7亿 lot=732元)
[13:20:00] BASE 600481 双良节能 门槛未过→仅观察 (amp=4.7% amt=10.7亿 lot=732元)
[13:21:00] BASE 600481 双良节能 门槛未过→仅观察 (amp=4.7% amt=10.7亿 lot=732元)
[13:22:00] BASE 600481 双良节能 门槛未过→仅观察 (amp=4.7% amt=10.7亿 lot=732元)
[13:23:00] BASE 600481 双良节能 门槛未过→仅观察 (amp=4.7% amt=10.7亿 lot=732元)
[13:24:00] BASE 600481 双良节能 门槛未过→仅观察 (amp=4.7% amt=10.7亿 lot=732元)
[13:25:00] BASE 600481 双良节能 门槛未过→仅观察 (amp=4.7% amt=10.7亿 lot=732元)
[13:26:00] BASE 600481 双良节能 门槛未过→仅观察 (amp=4.7% amt=10.7亿 lot=732元)
[13:27:00] BASE 600481 双良节能 门槛未过→仅观察 (amp=4.7% amt=10.7亿 lot=732元)
[13:28:00] BASE 600481 双良节能 门槛未过→仅观察 (amp=4.7% amt=10.7亿 lot=732元)
[13:29:00] BASE 600481 双良节能 门槛未过→仅观察 (amp=4.7% amt=10.7亿 lot=732元)
[13:30:00] BASE 600481 双良节能 门槛未过→仅观察 (amp=4.7% amt=10.7亿 lot=732元)
[13:31:00] BASE 600481 双良节能 门槛未过→仅观察 (amp=4.7% amt=10.7亿 lot=732元)
[13:32:00] BASE 600481 双良节能 门槛未过→仅观察 (amp=4.7% amt=10.7亿 lot=732元)
[13:33:00] BASE 600481 双良节能 门槛未过→仅观察 (amp=4.7% amt=10.7亿 lot=732元)
[13:34:00] BASE 600481 双良节能 门槛未过→仅观察 (amp=4.7% amt=10.7亿 lot=732元)
[13:35:00] BASE 600481 双良节能 门槛未过→仅观察 (amp=4.7% amt=10.7亿 lot=732元)
[13:36:00] BASE 600481 双良节能 门槛未过→仅观察 (amp=4.7% amt=10.7亿 lot=732元)
[13:37:00] BASE 600481 双良节能 门槛未过→仅观察 (amp=4.7% amt=10.7亿 lot=732元)
[13:38:00] BASE 600481 双良节能 门槛未过→仅观察 (amp=4.7% amt=10.7亿 lot=732元)
[13:39:00] BASE 600481 双良节能 门槛未过→仅观察 (amp=4.7% amt=10.7亿 lot=732元)
[13:40:00] BASE 600481 双良节能 门槛未过→仅观察 (amp=4.7% amt=10.7亿 lot=732元)
[13:41:00] BASE 600481 双良节能 门槛未过→仅观察 (amp=4.7% amt=10.7亿 lot=732元)
[13:42:00] BASE 600481 双良节能 门槛未过→仅观察 (amp=4.7% amt=10.7亿 lot=732元)
[13:43:00] BASE 600481 双良节能 门槛未过→仅观察 (amp=4.7% amt=10.7亿 lot=732元)
[13:44:00] BASE 600481 双良节能 门槛未过→仅观察 (amp=4.7% amt=10.7亿 lot=732元)
[13:45:00] BASE 600481 双良节能 门槛未过→仅观察 (amp=4.7% amt=10.7亿 lot=732元)
[13:46:00] BASE 600481 双良节能 门槛未过→仅观察 (amp=4.7% amt=10.7亿 lot=732元)
[13:47:00] BASE 600481 双良节能 门槛未过→仅观察 (amp=4.7% amt=10.7亿 lot=732元)
[13:48:00] BASE 600481 双良节能 门槛未过→仅观察 (amp=4.7% amt=10.7亿 lot=732元)
[13:49:00] BASE 600481 双良节能 门槛未过→仅观察 (amp=4.7% amt=10.7亿 lot=732元)
[13:50:00] BASE 600481 双良节能 门槛未过→仅观察 (amp=4.7% amt=10.7亿 lot=732元)
[13:51:00] BASE 600481 双良节能 门槛未过→仅观察 (amp=4.7% amt=10.7亿 lot=732元)
[13:52:00] BASE 600481 双良节能 门槛未过→仅观察 (amp=4.7% amt=10.7亿 lot=732元)
[13:53:00] BASE 600481 双良节能 门槛未过→仅观察 (amp=4.7% amt=10.7亿 lot=732元)
[13:54:00] BASE 600481 双良节能 门槛未过→仅观察 (amp=4.7% amt=10.7亿 lot=732元)
[13:55:00] BASE 600481 双良节能 门槛未过→仅观察 (amp=4.7% amt=10.7亿 lot=732元)
[13:56:00] BASE 600481 双良节能 门槛未过→仅观察 (amp=4.7% amt=10.7亿 lot=732元)
[13:57:00] BASE 600481 双良节能 门槛未过→仅观察 (amp=4.7% amt=10.7亿 lot=732元)
[13:58:00] BASE 600481 双良节能 门槛未过→仅观察 (amp=4.7% amt=10.7亿 lot=732元)
[13:59:00] BASE 600481 双良节能 门槛未过→仅观察 (amp=4.7% amt=10.7亿 lot=732元)
[14:00:00] BASE 600481 双良节能 门槛未过→仅观察 (amp=4.7% amt=10.7亿 lot=732元)
[14:01:00] BASE 600481 双良节能 门槛未过→仅观察 (amp=4.7% amt=10.7亿 lot=732元)
[14:02:00] BASE 600481 双良节能 门槛未过→仅观察 (amp=4.7% amt=10.7亿 lot=732元)
[14:03:00] BASE 600481 双良节能 门槛未过→仅观察 (amp=4.7% amt=10.7亿 lot=732元)
[14:04:00] BASE 600481 双良节能 门槛未过→仅观察 (amp=4.7% amt=10.7亿 lot=732元)
[14:05:00] BASE 600481 双良节能 门槛未过→仅观察 (amp=4.7% amt=10.7亿 lot=732元)
[14:06:00] BASE 600481 双良节能 门槛未过→仅观察 (amp=4.7% amt=10.7亿 lot=732元)
[14:07:00] BASE 600481 双良节能 门槛未过→仅观察 (amp=4.7% amt=10.7亿 lot=732元)
[14:08:00] BASE 600481 双良节能 门槛未过→仅观察 (amp=4.7% amt=10.7亿 lot=732元)
[14:09:00] BASE 600481 双良节能 门槛未过→仅观察 (amp=4.7% amt=10.7亿 lot=732元)
[14:10:00] BASE 600481 双良节能 门槛未过→仅观察 (amp=4.7% amt=10.7亿 lot=732元)
[14:11:00] BASE 600481 双良节能 门槛未过→仅观察 (amp=4.7% amt=10.7亿 lot=732元)
[14:12:00] BASE 600481 双良节能 门槛未过→仅观察 (amp=4.7% amt=10.7亿 lot=732元)
[14:13:00] BASE 600481 双良节能 门槛未过→仅观察 (amp=4.7% amt=10.7亿 lot=732元)
[14:14:00] BASE 600481 双良节能 门槛未过→仅观察 (amp=4.7% amt=10.7亿 lot=732元)
[14:15:00] BASE 600481 双良节能 门槛未过→仅观察 (amp=4.7% amt=10.7亿 lot=732元)
[14:16:00] BASE 600481 双良节能 门槛未过→仅观察 (amp=4.7% amt=10.7亿 lot=732元)
[14:17:00] BASE 600481 双良节能 门槛未过→仅观察 (amp=4.7% amt=10.7亿 lot=732元)
[14:18:00] BASE 600481 双良节能 门槛未过→仅观察 (amp=4.7% amt=10.7亿 lot=732元)
[14:19:00] BASE 600481 双良节能 门槛未过→仅观察 (amp=4.7% amt=10.7亿 lot=732元)
[14:20:00] BASE 600481 双良节能 门槛未过→仅观察 (amp=4.7% amt=10.7亿 lot=732元)
[14:21:00] BASE 600481 双良节能 门槛未过→仅观察 (amp=4.7% amt=10.7亿 lot=732元)
[14:22:00] BASE 600481 双良节能 门槛未过→仅观察 (amp=4.7% amt=10.7亿 lot=732元)
[14:23:00] BASE 600481 双良节能 门槛未过→仅观察 (amp=4.7% amt=10.7亿 lot=732元)
[14:24:00] BASE 600481 双良节能 门槛未过→仅观察 (amp=4.7% amt=10.7亿 lot=732元)
[14:25:00] BASE 600481 双良节能 门槛未过→仅观察 (amp=4.7% amt=10.7亿 lot=732元)
[14:26:00] BASE 600481 双良节能 门槛未过→仅观察 (amp=4.7% amt=10.7亿 lot=732元)
[14:27:00] BASE 600481 双良节能 门槛未过→仅观察 (amp=4.7% amt=10.7亿 lot=732元)
[14:28:00] BASE 600481 双良节能 门槛未过→仅观察 (amp=4.7% amt=10.7亿 lot=732元)
[14:29:00] BASE 600481 双良节能 门槛未过→仅观察 (amp=4.7% amt=10.7亿 lot=732元)
[14:30:00] BASE 600481 双良节能 门槛未过→仅观察 (amp=4.7% amt=10.7亿 lot=732元)
[14:31:00] BASE 600481 双良节能 门槛未过→仅观察 (amp=4.7% amt=10.7亿 lot=732元)
[14:32:00] BASE 600481 双良节能 门槛未过→仅观察 (amp=4.7% amt=10.7亿 lot=732元)
[14:33:00] BASE 600481 双良节能 门槛未过→仅观察 (amp=4.7% amt=10.7亿 lot=732元)
[14:34:00] BASE 600481 双良节能 门槛未过→仅观察 (amp=4.7% amt=10.7亿 lot=732元)
[14:35:00] BASE 600481 双良节能 门槛未过→仅观察 (amp=4.7% amt=10.7亿 lot=732元)
[14:36:00] BASE 600481 双良节能 门槛未过→仅观察 (amp=4.7% amt=10.7亿 lot=732元)
[14:37:00] BASE 600481 双良节能 门槛未过→仅观察 (amp=4.7% amt=10.7亿 lot=732元)
[14:38:00] BASE 600481 双良节能 门槛未过→仅观察 (amp=4.7% amt=10.7亿 lot=732元)
[14:39:00] BASE 600481 双良节能 门槛未过→仅观察 (amp=4.7% amt=10.7亿 lot=732元)
[14:40:00] BASE 600481 双良节能 门槛未过→仅观察 (amp=4.7% amt=10.7亿 lot=732元)
[14:41:00] BASE 600481 双良节能 门槛未过→仅观察 (amp=4.7% amt=10.7亿 lot=732元)
[14:42:00] BASE 600481 双良节能 门槛未过→仅观察 (amp=4.7% amt=10.7亿 lot=732元)
[14:43:00] BASE 600481 双良节能 门槛未过→仅观察 (amp=4.7% amt=10.7亿 lot=732元)
[14:44:00] BASE 600481 双良节能 门槛未过→仅观察 (amp=4.7% amt=10.7亿 lot=732元)
[14:45:00] BASE 600481 双良节能 门槛未过→仅观察 (amp=4.7% amt=10.7亿 lot=732元)
[14:46:00] BASE 600481 双良节能 门槛未过→仅观察 (amp=4.7% amt=10.7亿 lot=732元)
[14:47:00] BASE 600481 双良节能 门槛未过→仅观察 (amp=4.7% amt=10.7亿 lot=732元)
[14:48:00] BASE 600481 双良节能 门槛未过→仅观察 (amp=4.7% amt=10.7亿 lot=732元)
[14:49:00] BASE 600481 双良节能 门槛未过→仅观察 (amp=4.7% amt=10.7亿 lot=732元)
[14:50:00] BASE 600481 双良节能 门槛未过→仅观察 (amp=4.7% amt=10.7亿 lot=732元)
[14:51:00] BASE 600481 双良节能 门槛未过→仅观察 (amp=4.7% amt=10.7亿 lot=732元)
[14:52:00] BASE 600481 双良节能 门槛未过→仅观察 (amp=4.7% amt=10.7亿 lot=732元)
[14:53:00] BASE 600481 双良节能 门槛未过→仅观察 (amp=4.7% amt=10.7亿 lot=732元)
[14:54:00] BASE 600481 双良节能 门槛未过→仅观察 (amp=4.7% amt=10.7亿 lot=732元)
[14:55:00] BASE 600481 双良节能 门槛未过→仅观察 (amp=4.7% amt=10.7亿 lot=732元)
[14:56:00] BASE 600481 双良节能 门槛未过→仅观察 (amp=4.7% amt=10.7亿 lot=732元)
[14:57:00] BASE 600481 双良节能 门槛未过→仅观察 (amp=4.7% amt=10.7亿 lot=732元)
[15:00:00] BASE 600481 双良节能 门槛未过→仅观察 (amp=4.7% amt=10.7亿 lot=732元)
[ir] 2026-05-27 regime=uni_down score=-5.0
[ir] 2026-05-28 regime=range score=-7.2
[09:31:00] BASE 600481 双良节能 TREND_BREAKDOWN→延迟建仓
[ir] 2026-05-29 regime=range score=-7.3
[09:31:00] BASE 600481 双良节能 TREND_BREAKDOWN→延迟建仓
[ir] 2026-06-01 regime=range score=-8.5
[09:31:00] BASE 600481 双良节能 TREND_BREAKDOWN→延迟建仓
[09:54:00] BUY 000988 仓位上限拦截: 97%>80%
[10:05:00] BUY 000988 仓位上限拦截: 97%>80%
[10:08:00] BUY 000988 仓位上限拦截: 97%>80%
[10:15:00] BUY 000988 仓位上限拦截: 97%>80%
[10:18:00] BUY 000988 仓位上限拦截: 97%>80%
[10:31:00] BUY 000988 仓位上限拦截: 97%>80%
[10:40:00] BUY 000988 仓位上限拦截: 97%>80%
[10:42:00] BUY 000988 仓位上限拦截: 96%>80%
[10:44:00] BUY 000988 仓位上限拦截: 96%>80%
[10:46:00] BUY 000988 仓位上限拦截: 96%>80%
[11:16:00] BUY 000988 仓位上限拦截: 96%>80%
[13:31:00] BUY 000988 仓位上限拦截: 96%>80%
[13:39:00] BUY 000988 仓位上限拦截: 96%>80%
[13:46:00] BUY 000988 仓位上限拦截: 96%>80%
[14:06:00] BUY 000988 仓位上限拦截: 96%>80%
[14:18:00] PANIC_SELL 603667 800@68.47 profit_pct=-12.00%
[14:18:00] SELL 603667 300@68.47 score=75 regime=range
[14:18:00] BUY 000988 100@144.26 score=44 regime=range
[14:44:00] BUY 000988 仓位上限拦截: 91%>80%
[14:50:00] TAIL 000988 尾盘归位 100股 (pos=600→500 target=500)
[14:51:00] PANIC_SELL 603667 500@68.46 profit_pct=-12.02%
[14:51:00] SELL 603667 200@68.46 score=75 regime=range
[ir] 2026-06-02 regime=range score=-8.5
[09:31:00] BASE 600481 双良节能 TREND_BREAKDOWN→延迟建仓
[09:31:00] BASE 603667 五洲新春 TREND_BREAKDOWN→延迟建仓
[10:29:00] SELL 600176 100@38.65 score=74 regime=range
[ir] 2026-06-03 regime=range score=-8.1
[09:31:00] BASE 600176 中国巨石 下单 100股@38.78
[BASE] 600176 底仓成交 100股@38.78
[09:31:00] BASE 600481 双良节能 TREND_BREAKDOWN→延迟建仓
[09:31:00] BASE 603667 五洲新春 TREND_BREAKDOWN→延迟建仓
[09:31:00] PANIC_SELL 603667 300@67.93 profit_pct=-12.70%
[09:31:00] SELL 603667 100@67.93 score=75 regime=range
[09:36:00] BUY 000988 200@157.02 score=54 regime=range
[09:37:00] SELL 000988 200@157.70 score=78 regime=range
[10:01:00] BUY 000988 仓位上限拦截: 80%>80%
[10:02:00] BUY 000988 仓位上限拦截: 80%>80%
[10:06:00] BUY 000988 仓位上限拦截: 80%>80%
[10:16:00] BUY 000988 100@156.24 score=43 regime=range
[10:17:00] SELL 000988 100@157.26 score=78 regime=range
[10:36:00] SELL 600176 100@39.51 score=66 regime=range
[ir] 2026-06-04 regime=range score=-9.5
[09:31:00] BASE 600176 中国巨石 下单 100股@37.11
[BASE] 600176 底仓成交 100股@37.11
[09:31:00] BASE 600481 双良节能 TREND_BREAKDOWN→延迟建仓
[09:31:00] BASE 603667 五洲新春 TREND_BREAKDOWN→延迟建仓
[09:45:00] BUY 000988 100@154.25 score=45 regime=range
[10:04:00] SELL 600176 100@37.83 score=65 regime=range
[10:11:00] BUY 000988 仓位上限拦截: 88%>80%
[10:18:00] BUY 000988 100@153.65 score=44 regime=range
[14:08:00] SELL 000988 100@159.85 score=67 regime=range
[14:50:00] TAIL 000988 尾盘归位 100股 (pos=600→500 target=500)
[ir] 2026-06-05 regime=range score=-9.4
[09:31:00] BASE 600176 中国巨石 下单 100股@37.91
[BASE] 600176 底仓成交 100股@37.91
[09:31:00] BASE 600481 双良节能 TREND_BREAKDOWN→延迟建仓
[09:31:00] BASE 603667 五洲新春 TREND_BREAKDOWN→延迟建仓
[09:37:00] BUY 000988 200@161.08 score=53 regime=range
[09:38:00] PANIC_SELL 603667 200@67.93 profit_pct=-12.70%
[09:38:00] SELL 603667 100@67.93 score=75 regime=range
[10:04:00] BUY 000988 仓位上限拦截: 88%>80%
[10:08:00] PANIC_SELL 603667 100@67.94 profit_pct=-12.68%
[10:08:00] SELL 603667 100@67.94 score=75 regime=range
[10:12:00] BUY 000988 仓位上限拦截: 84%>80%
[10:13:00] BUY 000988 仓位上限拦截: 84%>80%
[10:21:00] BUY 000988 仓位上限拦截: 94%>80%
[10:28:00] BUY 000988 仓位上限拦截: 84%>80%
[10:29:00] BUY 000988 仓位上限拦截: 84%>80%
[10:30:00] BUY 000988 仓位上限拦截: 94%>80%
[10:31:00] BUY 000988 仓位上限拦截: 94%>80%
[10:33:00] BUY 000988 仓位上限拦截: 84%>80%
[10:35:00] BUY 000988 仓位上限拦截: 84%>80%
[10:42:00] BUY 000988 仓位上限拦截: 94%>80%
[10:44:00] BUY 000988 仓位上限拦截: 94%>80%
[13:16:00] BUY 000988 仓位上限拦截: 94%>80%
[13:23:00] BUY 000988 仓位上限拦截: 83%>80%
[14:25:00] BUY 000988 仓位上限拦截: 83%>80%
[14:33:00] BUY 000988 仓位上限拦截: 83%>80%
[14:50:00] TAIL 000988 尾盘归位 200股 (pos=700→500 target=500)
[ir] 2026-06-08 regime=uni_down score=-9.2
[ir] 2026-06-09 regime=uni_up score=-9.0
[09:31:00] BASE 600481 双良节能 TREND_BREAKDOWN→延迟建仓
[09:31:00] BASE 603667 五洲新春 TREND_BREAKDOWN→延迟建仓
[ir] 2026-06-10 regime=range score=-8.8
[09:31:00] BASE 600481 双良节能 TREND_BREAKDOWN→延迟建仓
[09:31:00] BASE 603667 五洲新春 TREND_BREAKDOWN→延迟建仓
[09:40:00] BUY 000988 200@151.10 score=48 regime=range
[13:40:00] BUY 000988 仓位上限拦截: 81%>80%
[14:47:00] BUY 000988 仓位上限拦截: 81%>80%
[14:50:00] TAIL 000988 尾盘归位 200股 (pos=700→500 target=500)
[ir] 2026-06-11 regime=range score=-8.8
[09:31:00] BASE 600481 双良节能 TREND_BREAKDOWN→延迟建仓
[09:31:00] BASE 603667 五洲新春 TREND_BREAKDOWN→延迟建仓
[13:16:00] SELL 600176 100@41.50 score=71 regime=range
[14:09:00] BUY 600176 100@40.81 score=73 regime=range
[ir] 2026-06-12 regime=uni_up score=-7.8
[09:31:00] BASE 600481 双良节能 TREND_BREAKDOWN→延迟建仓
[09:31:00] BASE 603667 五洲新春 TREND_BREAKDOWN→延迟建仓
[11:06:00] SELL 600176 100@43.52 score=74 regime=uni_up
[ir] 2026-06-15 regime=uni_up score=-7.5
[09:31:00] BASE 600176 中国巨石 下单 100股@43.42
[BASE] 600176 底仓成交 100股@43.42
[09:31:00] BASE 600481 双良节能 TREND_BREAKDOWN→延迟建仓
[09:31:00] BASE 603667 五洲新春 TREND_BREAKDOWN→延迟建仓
[10:36:00] SELL 000988 100@157.94 score=65 regime=uni_up
[ir] 2026-06-16 regime=range score=4.6
[09:31:00] BASE 600481 双良节能 TREND_BREAKDOWN→延迟建仓
[09:31:00] BASE 603667 五洲新春 TREND_BREAKDOWN→延迟建仓
[09:31:00] BASE 000988 华工科技 下单 100股@160.35
[BASE] 000988 底仓成交 100股@160.37
[09:58:00] BUY 000988 200@161.92 score=52 regime=range
[10:46:00] BUY 000988 仓位上限拦截: 84%>80%
[10:51:00] BUY 000988 仓位上限拦截: 95%>80%
[10:53:00] BUY 000988 仓位上限拦截: 95%>80%
[10:55:00] BUY 000988 仓位上限拦截: 95%>80%
[10:56:00] BUY 000988 仓位上限拦截: 84%>80%
[11:01:00] BUY 000988 仓位上限拦截: 84%>80%
[11:02:00] BUY 000988 仓位上限拦截: 84%>80%
[11:05:00] BUY 000988 仓位上限拦截: 84%>80%
[11:19:00] BUY 000988 仓位上限拦截: 84%>80%
[11:25:00] BUY 000988 仓位上限拦截: 84%>80%
[11:29:00] BUY 000988 仓位上限拦截: 95%>80%
[13:02:00] BUY 000988 仓位上限拦截: 95%>80%
[13:04:00] BUY 000988 仓位上限拦截: 84%>80%
[13:06:00] BUY 000988 仓位上限拦截: 95%>80%
[13:08:00] SELL 000988 100@162.21 score=64 regime=range
[13:09:00] BUY 000988 仓位上限拦截: 84%>80%
[13:13:00] BUY 000988 仓位上限拦截: 84%>80%
[13:18:00] BUY 000988 100@161.30 score=48 regime=range
[14:50:00] TAIL 000988 尾盘归位 200股 (pos=700→500 target=500)
[ir] 2026-06-17 regime=range score=4.6
[09:31:00] BASE 600481 双良节能 TREND_BREAKDOWN→延迟建仓
[09:31:00] BASE 603667 五洲新春 TREND_BREAKDOWN→延迟建仓
[09:44:00] BUY 000988 200@165.60 score=51 regime=range
[09:48:00] SELL 000988 100@170.00 score=64 regime=range
[10:09:00] BUY 000988 100@168.78 score=48 regime=range
[14:50:00] TAIL 000988 尾盘归位 200股 (pos=700→500 target=500)
[ir] 2026-06-18 regime=range score=6.2
[09:31:00] BASE 600481 双良节能 TREND_BREAKDOWN→延迟建仓
[09:31:00] BASE 603667 五洲新春 TREND_BREAKDOWN→延迟建仓
[10:33:00] SELL 600176 100@54.32 score=66 regime=range
[13:30:00] SELL 000988 100@179.93 score=67 regime=range
[ir] 2026-06-22 regime=uni_up score=6.2
[09:31:00] BASE 600176 中国巨石 下单 100股@55.18
[BASE] 600176 底仓成交 100股@55.19
[09:31:00] BASE 600481 双良节能 TREND_BREAKDOWN→延迟建仓
[09:31:00] BASE 603667 五洲新春 TREND_BREAKDOWN→延迟建仓
[09:31:00] BASE 000988 华工科技 下单 100股@179.50
[BASE] 000988 底仓成交 100股@179.52
[13:59:00] SELL 600176 100@57.64 score=68 regime=uni_up
[14:29:00] SELL 600176 100@58.35 score=69 regime=uni_up
[ir] 2026-06-23 regime=uni_down score=7.5
[10:33:00] SELL 000988 100@169.28 score=70 regime=uni_down
[ir] 2026-06-24 regime=range score=7.3
[09:31:00] BASE 600176 中国巨石 下单 200股@58.60
[BASE] 600176 底仓成交 200股@58.61
[09:31:00] BASE 600481 双良节能 TREND_BREAKDOWN→延迟建仓
[09:31:00] BASE 603667 五洲新春 TREND_BREAKDOWN→延迟建仓
[09:31:00] BASE 000988 华工科技 下单 100股@164.66
[BASE] 000988 底仓成交 100股@164.68
[09:36:00] SELL 600176 100@61.80 score=65 regime=range
[09:57:00] BUY 000988 100@166.13 score=44 regime=range
[09:58:00] SELL 000988 100@166.00 score=66 regime=range
[10:23:00] BUY 000988 100@166.17 score=44 regime=range
[14:50:00] TAIL 000988 尾盘归位 100股 (pos=600→500 target=500)
[ir] 2026-06-25 regime=range score=7.8
[09:31:00] BASE 600176 中国巨石 下单 100股@66.62
[BASE] 600176 底仓成交 100股@66.63
[09:31:00] BASE 600481 双良节能 TREND_BREAKDOWN→延迟建仓
[09:31:00] BASE 603667 五洲新春 TREND_BREAKDOWN→延迟建仓
[09:36:00] BUY 000988 100@167.13 score=45 regime=range
[09:48:00] SELL 000988 100@170.98 score=72 regime=range
[10:07:00] BUY 000988 100@173.48 score=44 regime=range
[13:05:00] SELL 600176 100@71.19 score=65 regime=range
[14:21:00] SELL 600176 100@70.91 score=66 regime=range
[14:50:00] TAIL 000988 尾盘归位 100股 (pos=600→500 target=500)
[ir] 2026-06-26 regime=uni_down score=8.7
[ir] 2026-06-29 regime=uni_up score=-1.2
[09:31:00] BASE 600176 中国巨石 下单 200股@74.14
[BASE] 600176 底仓成交 200股@74.15
[09:31:00] BASE 600481 双良节能 门槛未过→仅观察 (amp=6.4% amt=5.3亿 lot=484元)
[09:31:00] BASE 603667 五洲新春 TREND_BREAKDOWN→延迟建仓
[09:32:00] BASE 600481 双良节能 门槛未过→仅观察 (amp=6.4% amt=5.3亿 lot=484元)
[09:33:00] BASE 600481 双良节能 门槛未过→仅观察 (amp=6.4% amt=5.3亿 lot=484元)
[09:34:00] BASE 600481 双良节能 门槛未过→仅观察 (amp=6.4% amt=5.3亿 lot=484元)
[09:35:00] BASE 600481 双良节能 门槛未过→仅观察 (amp=6.4% amt=5.3亿 lot=484元)
[09:36:00] BASE 600481 双良节能 门槛未过→仅观察 (amp=6.4% amt=5.3亿 lot=484元)
[09:37:00] BASE 600481 双良节能 门槛未过→仅观察 (amp=6.4% amt=5.3亿 lot=484元)
[09:38:00] BASE 600481 双良节能 门槛未过→仅观察 (amp=6.4% amt=5.3亿 lot=484元)
[09:39:00] BASE 600481 双良节能 门槛未过→仅观察 (amp=6.4% amt=5.3亿 lot=484元)
[09:40:00] BASE 600481 双良节能 门槛未过→仅观察 (amp=6.4% amt=5.3亿 lot=484元)
[09:41:00] BASE 600481 双良节能 门槛未过→仅观察 (amp=6.4% amt=5.3亿 lot=484元)
[09:42:00] BASE 600481 双良节能 门槛未过→仅观察 (amp=6.4% amt=5.3亿 lot=484元)
[09:43:00] BASE 600481 双良节能 门槛未过→仅观察 (amp=6.4% amt=5.3亿 lot=484元)
[09:44:00] BASE 600481 双良节能 门槛未过→仅观察 (amp=6.4% amt=5.3亿 lot=484元)
[09:45:00] BASE 600481 双良节能 门槛未过→仅观察 (amp=6.4% amt=5.3亿 lot=484元)
[09:46:00] BASE 600481 双良节能 门槛未过→仅观察 (amp=6.4% amt=5.3亿 lot=484元)
[09:47:00] BASE 600481 双良节能 门槛未过→仅观察 (amp=6.4% amt=5.3亿 lot=484元)
[09:48:00] BASE 600481 双良节能 门槛未过→仅观察 (amp=6.4% amt=5.3亿 lot=484元)
[09:49:00] BASE 600481 双良节能 门槛未过→仅观察 (amp=6.4% amt=5.3亿 lot=484元)
[09:50:00] BASE 600481 双良节能 门槛未过→仅观察 (amp=6.4% amt=5.3亿 lot=484元)
[09:51:00] BASE 600481 双良节能 门槛未过→仅观察 (amp=6.4% amt=5.3亿 lot=484元)
[09:52:00] BASE 600481 双良节能 门槛未过→仅观察 (amp=6.4% amt=5.3亿 lot=484元)
[09:53:00] BASE 600481 双良节能 门槛未过→仅观察 (amp=6.4% amt=5.3亿 lot=484元)
[09:54:00] BASE 600481 双良节能 门槛未过→仅观察 (amp=6.4% amt=5.3亿 lot=484元)
[09:55:00] BASE 600481 双良节能 门槛未过→仅观察 (amp=6.4% amt=5.3亿 lot=484元)
[09:56:00] BASE 600481 双良节能 门槛未过→仅观察 (amp=6.4% amt=5.3亿 lot=484元)
[09:57:00] BASE 600481 双良节能 门槛未过→仅观察 (amp=6.4% amt=5.3亿 lot=484元)
[09:58:00] BASE 600481 双良节能 门槛未过→仅观察 (amp=6.4% amt=5.3亿 lot=484元)
[09:59:00] BASE 600481 双良节能 门槛未过→仅观察 (amp=6.4% amt=5.3亿 lot=484元)
[10:00:00] BASE 600481 双良节能 门槛未过→仅观察 (amp=6.4% amt=5.3亿 lot=484元)
[10:01:00] BASE 600481 双良节能 门槛未过→仅观察 (amp=6.4% amt=5.3亿 lot=484元)
[10:02:00] BASE 600481 双良节能 门槛未过→仅观察 (amp=6.4% amt=5.3亿 lot=484元)
[10:03:00] BASE 600481 双良节能 门槛未过→仅观察 (amp=6.4% amt=5.3亿 lot=484元)
[10:04:00] BASE 600481 双良节能 门槛未过→仅观察 (amp=6.4% amt=5.3亿 lot=484元)
[10:05:00] BASE 600481 双良节能 门槛未过→仅观察 (amp=6.4% amt=5.3亿 lot=484元)
[10:06:00] BASE 600481 双良节能 门槛未过→仅观察 (amp=6.4% amt=5.3亿 lot=484元)
[10:07:00] BASE 600481 双良节能 门槛未过→仅观察 (amp=6.4% amt=5.3亿 lot=484元)
[10:08:00] BASE 600481 双良节能 门槛未过→仅观察 (amp=6.4% amt=5.3亿 lot=484元)
[10:09:00] BASE 600481 双良节能 门槛未过→仅观察 (amp=6.4% amt=5.3亿 lot=484元)
[10:10:00] BASE 600481 双良节能 门槛未过→仅观察 (amp=6.4% amt=5.3亿 lot=484元)
[10:11:00] BASE 600481 双良节能 门槛未过→仅观察 (amp=6.4% amt=5.3亿 lot=484元)
[10:12:00] BASE 600481 双良节能 门槛未过→仅观察 (amp=6.4% amt=5.3亿 lot=484元)
[10:13:00] BASE 600481 双良节能 门槛未过→仅观察 (amp=6.4% amt=5.3亿 lot=484元)
[10:14:00] BASE 600481 双良节能 门槛未过→仅观察 (amp=6.4% amt=5.3亿 lot=484元)
[10:15:00] BASE 600481 双良节能 门槛未过→仅观察 (amp=6.4% amt=5.3亿 lot=484元)
[10:16:00] BASE 600481 双良节能 门槛未过→仅观察 (amp=6.4% amt=5.3亿 lot=484元)
[10:17:00] BASE 600481 双良节能 门槛未过→仅观察 (amp=6.4% amt=5.3亿 lot=484元)
[10:18:00] BASE 600481 双良节能 门槛未过→仅观察 (amp=6.4% amt=5.3亿 lot=484元)
[10:19:00] BASE 600481 双良节能 门槛未过→仅观察 (amp=6.4% amt=5.3亿 lot=484元)
[10:20:00] BASE 600481 双良节能 门槛未过→仅观察 (amp=6.4% amt=5.3亿 lot=484元)
[10:21:00] BASE 600481 双良节能 门槛未过→仅观察 (amp=6.4% amt=5.3亿 lot=484元)
[10:22:00] BASE 600481 双良节能 门槛未过→仅观察 (amp=6.4% amt=5.3亿 lot=484元)
[10:23:00] BASE 600481 双良节能 门槛未过→仅观察 (amp=6.4% amt=5.3亿 lot=484元)
[10:24:00] BASE 600481 双良节能 门槛未过→仅观察 (amp=6.4% amt=5.3亿 lot=484元)
[10:25:00] BASE 600481 双良节能 门槛未过→仅观察 (amp=6.4% amt=5.3亿 lot=484元)
[10:26:00] BASE 600481 双良节能 门槛未过→仅观察 (amp=6.4% amt=5.3亿 lot=484元)
[10:27:00] BASE 600481 双良节能 门槛未过→仅观察 (amp=6.4% amt=5.3亿 lot=484元)
[10:28:00] BASE 600481 双良节能 门槛未过→仅观察 (amp=6.4% amt=5.3亿 lot=484元)
[10:29:00] BASE 600481 双良节能 门槛未过→仅观察 (amp=6.4% amt=5.3亿 lot=484元)
[10:30:00] BASE 600481 双良节能 门槛未过→仅观察 (amp=6.4% amt=5.3亿 lot=484元)
[10:31:00] BASE 600481 双良节能 门槛未过→仅观察 (amp=6.4% amt=5.3亿 lot=484元)
[10:32:00] BASE 600481 双良节能 门槛未过→仅观察 (amp=6.4% amt=5.3亿 lot=484元)
[10:33:00] BASE 600481 双良节能 门槛未过→仅观察 (amp=6.4% amt=5.3亿 lot=484元)
[10:34:00] BASE 600481 双良节能 门槛未过→仅观察 (amp=6.4% amt=5.3亿 lot=484元)
[10:35:00] BASE 600481 双良节能 门槛未过→仅观察 (amp=6.4% amt=5.3亿 lot=484元)
[10:36:00] BASE 600481 双良节能 门槛未过→仅观察 (amp=6.4% amt=5.3亿 lot=484元)
[10:37:00] BASE 600481 双良节能 门槛未过→仅观察 (amp=6.4% amt=5.3亿 lot=484元)
[10:38:00] BASE 600481 双良节能 门槛未过→仅观察 (amp=6.4% amt=5.3亿 lot=484元)
[10:39:00] BASE 600481 双良节能 门槛未过→仅观察 (amp=6.4% amt=5.3亿 lot=484元)
[10:40:00] BASE 600481 双良节能 门槛未过→仅观察 (amp=6.4% amt=5.3亿 lot=484元)
[10:41:00] BASE 600481 双良节能 门槛未过→仅观察 (amp=6.4% amt=5.3亿 lot=484元)
[10:42:00] BASE 600481 双良节能 门槛未过→仅观察 (amp=6.4% amt=5.3亿 lot=484元)
[10:43:00] BASE 600481 双良节能 门槛未过→仅观察 (amp=6.4% amt=5.3亿 lot=484元)
[10:44:00] BASE 600481 双良节能 门槛未过→仅观察 (amp=6.4% amt=5.3亿 lot=484元)
[10:45:00] BASE 600481 双良节能 门槛未过→仅观察 (amp=6.4% amt=5.3亿 lot=484元)
[10:46:00] BASE 600481 双良节能 门槛未过→仅观察 (amp=6.4% amt=5.3亿 lot=484元)
[10:47:00] BASE 600481 双良节能 门槛未过→仅观察 (amp=6.4% amt=5.3亿 lot=484元)
[10:48:00] BASE 600481 双良节能 门槛未过→仅观察 (amp=6.4% amt=5.3亿 lot=484元)
[10:49:00] BASE 600481 双良节能 门槛未过→仅观察 (amp=6.4% amt=5.3亿 lot=484元)
[10:50:00] BASE 600481 双良节能 门槛未过→仅观察 (amp=6.4% amt=5.3亿 lot=484元)
[10:51:00] BASE 600481 双良节能 门槛未过→仅观察 (amp=6.4% amt=5.3亿 lot=484元)
[10:52:00] BASE 600481 双良节能 门槛未过→仅观察 (amp=6.4% amt=5.3亿 lot=484元)
[10:53:00] BASE 600481 双良节能 门槛未过→仅观察 (amp=6.4% amt=5.3亿 lot=484元)
[10:54:00] BASE 600481 双良节能 门槛未过→仅观察 (amp=6.4% amt=5.3亿 lot=484元)
[10:55:00] BASE 600481 双良节能 门槛未过→仅观察 (amp=6.4% amt=5.3亿 lot=484元)
[10:56:00] BASE 600481 双良节能 门槛未过→仅观察 (amp=6.4% amt=5.3亿 lot=484元)
[10:57:00] BASE 600481 双良节能 门槛未过→仅观察 (amp=6.4% amt=5.3亿 lot=484元)
[10:58:00] BASE 600481 双良节能 门槛未过→仅观察 (amp=6.4% amt=5.3亿 lot=484元)
[10:59:00] BASE 600481 双良节能 门槛未过→仅观察 (amp=6.4% amt=5.3亿 lot=484元)
[11:00:00] BASE 600481 双良节能 门槛未过→仅观察 (amp=6.4% amt=5.3亿 lot=484元)
[11:01:00] BASE 600481 双良节能 门槛未过→仅观察 (amp=6.4% amt=5.3亿 lot=484元)
[11:02:00] BASE 600481 双良节能 门槛未过→仅观察 (amp=6.4% amt=5.3亿 lot=484元)
[11:03:00] BASE 600481 双良节能 门槛未过→仅观察 (amp=6.4% amt=5.3亿 lot=484元)
[11:04:00] BASE 600481 双良节能 门槛未过→仅观察 (amp=6.4% amt=5.3亿 lot=484元)
[11:05:00] BASE 600481 双良节能 门槛未过→仅观察 (amp=6.4% amt=5.3亿 lot=484元)
[11:05:00] BUY 000988 100@174.88 score=45 regime=uni_up
[11:06:00] BASE 600481 双良节能 门槛未过→仅观察 (amp=6.4% amt=5.3亿 lot=484元)
[11:06:00] SELL 000988 100@175.66 score=78 regime=uni_up
[11:07:00] BASE 600481 双良节能 门槛未过→仅观察 (amp=6.4% amt=5.3亿 lot=484元)
[11:08:00] BASE 600481 双良节能 门槛未过→仅观察 (amp=6.4% amt=5.3亿 lot=484元)
[11:09:00] BASE 600481 双良节能 门槛未过→仅观察 (amp=6.4% amt=5.3亿 lot=484元)
[11:10:00] BASE 600481 双良节能 门槛未过→仅观察 (amp=6.4% amt=5.3亿 lot=484元)
[11:11:00] BASE 600481 双良节能 门槛未过→仅观察 (amp=6.4% amt=5.3亿 lot=484元)
[11:12:00] BASE 600481 双良节能 门槛未过→仅观察 (amp=6.4% amt=5.3亿 lot=484元)
[11:13:00] BASE 600481 双良节能 门槛未过→仅观察 (amp=6.4% amt=5.3亿 lot=484元)
[11:14:00] BASE 600481 双良节能 门槛未过→仅观察 (amp=6.4% amt=5.3亿 lot=484元)
[11:15:00] BASE 600481 双良节能 门槛未过→仅观察 (amp=6.4% amt=5.3亿 lot=484元)
[11:16:00] BASE 600481 双良节能 门槛未过→仅观察 (amp=6.4% amt=5.3亿 lot=484元)
[11:17:00] BASE 600481 双良节能 门槛未过→仅观察 (amp=6.4% amt=5.3亿 lot=484元)
[11:18:00] BASE 600481 双良节能 门槛未过→仅观察 (amp=6.4% amt=5.3亿 lot=484元)
[11:19:00] BASE 600481 双良节能 门槛未过→仅观察 (amp=6.4% amt=5.3亿 lot=484元)
[11:20:00] BASE 600481 双良节能 门槛未过→仅观察 (amp=6.4% amt=5.3亿 lot=484元)
[11:21:00] BASE 600481 双良节能 门槛未过→仅观察 (amp=6.4% amt=5.3亿 lot=484元)
[11:22:00] BASE 600481 双良节能 门槛未过→仅观察 (amp=6.4% amt=5.3亿 lot=484元)
[11:23:00] BASE 600481 双良节能 门槛未过→仅观察 (amp=6.4% amt=5.3亿 lot=484元)
[11:24:00] BASE 600481 双良节能 门槛未过→仅观察 (amp=6.4% amt=5.3亿 lot=484元)
[11:25:00] BASE 600481 双良节能 门槛未过→仅观察 (amp=6.4% amt=5.3亿 lot=484元)
[11:26:00] BASE 600481 双良节能 门槛未过→仅观察 (amp=6.4% amt=5.3亿 lot=484元)
[11:27:00] BASE 600481 双良节能 门槛未过→仅观察 (amp=6.4% amt=5.3亿 lot=484元)
[11:28:00] BASE 600481 双良节能 门槛未过→仅观察 (amp=6.4% amt=5.3亿 lot=484元)
[11:29:00] BASE 600481 双良节能 门槛未过→仅观察 (amp=6.4% amt=5.3亿 lot=484元)
[11:30:00] BASE 600481 双良节能 门槛未过→仅观察 (amp=6.4% amt=5.3亿 lot=484元)
[11:30:00] BUY 000988 200@175.11 score=63 regime=uni_up
[13:01:00] BASE 600481 双良节能 门槛未过→仅观察 (amp=6.4% amt=5.3亿 lot=484元)
[13:01:00] SELL 000988 200@175.10 score=78 regime=uni_up
[13:02:00] BASE 600481 双良节能 门槛未过→仅观察 (amp=6.4% amt=5.3亿 lot=484元)
[13:03:00] BASE 600481 双良节能 门槛未过→仅观察 (amp=6.4% amt=5.3亿 lot=484元)
[13:04:00] BASE 600481 双良节能 门槛未过→仅观察 (amp=6.4% amt=5.3亿 lot=484元)
[13:05:00] BASE 600481 双良节能 门槛未过→仅观察 (amp=6.4% amt=5.3亿 lot=484元)
[13:06:00] BASE 600481 双良节能 门槛未过→仅观察 (amp=6.4% amt=5.3亿 lot=484元)
[13:07:00] BASE 600481 双良节能 门槛未过→仅观察 (amp=6.4% amt=5.3亿 lot=484元)
[13:08:00] BASE 600481 双良节能 门槛未过→仅观察 (amp=6.4% amt=5.3亿 lot=484元)
[13:09:00] BASE 600481 双良节能 门槛未过→仅观察 (amp=6.4% amt=5.3亿 lot=484元)
[13:10:00] BASE 600481 双良节能 门槛未过→仅观察 (amp=6.4% amt=5.3亿 lot=484元)
[13:11:00] BASE 600481 双良节能 门槛未过→仅观察 (amp=6.4% amt=5.3亿 lot=484元)
[13:12:00] BASE 600481 双良节能 门槛未过→仅观察 (amp=6.4% amt=5.3亿 lot=484元)
[13:13:00] BASE 600481 双良节能 门槛未过→仅观察 (amp=6.4% amt=5.3亿 lot=484元)
[13:14:00] BASE 600481 双良节能 门槛未过→仅观察 (amp=6.4% amt=5.3亿 lot=484元)
[13:15:00] BASE 600481 双良节能 门槛未过→仅观察 (amp=6.4% amt=5.3亿 lot=484元)
[13:16:00] BASE 600481 双良节能 门槛未过→仅观察 (amp=6.4% amt=5.3亿 lot=484元)
[13:17:00] BASE 600481 双良节能 门槛未过→仅观察 (amp=6.4% amt=5.3亿 lot=484元)
[13:18:00] BASE 600481 双良节能 门槛未过→仅观察 (amp=6.4% amt=5.3亿 lot=484元)
[13:19:00] BASE 600481 双良节能 门槛未过→仅观察 (amp=6.4% amt=5.3亿 lot=484元)
[13:20:00] BASE 600481 双良节能 门槛未过→仅观察 (amp=6.4% amt=5.3亿 lot=484元)
[13:21:00] BASE 600481 双良节能 门槛未过→仅观察 (amp=6.4% amt=5.3亿 lot=484元)
[13:22:00] BASE 600481 双良节能 门槛未过→仅观察 (amp=6.4% amt=5.3亿 lot=484元)
[13:23:00] BASE 600481 双良节能 门槛未过→仅观察 (amp=6.4% amt=5.3亿 lot=484元)
[13:24:00] BASE 600481 双良节能 门槛未过→仅观察 (amp=6.4% amt=5.3亿 lot=484元)
[13:25:00] BASE 600481 双良节能 门槛未过→仅观察 (amp=6.4% amt=5.3亿 lot=484元)
[13:26:00] BASE 600481 双良节能 门槛未过→仅观察 (amp=6.4% amt=5.3亿 lot=484元)
[13:27:00] BASE 600481 双良节能 门槛未过→仅观察 (amp=6.4% amt=5.3亿 lot=484元)
[13:28:00] BASE 600481 双良节能 门槛未过→仅观察 (amp=6.4% amt=5.3亿 lot=484元)
[13:29:00] BASE 600481 双良节能 门槛未过→仅观察 (amp=6.4% amt=5.3亿 lot=484元)
[13:30:00] BASE 600481 双良节能 门槛未过→仅观察 (amp=6.4% amt=5.3亿 lot=484元)
[13:31:00] BASE 600481 双良节能 门槛未过→仅观察 (amp=6.4% amt=5.3亿 lot=484元)
[13:32:00] BASE 600481 双良节能 门槛未过→仅观察 (amp=6.4% amt=5.3亿 lot=484元)
[13:33:00] BASE 600481 双良节能 门槛未过→仅观察 (amp=6.4% amt=5.3亿 lot=484元)
[13:34:00] BASE 600481 双良节能 门槛未过→仅观察 (amp=6.4% amt=5.3亿 lot=484元)
[13:35:00] BASE 600481 双良节能 门槛未过→仅观察 (amp=6.4% amt=5.3亿 lot=484元)
[13:36:00] BASE 600481 双良节能 门槛未过→仅观察 (amp=6.4% amt=5.3亿 lot=484元)
[13:37:00] BASE 600481 双良节能 门槛未过→仅观察 (amp=6.4% amt=5.3亿 lot=484元)
[13:38:00] BASE 600481 双良节能 门槛未过→仅观察 (amp=6.4% amt=5.3亿 lot=484元)
[13:39:00] BASE 600481 双良节能 门槛未过→仅观察 (amp=6.4% amt=5.3亿 lot=484元)
[13:40:00] BASE 600481 双良节能 门槛未过→仅观察 (amp=6.4% amt=5.3亿 lot=484元)
[13:41:00] BASE 600481 双良节能 门槛未过→仅观察 (amp=6.4% amt=5.3亿 lot=484元)
[13:42:00] BASE 600481 双良节能 门槛未过→仅观察 (amp=6.4% amt=5.3亿 lot=484元)
[13:43:00] BASE 600481 双良节能 门槛未过→仅观察 (amp=6.4% amt=5.3亿 lot=484元)
[13:44:00] BASE 600481 双良节能 门槛未过→仅观察 (amp=6.4% amt=5.3亿 lot=484元)
[13:45:00] BASE 600481 双良节能 门槛未过→仅观察 (amp=6.4% amt=5.3亿 lot=484元)
[13:46:00] BASE 600481 双良节能 门槛未过→仅观察 (amp=6.4% amt=5.3亿 lot=484元)
[13:47:00] BASE 600481 双良节能 门槛未过→仅观察 (amp=6.4% amt=5.3亿 lot=484元)
[13:48:00] BASE 600481 双良节能 门槛未过→仅观察 (amp=6.4% amt=5.3亿 lot=484元)
[13:49:00] BASE 600481 双良节能 门槛未过→仅观察 (amp=6.4% amt=5.3亿 lot=484元)
[13:50:00] BASE 600481 双良节能 门槛未过→仅观察 (amp=6.4% amt=5.3亿 lot=484元)
[13:51:00] BASE 600481 双良节能 门槛未过→仅观察 (amp=6.4% amt=5.3亿 lot=484元)
[13:52:00] BASE 600481 双良节能 门槛未过→仅观察 (amp=6.4% amt=5.3亿 lot=484元)
[13:53:00] BASE 600481 双良节能 门槛未过→仅观察 (amp=6.4% amt=5.3亿 lot=484元)
[13:54:00] BASE 600481 双良节能 门槛未过→仅观察 (amp=6.4% amt=5.3亿 lot=484元)
[13:55:00] BASE 600481 双良节能 门槛未过→仅观察 (amp=6.4% amt=5.3亿 lot=484元)
[13:56:00] BASE 600481 双良节能 门槛未过→仅观察 (amp=6.4% amt=5.3亿 lot=484元)
[13:57:00] BASE 600481 双良节能 门槛未过→仅观察 (amp=6.4% amt=5.3亿 lot=484元)
[13:58:00] BASE 600481 双良节能 门槛未过→仅观察 (amp=6.4% amt=5.3亿 lot=484元)
[13:59:00] BASE 600481 双良节能 门槛未过→仅观察 (amp=6.4% amt=5.3亿 lot=484元)
[14:00:00] BASE 600481 双良节能 门槛未过→仅观察 (amp=6.4% amt=5.3亿 lot=484元)
[14:01:00] BASE 600481 双良节能 门槛未过→仅观察 (amp=6.4% amt=5.3亿 lot=484元)
[14:02:00] BASE 600481 双良节能 门槛未过→仅观察 (amp=6.4% amt=5.3亿 lot=484元)
[14:03:00] BASE 600481 双良节能 门槛未过→仅观察 (amp=6.4% amt=5.3亿 lot=484元)
[14:04:00] BASE 600481 双良节能 门槛未过→仅观察 (amp=6.4% amt=5.3亿 lot=484元)
[14:05:00] BASE 600481 双良节能 门槛未过→仅观察 (amp=6.4% amt=5.3亿 lot=484元)
[14:06:00] BASE 600481 双良节能 门槛未过→仅观察 (amp=6.4% amt=5.3亿 lot=484元)
[14:07:00] BASE 600481 双良节能 门槛未过→仅观察 (amp=6.4% amt=5.3亿 lot=484元)
[14:08:00] BASE 600481 双良节能 门槛未过→仅观察 (amp=6.4% amt=5.3亿 lot=484元)
[14:09:00] BASE 600481 双良节能 门槛未过→仅观察 (amp=6.4% amt=5.3亿 lot=484元)
[14:10:00] BASE 600481 双良节能 门槛未过→仅观察 (amp=6.4% amt=5.3亿 lot=484元)
[14:11:00] BASE 600481 双良节能 门槛未过→仅观察 (amp=6.4% amt=5.3亿 lot=484元)
[14:12:00] BASE 600481 双良节能 门槛未过→仅观察 (amp=6.4% amt=5.3亿 lot=484元)
[14:13:00] BASE 600481 双良节能 门槛未过→仅观察 (amp=6.4% amt=5.3亿 lot=484元)
[14:14:00] BASE 600481 双良节能 门槛未过→仅观察 (amp=6.4% amt=5.3亿 lot=484元)
[14:15:00] BASE 600481 双良节能 门槛未过→仅观察 (amp=6.4% amt=5.3亿 lot=484元)
[14:16:00] BASE 600481 双良节能 门槛未过→仅观察 (amp=6.4% amt=5.3亿 lot=484元)
[14:17:00] BASE 600481 双良节能 门槛未过→仅观察 (amp=6.4% amt=5.3亿 lot=484元)
[14:18:00] BASE 600481 双良节能 门槛未过→仅观察 (amp=6.4% amt=5.3亿 lot=484元)
[14:19:00] BASE 600481 双良节能 门槛未过→仅观察 (amp=6.4% amt=5.3亿 lot=484元)
[14:20:00] BASE 600481 双良节能 门槛未过→仅观察 (amp=6.4% amt=5.3亿 lot=484元)
[14:21:00] BASE 600481 双良节能 门槛未过→仅观察 (amp=6.4% amt=5.3亿 lot=484元)
[14:22:00] BASE 600481 双良节能 门槛未过→仅观察 (amp=6.4% amt=5.3亿 lot=484元)
[14:23:00] BASE 600481 双良节能 门槛未过→仅观察 (amp=6.4% amt=5.3亿 lot=484元)
[14:24:00] BASE 600481 双良节能 门槛未过→仅观察 (amp=6.4% amt=5.3亿 lot=484元)
[14:25:00] BASE 600481 双良节能 门槛未过→仅观察 (amp=6.4% amt=5.3亿 lot=484元)
[14:26:00] BASE 600481 双良节能 门槛未过→仅观察 (amp=6.4% amt=5.3亿 lot=484元)
[14:27:00] BASE 600481 双良节能 门槛未过→仅观察 (amp=6.4% amt=5.3亿 lot=484元)
[14:28:00] BASE 600481 双良节能 门槛未过→仅观察 (amp=6.4% amt=5.3亿 lot=484元)
[14:29:00] BASE 600481 双良节能 门槛未过→仅观察 (amp=6.4% amt=5.3亿 lot=484元)
[14:30:00] BASE 600481 双良节能 门槛未过→仅观察 (amp=6.4% amt=5.3亿 lot=484元)
[14:31:00] BASE 600481 双良节能 门槛未过→仅观察 (amp=6.4% amt=5.3亿 lot=484元)
[14:32:00] BASE 600481 双良节能 门槛未过→仅观察 (amp=6.4% amt=5.3亿 lot=484元)
[14:33:00] BASE 600481 双良节能 门槛未过→仅观察 (amp=6.4% amt=5.3亿 lot=484元)
[14:34:00] BASE 600481 双良节能 门槛未过→仅观察 (amp=6.4% amt=5.3亿 lot=484元)
[14:35:00] BASE 600481 双良节能 门槛未过→仅观察 (amp=6.4% amt=5.3亿 lot=484元)
[14:36:00] BASE 600481 双良节能 门槛未过→仅观察 (amp=6.4% amt=5.3亿 lot=484元)
[14:37:00] BASE 600481 双良节能 门槛未过→仅观察 (amp=6.4% amt=5.3亿 lot=484元)
[14:38:00] BASE 600481 双良节能 门槛未过→仅观察 (amp=6.4% amt=5.3亿 lot=484元)
[14:39:00] BASE 600481 双良节能 门槛未过→仅观察 (amp=6.4% amt=5.3亿 lot=484元)
[14:40:00] BASE 600481 双良节能 门槛未过→仅观察 (amp=6.4% amt=5.3亿 lot=484元)
[14:41:00] BASE 600481 双良节能 门槛未过→仅观察 (amp=6.4% amt=5.3亿 lot=484元)
[14:42:00] BASE 600481 双良节能 门槛未过→仅观察 (amp=6.4% amt=5.3亿 lot=484元)
[14:43:00] BASE 600481 双良节能 门槛未过→仅观察 (amp=6.4% amt=5.3亿 lot=484元)
[14:44:00] BASE 600481 双良节能 门槛未过→仅观察 (amp=6.4% amt=5.3亿 lot=484元)
[14:45:00] BASE 600481 双良节能 门槛未过→仅观察 (amp=6.4% amt=5.3亿 lot=484元)
[14:46:00] BASE 600481 双良节能 门槛未过→仅观察 (amp=6.4% amt=5.3亿 lot=484元)
[14:47:00] BASE 600481 双良节能 门槛未过→仅观察 (amp=6.4% amt=5.3亿 lot=484元)
[14:48:00] BASE 600481 双良节能 门槛未过→仅观察 (amp=6.4% amt=5.3亿 lot=484元)
[14:49:00] BASE 600481 双良节能 门槛未过→仅观察 (amp=6.4% amt=5.3亿 lot=484元)
[14:50:00] BASE 600481 双良节能 门槛未过→仅观察 (amp=6.4% amt=5.3亿 lot=484元)
[14:51:00] BASE 600481 双良节能 门槛未过→仅观察 (amp=6.4% amt=5.3亿 lot=484元)
[14:52:00] BASE 600481 双良节能 门槛未过→仅观察 (amp=6.4% amt=5.3亿 lot=484元)
[14:53:00] BASE 600481 双良节能 门槛未过→仅观察 (amp=6.4% amt=5.3亿 lot=484元)
[14:54:00] BASE 600481 双良节能 门槛未过→仅观察 (amp=6.4% amt=5.3亿 lot=484元)
[14:55:00] BASE 600481 双良节能 门槛未过→仅观察 (amp=6.4% amt=5.3亿 lot=484元)
[14:56:00] BASE 600481 双良节能 门槛未过→仅观察 (amp=6.4% amt=5.3亿 lot=484元)
[14:57:00] BASE 600481 双良节能 门槛未过→仅观察 (amp=6.4% amt=5.3亿 lot=484元)
[15:00:00] BASE 600481 双良节能 门槛未过→仅观察 (amp=6.4% amt=5.3亿 lot=484元)
[ir] 2026-06-30 regime=range score=-0.9
[09:31:00] BASE 600481 双良节能 门槛未过→仅观察 (amp=6.0% amt=5.2亿 lot=488元)
[09:31:00] BASE 603667 五洲新春 TREND_BREAKDOWN→延迟建仓
[09:32:00] BASE 600481 双良节能 门槛未过→仅观察 (amp=6.0% amt=5.2亿 lot=488元)
[09:33:00] BASE 600481 双良节能 门槛未过→仅观察 (amp=6.0% amt=5.2亿 lot=488元)
[09:34:00] BASE 600481 双良节能 门槛未过→仅观察 (amp=6.0% amt=5.2亿 lot=488元)
[09:35:00] BASE 600481 双良节能 门槛未过→仅观察 (amp=6.0% amt=5.2亿 lot=488元)
[09:36:00] BASE 600481 双良节能 门槛未过→仅观察 (amp=6.0% amt=5.2亿 lot=488元)
[09:37:00] BASE 600481 双良节能 门槛未过→仅观察 (amp=6.0% amt=5.2亿 lot=488元)
[09:38:00] BASE 600481 双良节能 门槛未过→仅观察 (amp=6.0% amt=5.2亿 lot=488元)
[09:39:00] BASE 600481 双良节能 门槛未过→仅观察 (amp=6.0% amt=5.2亿 lot=488元)
[09:40:00] BASE 600481 双良节能 门槛未过→仅观察 (amp=6.0% amt=5.2亿 lot=488元)
[09:41:00] BASE 600481 双良节能 门槛未过→仅观察 (amp=6.0% amt=5.2亿 lot=488元)
[09:42:00] BASE 600481 双良节能 门槛未过→仅观察 (amp=6.0% amt=5.2亿 lot=488元)
[09:43:00] BASE 600481 双良节能 门槛未过→仅观察 (amp=6.0% amt=5.2亿 lot=488元)
[09:44:00] BASE 600481 双良节能 门槛未过→仅观察 (amp=6.0% amt=5.2亿 lot=488元)
[09:45:00] BASE 600481 双良节能 门槛未过→仅观察 (amp=6.0% amt=5.2亿 lot=488元)
[09:46:00] BASE 600481 双良节能 门槛未过→仅观察 (amp=6.0% amt=5.2亿 lot=488元)
[09:47:00] BASE 600481 双良节能 门槛未过→仅观察 (amp=6.0% amt=5.2亿 lot=488元)
[09:48:00] BASE 600481 双良节能 门槛未过→仅观察 (amp=6.0% amt=5.2亿 lot=488元)
[09:49:00] BASE 600481 双良节能 门槛未过→仅观察 (amp=6.0% amt=5.2亿 lot=488元)
[09:50:00] BASE 600481 双良节能 门槛未过→仅观察 (amp=6.0% amt=5.2亿 lot=488元)
[09:51:00] BASE 600481 双良节能 门槛未过→仅观察 (amp=6.0% amt=5.2亿 lot=488元)
[09:52:00] BASE 600481 双良节能 门槛未过→仅观察 (amp=6.0% amt=5.2亿 lot=488元)
[09:53:00] BASE 600481 双良节能 门槛未过→仅观察 (amp=6.0% amt=5.2亿 lot=488元)
[09:54:00] BASE 600481 双良节能 门槛未过→仅观察 (amp=6.0% amt=5.2亿 lot=488元)
[09:55:00] BASE 600481 双良节能 门槛未过→仅观察 (amp=6.0% amt=5.2亿 lot=488元)
[09:56:00] BASE 600481 双良节能 门槛未过→仅观察 (amp=6.0% amt=5.2亿 lot=488元)
[09:57:00] BASE 600481 双良节能 门槛未过→仅观察 (amp=6.0% amt=5.2亿 lot=488元)
[09:58:00] BASE 600481 双良节能 门槛未过→仅观察 (amp=6.0% amt=5.2亿 lot=488元)
[09:59:00] BASE 600481 双良节能 门槛未过→仅观察 (amp=6.0% amt=5.2亿 lot=488元)
[10:00:00] BASE 600481 双良节能 门槛未过→仅观察 (amp=6.0% amt=5.2亿 lot=488元)
[10:01:00] BASE 600481 双良节能 门槛未过→仅观察 (amp=6.0% amt=5.2亿 lot=488元)
[10:02:00] BASE 600481 双良节能 门槛未过→仅观察 (amp=6.0% amt=5.2亿 lot=488元)
[10:03:00] BASE 600481 双良节能 门槛未过→仅观察 (amp=6.0% amt=5.2亿 lot=488元)
[10:04:00] BASE 600481 双良节能 门槛未过→仅观察 (amp=6.0% amt=5.2亿 lot=488元)
[10:05:00] BASE 600481 双良节能 门槛未过→仅观察 (amp=6.0% amt=5.2亿 lot=488元)
[10:06:00] BASE 600481 双良节能 门槛未过→仅观察 (amp=6.0% amt=5.2亿 lot=488元)
[10:07:00] BASE 600481 双良节能 门槛未过→仅观察 (amp=6.0% amt=5.2亿 lot=488元)
[10:08:00] BASE 600481 双良节能 门槛未过→仅观察 (amp=6.0% amt=5.2亿 lot=488元)
[10:09:00] BASE 600481 双良节能 门槛未过→仅观察 (amp=6.0% amt=5.2亿 lot=488元)
[10:10:00] BASE 600481 双良节能 门槛未过→仅观察 (amp=6.0% amt=5.2亿 lot=488元)
[10:11:00] BASE 600481 双良节能 门槛未过→仅观察 (amp=6.0% amt=5.2亿 lot=488元)
[10:12:00] BASE 600481 双良节能 门槛未过→仅观察 (amp=6.0% amt=5.2亿 lot=488元)
[10:13:00] BASE 600481 双良节能 门槛未过→仅观察 (amp=6.0% amt=5.2亿 lot=488元)
[10:14:00] BASE 600481 双良节能 门槛未过→仅观察 (amp=6.0% amt=5.2亿 lot=488元)
[10:15:00] BASE 600481 双良节能 门槛未过→仅观察 (amp=6.0% amt=5.2亿 lot=488元)
[10:16:00] BASE 600481 双良节能 门槛未过→仅观察 (amp=6.0% amt=5.2亿 lot=488元)
[10:17:00] BASE 600481 双良节能 门槛未过→仅观察 (amp=6.0% amt=5.2亿 lot=488元)
[10:18:00] BASE 600481 双良节能 门槛未过→仅观察 (amp=6.0% amt=5.2亿 lot=488元)
[10:19:00] BASE 600481 双良节能 门槛未过→仅观察 (amp=6.0% amt=5.2亿 lot=488元)
[10:20:00] BASE 600481 双良节能 门槛未过→仅观察 (amp=6.0% amt=5.2亿 lot=488元)
[10:21:00] BASE 600481 双良节能 门槛未过→仅观察 (amp=6.0% amt=5.2亿 lot=488元)
[10:22:00] BASE 600481 双良节能 门槛未过→仅观察 (amp=6.0% amt=5.2亿 lot=488元)
[10:23:00] BASE 600481 双良节能 门槛未过→仅观察 (amp=6.0% amt=5.2亿 lot=488元)
[10:24:00] BASE 600481 双良节能 门槛未过→仅观察 (amp=6.0% amt=5.2亿 lot=488元)
[10:25:00] BASE 600481 双良节能 门槛未过→仅观察 (amp=6.0% amt=5.2亿 lot=488元)
[10:26:00] BASE 600481 双良节能 门槛未过→仅观察 (amp=6.0% amt=5.2亿 lot=488元)
[10:27:00] BASE 600481 双良节能 门槛未过→仅观察 (amp=6.0% amt=5.2亿 lot=488元)
[10:27:00] SELL 000988 100@184.06 score=68 regime=range
[10:28:00] BASE 600481 双良节能 门槛未过→仅观察 (amp=6.0% amt=5.2亿 lot=488元)
[10:29:00] BASE 600481 双良节能 门槛未过→仅观察 (amp=6.0% amt=5.2亿 lot=488元)
[10:30:00] BASE 600481 双良节能 门槛未过→仅观察 (amp=6.0% amt=5.2亿 lot=488元)
[10:31:00] BASE 600481 双良节能 门槛未过→仅观察 (amp=6.0% amt=5.2亿 lot=488元)
[10:32:00] BASE 600481 双良节能 门槛未过→仅观察 (amp=6.0% amt=5.2亿 lot=488元)
[10:33:00] BASE 600481 双良节能 门槛未过→仅观察 (amp=6.0% amt=5.2亿 lot=488元)
[10:34:00] BASE 600481 双良节能 门槛未过→仅观察 (amp=6.0% amt=5.2亿 lot=488元)
[10:35:00] BASE 600481 双良节能 门槛未过→仅观察 (amp=6.0% amt=5.2亿 lot=488元)
[10:36:00] BASE 600481 双良节能 门槛未过→仅观察 (amp=6.0% amt=5.2亿 lot=488元)
[10:37:00] BASE 600481 双良节能 门槛未过→仅观察 (amp=6.0% amt=5.2亿 lot=488元)
[10:38:00] BASE 600481 双良节能 门槛未过→仅观察 (amp=6.0% amt=5.2亿 lot=488元)
[10:39:00] BASE 600481 双良节能 门槛未过→仅观察 (amp=6.0% amt=5.2亿 lot=488元)
[10:40:00] BASE 600481 双良节能 门槛未过→仅观察 (amp=6.0% amt=5.2亿 lot=488元)
[10:41:00] BASE 600481 双良节能 门槛未过→仅观察 (amp=6.0% amt=5.2亿 lot=488元)
[10:42:00] BASE 600481 双良节能 门槛未过→仅观察 (amp=6.0% amt=5.2亿 lot=488元)
[10:43:00] BASE 600481 双良节能 门槛未过→仅观察 (amp=6.0% amt=5.2亿 lot=488元)
[10:44:00] BASE 600481 双良节能 门槛未过→仅观察 (amp=6.0% amt=5.2亿 lot=488元)
[10:45:00] BASE 600481 双良节能 门槛未过→仅观察 (amp=6.0% amt=5.2亿 lot=488元)
[10:46:00] BASE 600481 双良节能 门槛未过→仅观察 (amp=6.0% amt=5.2亿 lot=488元)
[10:47:00] BASE 600481 双良节能 门槛未过→仅观察 (amp=6.0% amt=5.2亿 lot=488元)
[10:48:00] BASE 600481 双良节能 门槛未过→仅观察 (amp=6.0% amt=5.2亿 lot=488元)
[10:49:00] BASE 600481 双良节能 门槛未过→仅观察 (amp=6.0% amt=5.2亿 lot=488元)
[10:50:00] BASE 600481 双良节能 门槛未过→仅观察 (amp=6.0% amt=5.2亿 lot=488元)
[10:51:00] BASE 600481 双良节能 门槛未过→仅观察 (amp=6.0% amt=5.2亿 lot=488元)
[10:52:00] BASE 600481 双良节能 门槛未过→仅观察 (amp=6.0% amt=5.2亿 lot=488元)
[10:53:00] BASE 600481 双良节能 门槛未过→仅观察 (amp=6.0% amt=5.2亿 lot=488元)
[10:54:00] BASE 600481 双良节能 门槛未过→仅观察 (amp=6.0% amt=5.2亿 lot=488元)
[10:55:00] BASE 600481 双良节能 门槛未过→仅观察 (amp=6.0% amt=5.2亿 lot=488元)
[10:56:00] BASE 600481 双良节能 门槛未过→仅观察 (amp=6.0% amt=5.2亿 lot=488元)
[10:57:00] BASE 600481 双良节能 门槛未过→仅观察 (amp=6.0% amt=5.2亿 lot=488元)
[10:58:00] BASE 600481 双良节能 门槛未过→仅观察 (amp=6.0% amt=5.2亿 lot=488元)
[10:59:00] BASE 600481 双良节能 门槛未过→仅观察 (amp=6.0% amt=5.2亿 lot=488元)
[11:00:00] BASE 600481 双良节能 门槛未过→仅观察 (amp=6.0% amt=5.2亿 lot=488元)
[11:01:00] BASE 600481 双良节能 门槛未过→仅观察 (amp=6.0% amt=5.2亿 lot=488元)
[11:02:00] BASE 600481 双良节能 门槛未过→仅观察 (amp=6.0% amt=5.2亿 lot=488元)
[11:03:00] BASE 600481 双良节能 门槛未过→仅观察 (amp=6.0% amt=5.2亿 lot=488元)
[11:04:00] BASE 600481 双良节能 门槛未过→仅观察 (amp=6.0% amt=5.2亿 lot=488元)
[11:05:00] BASE 600481 双良节能 门槛未过→仅观察 (amp=6.0% amt=5.2亿 lot=488元)
[11:06:00] BASE 600481 双良节能 门槛未过→仅观察 (amp=6.0% amt=5.2亿 lot=488元)
[11:07:00] BASE 600481 双良节能 门槛未过→仅观察 (amp=6.0% amt=5.2亿 lot=488元)
[11:08:00] BASE 600481 双良节能 门槛未过→仅观察 (amp=6.0% amt=5.2亿 lot=488元)
[11:09:00] BASE 600481 双良节能 门槛未过→仅观察 (amp=6.0% amt=5.2亿 lot=488元)
[11:10:00] BASE 600481 双良节能 门槛未过→仅观察 (amp=6.0% amt=5.2亿 lot=488元)
[11:11:00] BASE 600481 双良节能 门槛未过→仅观察 (amp=6.0% amt=5.2亿 lot=488元)
[11:12:00] BASE 600481 双良节能 门槛未过→仅观察 (amp=6.0% amt=5.2亿 lot=488元)
[11:13:00] BASE 600481 双良节能 门槛未过→仅观察 (amp=6.0% amt=5.2亿 lot=488元)
[11:14:00] BASE 600481 双良节能 门槛未过→仅观察 (amp=6.0% amt=5.2亿 lot=488元)
[11:15:00] BASE 600481 双良节能 门槛未过→仅观察 (amp=6.0% amt=5.2亿 lot=488元)
[11:16:00] BASE 600481 双良节能 门槛未过→仅观察 (amp=6.0% amt=5.2亿 lot=488元)
[11:17:00] BASE 600481 双良节能 门槛未过→仅观察 (amp=6.0% amt=5.2亿 lot=488元)
[11:18:00] BASE 600481 双良节能 门槛未过→仅观察 (amp=6.0% amt=5.2亿 lot=488元)
[11:19:00] BASE 600481 双良节能 门槛未过→仅观察 (amp=6.0% amt=5.2亿 lot=488元)
[11:20:00] BASE 600481 双良节能 门槛未过→仅观察 (amp=6.0% amt=5.2亿 lot=488元)
[11:21:00] BASE 600481 双良节能 门槛未过→仅观察 (amp=6.0% amt=5.2亿 lot=488元)
[11:22:00] BASE 600481 双良节能 门槛未过→仅观察 (amp=6.0% amt=5.2亿 lot=488元)
[11:23:00] BASE 600481 双良节能 门槛未过→仅观察 (amp=6.0% amt=5.2亿 lot=488元)
[11:24:00] BASE 600481 双良节能 门槛未过→仅观察 (amp=6.0% amt=5.2亿 lot=488元)
[11:25:00] BASE 600481 双良节能 门槛未过→仅观察 (amp=6.0% amt=5.2亿 lot=488元)
[11:26:00] BASE 600481 双良节能 门槛未过→仅观察 (amp=6.0% amt=5.2亿 lot=488元)
[11:27:00] BASE 600481 双良节能 门槛未过→仅观察 (amp=6.0% amt=5.2亿 lot=488元)
[11:28:00] BASE 600481 双良节能 门槛未过→仅观察 (amp=6.0% amt=5.2亿 lot=488元)
[11:29:00] BASE 600481 双良节能 门槛未过→仅观察 (amp=6.0% amt=5.2亿 lot=488元)
[11:30:00] BASE 600481 双良节能 门槛未过→仅观察 (amp=6.0% amt=5.2亿 lot=488元)
[13:01:00] BASE 600481 双良节能 门槛未过→仅观察 (amp=6.0% amt=5.2亿 lot=488元)
[13:02:00] BASE 600481 双良节能 门槛未过→仅观察 (amp=6.0% amt=5.2亿 lot=488元)
[13:03:00] BASE 600481 双良节能 门槛未过→仅观察 (amp=6.0% amt=5.2亿 lot=488元)
[13:04:00] BASE 600481 双良节能 门槛未过→仅观察 (amp=6.0% amt=5.2亿 lot=488元)
[13:05:00] SELL 600176 100@76.45 score=70 regime=range
[13:05:00] BASE 600481 双良节能 门槛未过→仅观察 (amp=6.0% amt=5.2亿 lot=488元)
[13:06:00] BASE 600481 双良节能 门槛未过→仅观察 (amp=6.0% amt=5.2亿 lot=488元)
[13:07:00] BASE 600481 双良节能 门槛未过→仅观察 (amp=6.0% amt=5.2亿 lot=488元)
[13:08:00] BASE 600481 双良节能 门槛未过→仅观察 (amp=6.0% amt=5.2亿 lot=488元)
[13:09:00] BASE 600481 双良节能 门槛未过→仅观察 (amp=6.0% amt=5.2亿 lot=488元)
[13:10:00] BASE 600481 双良节能 门槛未过→仅观察 (amp=6.0% amt=5.2亿 lot=488元)
[13:11:00] BASE 600481 双良节能 门槛未过→仅观察 (amp=6.0% amt=5.2亿 lot=488元)
[13:12:00] BASE 600481 双良节能 门槛未过→仅观察 (amp=6.0% amt=5.2亿 lot=488元)
[13:13:00] BASE 600481 双良节能 门槛未过→仅观察 (amp=6.0% amt=5.2亿 lot=488元)
[13:14:00] BASE 600481 双良节能 门槛未过→仅观察 (amp=6.0% amt=5.2亿 lot=488元)
[13:15:00] BASE 600481 双良节能 门槛未过→仅观察 (amp=6.0% amt=5.2亿 lot=488元)
[13:16:00] BASE 600481 双良节能 门槛未过→仅观察 (amp=6.0% amt=5.2亿 lot=488元)
[13:17:00] BASE 600481 双良节能 门槛未过→仅观察 (amp=6.0% amt=5.2亿 lot=488元)
[13:18:00] BASE 600481 双良节能 门槛未过→仅观察 (amp=6.0% amt=5.2亿 lot=488元)
[13:19:00] BASE 600481 双良节能 门槛未过→仅观察 (amp=6.0% amt=5.2亿 lot=488元)
[13:20:00] BASE 600481 双良节能 门槛未过→仅观察 (amp=6.0% amt=5.2亿 lot=488元)
[13:21:00] BASE 600481 双良节能 门槛未过→仅观察 (amp=6.0% amt=5.2亿 lot=488元)
[13:22:00] BASE 600481 双良节能 门槛未过→仅观察 (amp=6.0% amt=5.2亿 lot=488元)
[13:23:00] BASE 600481 双良节能 门槛未过→仅观察 (amp=6.0% amt=5.2亿 lot=488元)
[13:24:00] BASE 600481 双良节能 门槛未过→仅观察 (amp=6.0% amt=5.2亿 lot=488元)
[13:25:00] BASE 600481 双良节能 门槛未过→仅观察 (amp=6.0% amt=5.2亿 lot=488元)
[13:26:00] BASE 600481 双良节能 门槛未过→仅观察 (amp=6.0% amt=5.2亿 lot=488元)
[13:27:00] BASE 600481 双良节能 门槛未过→仅观察 (amp=6.0% amt=5.2亿 lot=488元)
[13:28:00] BASE 600481 双良节能 门槛未过→仅观察 (amp=6.0% amt=5.2亿 lot=488元)
[13:29:00] BASE 600481 双良节能 门槛未过→仅观察 (amp=6.0% amt=5.2亿 lot=488元)
[13:30:00] BASE 600481 双良节能 门槛未过→仅观察 (amp=6.0% amt=5.2亿 lot=488元)
[13:31:00] BASE 600481 双良节能 门槛未过→仅观察 (amp=6.0% amt=5.2亿 lot=488元)
[13:32:00] BASE 600481 双良节能 门槛未过→仅观察 (amp=6.0% amt=5.2亿 lot=488元)
[13:33:00] BASE 600481 双良节能 门槛未过→仅观察 (amp=6.0% amt=5.2亿 lot=488元)
[13:34:00] BASE 600481 双良节能 门槛未过→仅观察 (amp=6.0% amt=5.2亿 lot=488元)
[13:35:00] BASE 600481 双良节能 门槛未过→仅观察 (amp=6.0% amt=5.2亿 lot=488元)
[13:36:00] BASE 600481 双良节能 门槛未过→仅观察 (amp=6.0% amt=5.2亿 lot=488元)
[13:37:00] BASE 600481 双良节能 门槛未过→仅观察 (amp=6.0% amt=5.2亿 lot=488元)
[13:38:00] BASE 600481 双良节能 门槛未过→仅观察 (amp=6.0% amt=5.2亿 lot=488元)
[13:39:00] BASE 600481 双良节能 门槛未过→仅观察 (amp=6.0% amt=5.2亿 lot=488元)
[13:40:00] BASE 600481 双良节能 门槛未过→仅观察 (amp=6.0% amt=5.2亿 lot=488元)
[13:41:00] BASE 600481 双良节能 门槛未过→仅观察 (amp=6.0% amt=5.2亿 lot=488元)
[13:42:00] BASE 600481 双良节能 门槛未过→仅观察 (amp=6.0% amt=5.2亿 lot=488元)
[13:43:00] BASE 600481 双良节能 门槛未过→仅观察 (amp=6.0% amt=5.2亿 lot=488元)
[13:44:00] BASE 600481 双良节能 门槛未过→仅观察 (amp=6.0% amt=5.2亿 lot=488元)
[13:45:00] BASE 600481 双良节能 门槛未过→仅观察 (amp=6.0% amt=5.2亿 lot=488元)
[13:46:00] BASE 600481 双良节能 门槛未过→仅观察 (amp=6.0% amt=5.2亿 lot=488元)
[13:47:00] BASE 600481 双良节能 门槛未过→仅观察 (amp=6.0% amt=5.2亿 lot=488元)
[13:48:00] BASE 600481 双良节能 门槛未过→仅观察 (amp=6.0% amt=5.2亿 lot=488元)
[13:49:00] BASE 600481 双良节能 门槛未过→仅观察 (amp=6.0% amt=5.2亿 lot=488元)
[13:50:00] BASE 600481 双良节能 门槛未过→仅观察 (amp=6.0% amt=5.2亿 lot=488元)
[13:51:00] BASE 600481 双良节能 门槛未过→仅观察 (amp=6.0% amt=5.2亿 lot=488元)
[13:52:00] BASE 600481 双良节能 门槛未过→仅观察 (amp=6.0% amt=5.2亿 lot=488元)
[13:53:00] BASE 600481 双良节能 门槛未过→仅观察 (amp=6.0% amt=5.2亿 lot=488元)
[13:54:00] BASE 600481 双良节能 门槛未过→仅观察 (amp=6.0% amt=5.2亿 lot=488元)
[13:55:00] BASE 600481 双良节能 门槛未过→仅观察 (amp=6.0% amt=5.2亿 lot=488元)
[13:56:00] BASE 600481 双良节能 门槛未过→仅观察 (amp=6.0% amt=5.2亿 lot=488元)
[13:57:00] BASE 600481 双良节能 门槛未过→仅观察 (amp=6.0% amt=5.2亿 lot=488元)
[13:58:00] BASE 600481 双良节能 门槛未过→仅观察 (amp=6.0% amt=5.2亿 lot=488元)
[13:59:00] BASE 600481 双良节能 门槛未过→仅观察 (amp=6.0% amt=5.2亿 lot=488元)
[14:00:00] BASE 600481 双良节能 门槛未过→仅观察 (amp=6.0% amt=5.2亿 lot=488元)
[14:01:00] BASE 600481 双良节能 门槛未过→仅观察 (amp=6.0% amt=5.2亿 lot=488元)
[14:02:00] BASE 600481 双良节能 门槛未过→仅观察 (amp=6.0% amt=5.2亿 lot=488元)
[14:03:00] BASE 600481 双良节能 门槛未过→仅观察 (amp=6.0% amt=5.2亿 lot=488元)
[14:04:00] BASE 600481 双良节能 门槛未过→仅观察 (amp=6.0% amt=5.2亿 lot=488元)
[14:05:00] BASE 600481 双良节能 门槛未过→仅观察 (amp=6.0% amt=5.2亿 lot=488元)
[14:06:00] BASE 600481 双良节能 门槛未过→仅观察 (amp=6.0% amt=5.2亿 lot=488元)
[14:07:00] BASE 600481 双良节能 门槛未过→仅观察 (amp=6.0% amt=5.2亿 lot=488元)
[14:08:00] BASE 600481 双良节能 门槛未过→仅观察 (amp=6.0% amt=5.2亿 lot=488元)
[14:09:00] BASE 600481 双良节能 门槛未过→仅观察 (amp=6.0% amt=5.2亿 lot=488元)
[14:10:00] BASE 600481 双良节能 门槛未过→仅观察 (amp=6.0% amt=5.2亿 lot=488元)
[14:11:00] BASE 600481 双良节能 门槛未过→仅观察 (amp=6.0% amt=5.2亿 lot=488元)
[14:12:00] BASE 600481 双良节能 门槛未过→仅观察 (amp=6.0% amt=5.2亿 lot=488元)
[14:13:00] BASE 600481 双良节能 门槛未过→仅观察 (amp=6.0% amt=5.2亿 lot=488元)
[14:14:00] BASE 600481 双良节能 门槛未过→仅观察 (amp=6.0% amt=5.2亿 lot=488元)
[14:15:00] BASE 600481 双良节能 门槛未过→仅观察 (amp=6.0% amt=5.2亿 lot=488元)
[14:16:00] BASE 600481 双良节能 门槛未过→仅观察 (amp=6.0% amt=5.2亿 lot=488元)
[14:17:00] BASE 600481 双良节能 门槛未过→仅观察 (amp=6.0% amt=5.2亿 lot=488元)
[14:18:00] BASE 600481 双良节能 门槛未过→仅观察 (amp=6.0% amt=5.2亿 lot=488元)
[14:19:00] BASE 600481 双良节能 门槛未过→仅观察 (amp=6.0% amt=5.2亿 lot=488元)
[14:20:00] BASE 600481 双良节能 门槛未过→仅观察 (amp=6.0% amt=5.2亿 lot=488元)
[14:21:00] BASE 600481 双良节能 门槛未过→仅观察 (amp=6.0% amt=5.2亿 lot=488元)
[14:22:00] BASE 600481 双良节能 门槛未过→仅观察 (amp=6.0% amt=5.2亿 lot=488元)
[14:23:00] BASE 600481 双良节能 门槛未过→仅观察 (amp=6.0% amt=5.2亿 lot=488元)
[14:24:00] BASE 600481 双良节能 门槛未过→仅观察 (amp=6.0% amt=5.2亿 lot=488元)
[14:25:00] BASE 600481 双良节能 门槛未过→仅观察 (amp=6.0% amt=5.2亿 lot=488元)
[14:26:00] BASE 600481 双良节能 门槛未过→仅观察 (amp=6.0% amt=5.2亿 lot=488元)
[14:27:00] BASE 600481 双良节能 门槛未过→仅观察 (amp=6.0% amt=5.2亿 lot=488元)
[14:28:00] BASE 600481 双良节能 门槛未过→仅观察 (amp=6.0% amt=5.2亿 lot=488元)
[14:29:00] BASE 600481 双良节能 门槛未过→仅观察 (amp=6.0% amt=5.2亿 lot=488元)
[14:30:00] BASE 600481 双良节能 门槛未过→仅观察 (amp=6.0% amt=5.2亿 lot=488元)
[14:31:00] BASE 600481 双良节能 门槛未过→仅观察 (amp=6.0% amt=5.2亿 lot=488元)
[14:32:00] BASE 600481 双良节能 门槛未过→仅观察 (amp=6.0% amt=5.2亿 lot=488元)
[14:33:00] BASE 600481 双良节能 门槛未过→仅观察 (amp=6.0% amt=5.2亿 lot=488元)
[14:34:00] BASE 600481 双良节能 门槛未过→仅观察 (amp=6.0% amt=5.2亿 lot=488元)
[14:35:00] BASE 600481 双良节能 门槛未过→仅观察 (amp=6.0% amt=5.2亿 lot=488元)
[14:36:00] BASE 600481 双良节能 门槛未过→仅观察 (amp=6.0% amt=5.2亿 lot=488元)
[14:37:00] BASE 600481 双良节能 门槛未过→仅观察 (amp=6.0% amt=5.2亿 lot=488元)
[14:38:00] BASE 600481 双良节能 门槛未过→仅观察 (amp=6.0% amt=5.2亿 lot=488元)
[14:39:00] BASE 600481 双良节能 门槛未过→仅观察 (amp=6.0% amt=5.2亿 lot=488元)
[14:40:00] BASE 600481 双良节能 门槛未过→仅观察 (amp=6.0% amt=5.2亿 lot=488元)
[14:41:00] BASE 600481 双良节能 门槛未过→仅观察 (amp=6.0% amt=5.2亿 lot=488元)
[14:42:00] BASE 600481 双良节能 门槛未过→仅观察 (amp=6.0% amt=5.2亿 lot=488元)
[14:43:00] BASE 600481 双良节能 门槛未过→仅观察 (amp=6.0% amt=5.2亿 lot=488元)
[14:44:00] BASE 600481 双良节能 门槛未过→仅观察 (amp=6.0% amt=5.2亿 lot=488元)
[14:45:00] BASE 600481 双良节能 门槛未过→仅观察 (amp=6.0% amt=5.2亿 lot=488元)
[14:46:00] BASE 600481 双良节能 门槛未过→仅观察 (amp=6.0% amt=5.2亿 lot=488元)
[14:47:00] BASE 600481 双良节能 门槛未过→仅观察 (amp=6.0% amt=5.2亿 lot=488元)
[14:48:00] BASE 600481 双良节能 门槛未过→仅观察 (amp=6.0% amt=5.2亿 lot=488元)
[14:49:00] BASE 600481 双良节能 门槛未过→仅观察 (amp=6.0% amt=5.2亿 lot=488元)
[14:50:00] BASE 600481 双良节能 门槛未过→仅观察 (amp=6.0% amt=5.2亿 lot=488元)
[14:51:00] BASE 600481 双良节能 门槛未过→仅观察 (amp=6.0% amt=5.2亿 lot=488元)
[14:52:00] BASE 600481 双良节能 门槛未过→仅观察 (amp=6.0% amt=5.2亿 lot=488元)
[14:53:00] BASE 600481 双良节能 门槛未过→仅观察 (amp=6.0% amt=5.2亿 lot=488元)
[14:54:00] BASE 600481 双良节能 门槛未过→仅观察 (amp=6.0% amt=5.2亿 lot=488元)
[14:55:00] BASE 600481 双良节能 门槛未过→仅观察 (amp=6.0% amt=5.2亿 lot=488元)
[14:56:00] BASE 600481 双良节能 门槛未过→仅观察 (amp=6.0% amt=5.2亿 lot=488元)
[14:57:00] BASE 600481 双良节能 门槛未过→仅观察 (amp=6.0% amt=5.2亿 lot=488元)
[14:58:00] BASE 600481 双良节能 门槛未过→仅观察 (amp=6.0% amt=5.2亿 lot=488元)
[15:00:00] BASE 600481 双良节能 门槛未过→仅观察 (amp=6.0% amt=5.2亿 lot=488元)
[ir] 2026-07-01 regime=range score=-2.6
[09:31:00] BASE 600176 中国巨石 下单 100股@73.50
[BASE] 600176 底仓成交 100股@73.51
[09:31:00] BASE 600481 双良节能 门槛未过→仅观察 (amp=5.9% amt=5.2亿 lot=499元)
[09:31:00] BASE 603667 五洲新春 TREND_BREAKDOWN→延迟建仓
[09:31:00] BASE 000988 华工科技 下单 100股@184.97
[BASE] 000988 底仓成交 100股@184.99
[09:32:00] BASE 600481 双良节能 门槛未过→仅观察 (amp=5.9% amt=5.2亿 lot=499元)
[09:33:00] BASE 600481 双良节能 门槛未过→仅观察 (amp=5.9% amt=5.2亿 lot=499元)
[09:34:00] BASE 600481 双良节能 门槛未过→仅观察 (amp=5.9% amt=5.2亿 lot=499元)
[09:35:00] BASE 600481 双良节能 门槛未过→仅观察 (amp=5.9% amt=5.2亿 lot=499元)
[09:36:00] BASE 600481 双良节能 门槛未过→仅观察 (amp=5.9% amt=5.2亿 lot=499元)
[09:37:00] BASE 600481 双良节能 门槛未过→仅观察 (amp=5.9% amt=5.2亿 lot=499元)
[09:38:00] BASE 600481 双良节能 门槛未过→仅观察 (amp=5.9% amt=5.2亿 lot=499元)
[09:39:00] BASE 600481 双良节能 门槛未过→仅观察 (amp=5.9% amt=5.2亿 lot=499元)
[09:40:00] BASE 600481 双良节能 门槛未过→仅观察 (amp=5.9% amt=5.2亿 lot=499元)
[09:41:00] BASE 600481 双良节能 门槛未过→仅观察 (amp=5.9% amt=5.2亿 lot=499元)
[09:42:00] BASE 600481 双良节能 门槛未过→仅观察 (amp=5.9% amt=5.2亿 lot=499元)
[09:43:00] BASE 600481 双良节能 门槛未过→仅观察 (amp=5.9% amt=5.2亿 lot=499元)
[09:44:00] BASE 600481 双良节能 门槛未过→仅观察 (amp=5.9% amt=5.2亿 lot=499元)
[09:45:00] BASE 600481 双良节能 门槛未过→仅观察 (amp=5.9% amt=5.2亿 lot=499元)
[09:46:00] BASE 600481 双良节能 门槛未过→仅观察 (amp=5.9% amt=5.2亿 lot=499元)
[09:47:00] BASE 600481 双良节能 门槛未过→仅观察 (amp=5.9% amt=5.2亿 lot=499元)
[09:48:00] BASE 600481 双良节能 门槛未过→仅观察 (amp=5.9% amt=5.2亿 lot=499元)
[09:49:00] BASE 600481 双良节能 门槛未过→仅观察 (amp=5.9% amt=5.2亿 lot=499元)
[09:50:00] BASE 600481 双良节能 门槛未过→仅观察 (amp=5.9% amt=5.2亿 lot=499元)
[09:51:00] BASE 600481 双良节能 门槛未过→仅观察 (amp=5.9% amt=5.2亿 lot=499元)
[09:52:00] BASE 600481 双良节能 门槛未过→仅观察 (amp=5.9% amt=5.2亿 lot=499元)
[09:53:00] BASE 600481 双良节能 门槛未过→仅观察 (amp=5.9% amt=5.2亿 lot=499元)
[09:54:00] BASE 600481 双良节能 门槛未过→仅观察 (amp=5.9% amt=5.2亿 lot=499元)
[09:55:00] BASE 600481 双良节能 门槛未过→仅观察 (amp=5.9% amt=5.2亿 lot=499元)
[09:56:00] BASE 600481 双良节能 门槛未过→仅观察 (amp=5.9% amt=5.2亿 lot=499元)
[09:57:00] BASE 600481 双良节能 门槛未过→仅观察 (amp=5.9% amt=5.2亿 lot=499元)
[09:58:00] BASE 600481 双良节能 门槛未过→仅观察 (amp=5.9% amt=5.2亿 lot=499元)
[09:59:00] BASE 600481 双良节能 门槛未过→仅观察 (amp=5.9% amt=5.2亿 lot=499元)
[10:00:00] BASE 600481 双良节能 门槛未过→仅观察 (amp=5.9% amt=5.2亿 lot=499元)
[10:01:00] BASE 600481 双良节能 门槛未过→仅观察 (amp=5.9% amt=5.2亿 lot=499元)
[10:02:00] BASE 600481 双良节能 门槛未过→仅观察 (amp=5.9% amt=5.2亿 lot=499元)
[10:03:00] BASE 600481 双良节能 门槛未过→仅观察 (amp=5.9% amt=5.2亿 lot=499元)
[10:04:00] BASE 600481 双良节能 门槛未过→仅观察 (amp=5.9% amt=5.2亿 lot=499元)
[10:05:00] BASE 600481 双良节能 门槛未过→仅观察 (amp=5.9% amt=5.2亿 lot=499元)
[10:06:00] BASE 600481 双良节能 门槛未过→仅观察 (amp=5.9% amt=5.2亿 lot=499元)
[10:07:00] BASE 600481 双良节能 门槛未过→仅观察 (amp=5.9% amt=5.2亿 lot=499元)
[10:08:00] BASE 600481 双良节能 门槛未过→仅观察 (amp=5.9% amt=5.2亿 lot=499元)
[10:09:00] BASE 600481 双良节能 门槛未过→仅观察 (amp=5.9% amt=5.2亿 lot=499元)
[10:10:00] BASE 600481 双良节能 门槛未过→仅观察 (amp=5.9% amt=5.2亿 lot=499元)
[10:11:00] BASE 600481 双良节能 门槛未过→仅观察 (amp=5.9% amt=5.2亿 lot=499元)
[10:12:00] BASE 600481 双良节能 门槛未过→仅观察 (amp=5.9% amt=5.2亿 lot=499元)
[10:13:00] BASE 600481 双良节能 门槛未过→仅观察 (amp=5.9% amt=5.2亿 lot=499元)
[10:14:00] BASE 600481 双良节能 门槛未过→仅观察 (amp=5.9% amt=5.2亿 lot=499元)
[10:15:00] BASE 600481 双良节能 门槛未过→仅观察 (amp=5.9% amt=5.2亿 lot=499元)
[10:16:00] BASE 600481 双良节能 门槛未过→仅观察 (amp=5.9% amt=5.2亿 lot=499元)
[10:17:00] BASE 600481 双良节能 门槛未过→仅观察 (amp=5.9% amt=5.2亿 lot=499元)
[10:18:00] BASE 600481 双良节能 门槛未过→仅观察 (amp=5.9% amt=5.2亿 lot=499元)
[10:19:00] BASE 600481 双良节能 门槛未过→仅观察 (amp=5.9% amt=5.2亿 lot=499元)
[10:20:00] BASE 600481 双良节能 门槛未过→仅观察 (amp=5.9% amt=5.2亿 lot=499元)
[10:21:00] BASE 600481 双良节能 门槛未过→仅观察 (amp=5.9% amt=5.2亿 lot=499元)
[10:22:00] BASE 600481 双良节能 门槛未过→仅观察 (amp=5.9% amt=5.2亿 lot=499元)
[10:23:00] BASE 600481 双良节能 门槛未过→仅观察 (amp=5.9% amt=5.2亿 lot=499元)
[10:24:00] BASE 600481 双良节能 门槛未过→仅观察 (amp=5.9% amt=5.2亿 lot=499元)
[10:25:00] BASE 600481 双良节能 门槛未过→仅观察 (amp=5.9% amt=5.2亿 lot=499元)
[10:26:00] BASE 600481 双良节能 门槛未过→仅观察 (amp=5.9% amt=5.2亿 lot=499元)
[10:27:00] BASE 600481 双良节能 门槛未过→仅观察 (amp=5.9% amt=5.2亿 lot=499元)
[10:28:00] BASE 600481 双良节能 门槛未过→仅观察 (amp=5.9% amt=5.2亿 lot=499元)
[10:29:00] BASE 600481 双良节能 门槛未过→仅观察 (amp=5.9% amt=5.2亿 lot=499元)
[10:30:00] BASE 600481 双良节能 门槛未过→仅观察 (amp=5.9% amt=5.2亿 lot=499元)
[10:31:00] BASE 600481 双良节能 门槛未过→仅观察 (amp=5.9% amt=5.2亿 lot=499元)
[10:32:00] BASE 600481 双良节能 门槛未过→仅观察 (amp=5.9% amt=5.2亿 lot=499元)
[10:33:00] BASE 600481 双良节能 门槛未过→仅观察 (amp=5.9% amt=5.2亿 lot=499元)
[10:34:00] BASE 600481 双良节能 门槛未过→仅观察 (amp=5.9% amt=5.2亿 lot=499元)
[10:35:00] BASE 600481 双良节能 门槛未过→仅观察 (amp=5.9% amt=5.2亿 lot=499元)
[10:36:00] BASE 600481 双良节能 门槛未过→仅观察 (amp=5.9% amt=5.2亿 lot=499元)
[10:37:00] BASE 600481 双良节能 门槛未过→仅观察 (amp=5.9% amt=5.2亿 lot=499元)
[10:38:00] BASE 600481 双良节能 门槛未过→仅观察 (amp=5.9% amt=5.2亿 lot=499元)
[10:39:00] BASE 600481 双良节能 门槛未过→仅观察 (amp=5.9% amt=5.2亿 lot=499元)
[10:40:00] BASE 600481 双良节能 门槛未过→仅观察 (amp=5.9% amt=5.2亿 lot=499元)
[10:41:00] BASE 600481 双良节能 门槛未过→仅观察 (amp=5.9% amt=5.2亿 lot=499元)
[10:42:00] BASE 600481 双良节能 门槛未过→仅观察 (amp=5.9% amt=5.2亿 lot=499元)
[10:43:00] BASE 600481 双良节能 门槛未过→仅观察 (amp=5.9% amt=5.2亿 lot=499元)
[10:44:00] BASE 600481 双良节能 门槛未过→仅观察 (amp=5.9% amt=5.2亿 lot=499元)
[10:45:00] BASE 600481 双良节能 门槛未过→仅观察 (amp=5.9% amt=5.2亿 lot=499元)
[10:46:00] BASE 600481 双良节能 门槛未过→仅观察 (amp=5.9% amt=5.2亿 lot=499元)
[10:47:00] BASE 600481 双良节能 门槛未过→仅观察 (amp=5.9% amt=5.2亿 lot=499元)
[10:48:00] BASE 600481 双良节能 门槛未过→仅观察 (amp=5.9% amt=5.2亿 lot=499元)
[10:49:00] BASE 600481 双良节能 门槛未过→仅观察 (amp=5.9% amt=5.2亿 lot=499元)
[10:50:00] BASE 600481 双良节能 门槛未过→仅观察 (amp=5.9% amt=5.2亿 lot=499元)
[10:51:00] BASE 600481 双良节能 门槛未过→仅观察 (amp=5.9% amt=5.2亿 lot=499元)
[10:52:00] BASE 600481 双良节能 门槛未过→仅观察 (amp=5.9% amt=5.2亿 lot=499元)
[10:53:00] BASE 600481 双良节能 门槛未过→仅观察 (amp=5.9% amt=5.2亿 lot=499元)
[10:54:00] BASE 600481 双良节能 门槛未过→仅观察 (amp=5.9% amt=5.2亿 lot=499元)
[10:55:00] BASE 600481 双良节能 门槛未过→仅观察 (amp=5.9% amt=5.2亿 lot=499元)
[10:56:00] BASE 600481 双良节能 门槛未过→仅观察 (amp=5.9% amt=5.2亿 lot=499元)
[10:57:00] BASE 600481 双良节能 门槛未过→仅观察 (amp=5.9% amt=5.2亿 lot=499元)
[10:58:00] BASE 600481 双良节能 门槛未过→仅观察 (amp=5.9% amt=5.2亿 lot=499元)
[10:59:00] BASE 600481 双良节能 门槛未过→仅观察 (amp=5.9% amt=5.2亿 lot=499元)
[11:00:00] BASE 600481 双良节能 门槛未过→仅观察 (amp=5.9% amt=5.2亿 lot=499元)
[11:01:00] BASE 600481 双良节能 门槛未过→仅观察 (amp=5.9% amt=5.2亿 lot=499元)
[11:02:00] BASE 600481 双良节能 门槛未过→仅观察 (amp=5.9% amt=5.2亿 lot=499元)
[11:03:00] BASE 600481 双良节能 门槛未过→仅观察 (amp=5.9% amt=5.2亿 lot=499元)
[11:04:00] BASE 600481 双良节能 门槛未过→仅观察 (amp=5.9% amt=5.2亿 lot=499元)
[11:05:00] BASE 600481 双良节能 门槛未过→仅观察 (amp=5.9% amt=5.2亿 lot=499元)
[11:06:00] BASE 600481 双良节能 门槛未过→仅观察 (amp=5.9% amt=5.2亿 lot=499元)
[11:07:00] BASE 600481 双良节能 门槛未过→仅观察 (amp=5.9% amt=5.2亿 lot=499元)
[11:08:00] BASE 600481 双良节能 门槛未过→仅观察 (amp=5.9% amt=5.2亿 lot=499元)
[11:09:00] BASE 600481 双良节能 门槛未过→仅观察 (amp=5.9% amt=5.2亿 lot=499元)
[11:10:00] BASE 600481 双良节能 门槛未过→仅观察 (amp=5.9% amt=5.2亿 lot=499元)
[11:11:00] BASE 600481 双良节能 门槛未过→仅观察 (amp=5.9% amt=5.2亿 lot=499元)
[11:12:00] BASE 600481 双良节能 门槛未过→仅观察 (amp=5.9% amt=5.2亿 lot=499元)
[11:13:00] BASE 600481 双良节能 门槛未过→仅观察 (amp=5.9% amt=5.2亿 lot=499元)
[11:14:00] BASE 600481 双良节能 门槛未过→仅观察 (amp=5.9% amt=5.2亿 lot=499元)
[11:15:00] BASE 600481 双良节能 门槛未过→仅观察 (amp=5.9% amt=5.2亿 lot=499元)
[11:16:00] BASE 600481 双良节能 门槛未过→仅观察 (amp=5.9% amt=5.2亿 lot=499元)
[11:17:00] BASE 600481 双良节能 门槛未过→仅观察 (amp=5.9% amt=5.2亿 lot=499元)
[11:18:00] BASE 600481 双良节能 门槛未过→仅观察 (amp=5.9% amt=5.2亿 lot=499元)
[11:19:00] BASE 600481 双良节能 门槛未过→仅观察 (amp=5.9% amt=5.2亿 lot=499元)
[11:20:00] BASE 600481 双良节能 门槛未过→仅观察 (amp=5.9% amt=5.2亿 lot=499元)
[11:21:00] BASE 600481 双良节能 门槛未过→仅观察 (amp=5.9% amt=5.2亿 lot=499元)
[11:22:00] BASE 600481 双良节能 门槛未过→仅观察 (amp=5.9% amt=5.2亿 lot=499元)
[11:23:00] BASE 600481 双良节能 门槛未过→仅观察 (amp=5.9% amt=5.2亿 lot=499元)
[11:24:00] BASE 600481 双良节能 门槛未过→仅观察 (amp=5.9% amt=5.2亿 lot=499元)
[11:25:00] BASE 600481 双良节能 门槛未过→仅观察 (amp=5.9% amt=5.2亿 lot=499元)
[11:26:00] BASE 600481 双良节能 门槛未过→仅观察 (amp=5.9% amt=5.2亿 lot=499元)
[11:27:00] BASE 600481 双良节能 门槛未过→仅观察 (amp=5.9% amt=5.2亿 lot=499元)
[11:28:00] BASE 600481 双良节能 门槛未过→仅观察 (amp=5.9% amt=5.2亿 lot=499元)
[11:29:00] BASE 600481 双良节能 门槛未过→仅观察 (amp=5.9% amt=5.2亿 lot=499元)
[11:30:00] BASE 600481 双良节能 门槛未过→仅观察 (amp=5.9% amt=5.2亿 lot=499元)
[13:01:00] BASE 600481 双良节能 门槛未过→仅观察 (amp=5.9% amt=5.2亿 lot=499元)
[13:02:00] BASE 600481 双良节能 门槛未过→仅观察 (amp=5.9% amt=5.2亿 lot=499元)
[13:03:00] BASE 600481 双良节能 门槛未过→仅观察 (amp=5.9% amt=5.2亿 lot=499元)
[13:04:00] BASE 600481 双良节能 门槛未过→仅观察 (amp=5.9% amt=5.2亿 lot=499元)
[13:05:00] BASE 600481 双良节能 门槛未过→仅观察 (amp=5.9% amt=5.2亿 lot=499元)
[13:06:00] BASE 600481 双良节能 门槛未过→仅观察 (amp=5.9% amt=5.2亿 lot=499元)
[13:07:00] BASE 600481 双良节能 门槛未过→仅观察 (amp=5.9% amt=5.2亿 lot=499元)
[13:08:00] BASE 600481 双良节能 门槛未过→仅观察 (amp=5.9% amt=5.2亿 lot=499元)
[13:09:00] BASE 600481 双良节能 门槛未过→仅观察 (amp=5.9% amt=5.2亿 lot=499元)
[13:10:00] BASE 600481 双良节能 门槛未过→仅观察 (amp=5.9% amt=5.2亿 lot=499元)
[13:11:00] BASE 600481 双良节能 门槛未过→仅观察 (amp=5.9% amt=5.2亿 lot=499元)
[13:12:00] BASE 600481 双良节能 门槛未过→仅观察 (amp=5.9% amt=5.2亿 lot=499元)
[13:13:00] BASE 600481 双良节能 门槛未过→仅观察 (amp=5.9% amt=5.2亿 lot=499元)
[13:14:00] BASE 600481 双良节能 门槛未过→仅观察 (amp=5.9% amt=5.2亿 lot=499元)
[13:15:00] BASE 600481 双良节能 门槛未过→仅观察 (amp=5.9% amt=5.2亿 lot=499元)
[13:16:00] BASE 600481 双良节能 门槛未过→仅观察 (amp=5.9% amt=5.2亿 lot=499元)
[13:17:00] BASE 600481 双良节能 门槛未过→仅观察 (amp=5.9% amt=5.2亿 lot=499元)
[13:18:00] BASE 600481 双良节能 门槛未过→仅观察 (amp=5.9% amt=5.2亿 lot=499元)
[13:19:00] BASE 600481 双良节能 门槛未过→仅观察 (amp=5.9% amt=5.2亿 lot=499元)
[13:20:00] BASE 600481 双良节能 门槛未过→仅观察 (amp=5.9% amt=5.2亿 lot=499元)
[13:21:00] BASE 600481 双良节能 门槛未过→仅观察 (amp=5.9% amt=5.2亿 lot=499元)
[13:22:00] BASE 600481 双良节能 门槛未过→仅观察 (amp=5.9% amt=5.2亿 lot=499元)
[13:23:00] BASE 600481 双良节能 门槛未过→仅观察 (amp=5.9% amt=5.2亿 lot=499元)
[13:24:00] BASE 600481 双良节能 门槛未过→仅观察 (amp=5.9% amt=5.2亿 lot=499元)
[13:25:00] BASE 600481 双良节能 门槛未过→仅观察 (amp=5.9% amt=5.2亿 lot=499元)
[13:26:00] BASE 600481 双良节能 门槛未过→仅观察 (amp=5.9% amt=5.2亿 lot=499元)
[13:27:00] BASE 600481 双良节能 门槛未过→仅观察 (amp=5.9% amt=5.2亿 lot=499元)
[13:28:00] BASE 600481 双良节能 门槛未过→仅观察 (amp=5.9% amt=5.2亿 lot=499元)
[13:29:00] BASE 600481 双良节能 门槛未过→仅观察 (amp=5.9% amt=5.2亿 lot=499元)
[13:30:00] BASE 600481 双良节能 门槛未过→仅观察 (amp=5.9% amt=5.2亿 lot=499元)
[13:31:00] BASE 600481 双良节能 门槛未过→仅观察 (amp=5.9% amt=5.2亿 lot=499元)
[13:32:00] BASE 600481 双良节能 门槛未过→仅观察 (amp=5.9% amt=5.2亿 lot=499元)
[13:33:00] BASE 600481 双良节能 门槛未过→仅观察 (amp=5.9% amt=5.2亿 lot=499元)
[13:34:00] BASE 600481 双良节能 门槛未过→仅观察 (amp=5.9% amt=5.2亿 lot=499元)
[13:35:00] BASE 600481 双良节能 门槛未过→仅观察 (amp=5.9% amt=5.2亿 lot=499元)
[13:36:00] BASE 600481 双良节能 门槛未过→仅观察 (amp=5.9% amt=5.2亿 lot=499元)
[13:37:00] BASE 600481 双良节能 门槛未过→仅观察 (amp=5.9% amt=5.2亿 lot=499元)
[13:38:00] BASE 600481 双良节能 门槛未过→仅观察 (amp=5.9% amt=5.2亿 lot=499元)
[13:39:00] BASE 600481 双良节能 门槛未过→仅观察 (amp=5.9% amt=5.2亿 lot=499元)
[13:40:00] BASE 600481 双良节能 门槛未过→仅观察 (amp=5.9% amt=5.2亿 lot=499元)
[13:41:00] BASE 600481 双良节能 门槛未过→仅观察 (amp=5.9% amt=5.2亿 lot=499元)
[13:42:00] BASE 600481 双良节能 门槛未过→仅观察 (amp=5.9% amt=5.2亿 lot=499元)
[13:43:00] BASE 600481 双良节能 门槛未过→仅观察 (amp=5.9% amt=5.2亿 lot=499元)
[13:44:00] BASE 600481 双良节能 门槛未过→仅观察 (amp=5.9% amt=5.2亿 lot=499元)
[13:45:00] BASE 600481 双良节能 门槛未过→仅观察 (amp=5.9% amt=5.2亿 lot=499元)
[13:46:00] BASE 600481 双良节能 门槛未过→仅观察 (amp=5.9% amt=5.2亿 lot=499元)
[13:47:00] BASE 600481 双良节能 门槛未过→仅观察 (amp=5.9% amt=5.2亿 lot=499元)
[13:48:00] BASE 600481 双良节能 门槛未过→仅观察 (amp=5.9% amt=5.2亿 lot=499元)
[13:49:00] BASE 600481 双良节能 门槛未过→仅观察 (amp=5.9% amt=5.2亿 lot=499元)
[13:50:00] BASE 600481 双良节能 门槛未过→仅观察 (amp=5.9% amt=5.2亿 lot=499元)
[13:51:00] BASE 600481 双良节能 门槛未过→仅观察 (amp=5.9% amt=5.2亿 lot=499元)
[13:52:00] BASE 600481 双良节能 门槛未过→仅观察 (amp=5.9% amt=5.2亿 lot=499元)
[13:53:00] BASE 600481 双良节能 门槛未过→仅观察 (amp=5.9% amt=5.2亿 lot=499元)
[13:54:00] BASE 600481 双良节能 门槛未过→仅观察 (amp=5.9% amt=5.2亿 lot=499元)
[13:55:00] BASE 600481 双良节能 门槛未过→仅观察 (amp=5.9% amt=5.2亿 lot=499元)
[13:56:00] BASE 600481 双良节能 门槛未过→仅观察 (amp=5.9% amt=5.2亿 lot=499元)
[13:57:00] BASE 600481 双良节能 门槛未过→仅观察 (amp=5.9% amt=5.2亿 lot=499元)
[13:58:00] BASE 600481 双良节能 门槛未过→仅观察 (amp=5.9% amt=5.2亿 lot=499元)
[13:59:00] BASE 600481 双良节能 门槛未过→仅观察 (amp=5.9% amt=5.2亿 lot=499元)
[14:00:00] BASE 600481 双良节能 门槛未过→仅观察 (amp=5.9% amt=5.2亿 lot=499元)
[14:01:00] BASE 600481 双良节能 门槛未过→仅观察 (amp=5.9% amt=5.2亿 lot=499元)
[14:02:00] BASE 600481 双良节能 门槛未过→仅观察 (amp=5.9% amt=5.2亿 lot=499元)
[14:03:00] BASE 600481 双良节能 门槛未过→仅观察 (amp=5.9% amt=5.2亿 lot=499元)
[14:04:00] BASE 600481 双良节能 门槛未过→仅观察 (amp=5.9% amt=5.2亿 lot=499元)
[14:05:00] BASE 600481 双良节能 门槛未过→仅观察 (amp=5.9% amt=5.2亿 lot=499元)
[14:06:00] BASE 600481 双良节能 门槛未过→仅观察 (amp=5.9% amt=5.2亿 lot=499元)
[14:07:00] BASE 600481 双良节能 门槛未过→仅观察 (amp=5.9% amt=5.2亿 lot=499元)
[14:08:00] BASE 600481 双良节能 门槛未过→仅观察 (amp=5.9% amt=5.2亿 lot=499元)
[14:09:00] BASE 600481 双良节能 门槛未过→仅观察 (amp=5.9% amt=5.2亿 lot=499元)
[14:10:00] BASE 600481 双良节能 门槛未过→仅观察 (amp=5.9% amt=5.2亿 lot=499元)
[14:11:00] BASE 600481 双良节能 门槛未过→仅观察 (amp=5.9% amt=5.2亿 lot=499元)
[14:12:00] BASE 600481 双良节能 门槛未过→仅观察 (amp=5.9% amt=5.2亿 lot=499元)
[14:13:00] BASE 600481 双良节能 门槛未过→仅观察 (amp=5.9% amt=5.2亿 lot=499元)
[14:14:00] BASE 600481 双良节能 门槛未过→仅观察 (amp=5.9% amt=5.2亿 lot=499元)
[14:15:00] BASE 600481 双良节能 门槛未过→仅观察 (amp=5.9% amt=5.2亿 lot=499元)
[14:16:00] BASE 600481 双良节能 门槛未过→仅观察 (amp=5.9% amt=5.2亿 lot=499元)
[14:17:00] BASE 600481 双良节能 门槛未过→仅观察 (amp=5.9% amt=5.2亿 lot=499元)
[14:18:00] BASE 600481 双良节能 门槛未过→仅观察 (amp=5.9% amt=5.2亿 lot=499元)
[14:19:00] BASE 600481 双良节能 门槛未过→仅观察 (amp=5.9% amt=5.2亿 lot=499元)
[14:20:00] BASE 600481 双良节能 门槛未过→仅观察 (amp=5.9% amt=5.2亿 lot=499元)
[14:21:00] BASE 600481 双良节能 门槛未过→仅观察 (amp=5.9% amt=5.2亿 lot=499元)
[14:22:00] BASE 600481 双良节能 门槛未过→仅观察 (amp=5.9% amt=5.2亿 lot=499元)
[14:23:00] BASE 600481 双良节能 门槛未过→仅观察 (amp=5.9% amt=5.2亿 lot=499元)
[14:24:00] BASE 600481 双良节能 门槛未过→仅观察 (amp=5.9% amt=5.2亿 lot=499元)
[14:25:00] BASE 600481 双良节能 门槛未过→仅观察 (amp=5.9% amt=5.2亿 lot=499元)
[14:26:00] BASE 600481 双良节能 门槛未过→仅观察 (amp=5.9% amt=5.2亿 lot=499元)
[14:27:00] BASE 600481 双良节能 门槛未过→仅观察 (amp=5.9% amt=5.2亿 lot=499元)
[14:28:00] BASE 600481 双良节能 门槛未过→仅观察 (amp=5.9% amt=5.2亿 lot=499元)
[14:29:00] BASE 600481 双良节能 门槛未过→仅观察 (amp=5.9% amt=5.2亿 lot=499元)
[14:30:00] BASE 600481 双良节能 门槛未过→仅观察 (amp=5.9% amt=5.2亿 lot=499元)
[14:31:00] BASE 600481 双良节能 门槛未过→仅观察 (amp=5.9% amt=5.2亿 lot=499元)
[14:32:00] BASE 600481 双良节能 门槛未过→仅观察 (amp=5.9% amt=5.2亿 lot=499元)
[14:33:00] BASE 600481 双良节能 门槛未过→仅观察 (amp=5.9% amt=5.2亿 lot=499元)
[14:34:00] BASE 600481 双良节能 门槛未过→仅观察 (amp=5.9% amt=5.2亿 lot=499元)
[14:35:00] BASE 600481 双良节能 门槛未过→仅观察 (amp=5.9% amt=5.2亿 lot=499元)
[14:36:00] BASE 600481 双良节能 门槛未过→仅观察 (amp=5.9% amt=5.2亿 lot=499元)
[14:37:00] BASE 600481 双良节能 门槛未过→仅观察 (amp=5.9% amt=5.2亿 lot=499元)
[14:38:00] BASE 600481 双良节能 门槛未过→仅观察 (amp=5.9% amt=5.2亿 lot=499元)
[14:39:00] BASE 600481 双良节能 门槛未过→仅观察 (amp=5.9% amt=5.2亿 lot=499元)
[14:40:00] BASE 600481 双良节能 门槛未过→仅观察 (amp=5.9% amt=5.2亿 lot=499元)
[14:41:00] BASE 600481 双良节能 门槛未过→仅观察 (amp=5.9% amt=5.2亿 lot=499元)
[14:42:00] BASE 600481 双良节能 门槛未过→仅观察 (amp=5.9% amt=5.2亿 lot=499元)
[14:43:00] BASE 600481 双良节能 门槛未过→仅观察 (amp=5.9% amt=5.2亿 lot=499元)
[14:44:00] BASE 600481 双良节能 门槛未过→仅观察 (amp=5.9% amt=5.2亿 lot=499元)
[14:45:00] BASE 600481 双良节能 门槛未过→仅观察 (amp=5.9% amt=5.2亿 lot=499元)
[14:46:00] BASE 600481 双良节能 门槛未过→仅观察 (amp=5.9% amt=5.2亿 lot=499元)
[14:47:00] BASE 600481 双良节能 门槛未过→仅观察 (amp=5.9% amt=5.2亿 lot=499元)
[14:48:00] BASE 600481 双良节能 门槛未过→仅观察 (amp=5.9% amt=5.2亿 lot=499元)
[14:49:00] BASE 600481 双良节能 门槛未过→仅观察 (amp=5.9% amt=5.2亿 lot=499元)
[14:50:00] BASE 600481 双良节能 门槛未过→仅观察 (amp=5.9% amt=5.2亿 lot=499元)
[14:51:00] BASE 600481 双良节能 门槛未过→仅观察 (amp=5.9% amt=5.2亿 lot=499元)
[14:52:00] BASE 600481 双良节能 门槛未过→仅观察 (amp=5.9% amt=5.2亿 lot=499元)
[14:53:00] BASE 600481 双良节能 门槛未过→仅观察 (amp=5.9% amt=5.2亿 lot=499元)
[14:54:00] BASE 600481 双良节能 门槛未过→仅观察 (amp=5.9% amt=5.2亿 lot=499元)
[14:55:00] BASE 600481 双良节能 门槛未过→仅观察 (amp=5.9% amt=5.2亿 lot=499元)
[14:56:00] BASE 600481 双良节能 门槛未过→仅观察 (amp=5.9% amt=5.2亿 lot=499元)
[14:57:00] BASE 600481 双良节能 门槛未过→仅观察 (amp=5.9% amt=5.2亿 lot=499元)
[14:58:00] BASE 600481 双良节能 门槛未过→仅观察 (amp=5.9% amt=5.2亿 lot=499元)
[15:00:00] BASE 600481 双良节能 门槛未过→仅观察 (amp=5.9% amt=5.2亿 lot=499元)
[ir] 2026-07-02 regime=uni_down score=-4.0
[10:43:00] SELL 600176 100@70.88 score=68 regime=uni_down
[ir] 2026-07-03 regime=range score=-6.2
[09:31:00] BASE 600176 中国巨石 下单 100股@68.79
[BASE] 600176 底仓成交 100股@68.80
[09:31:00] BASE 600481 双良节能 门槛未过→仅观察 (amp=6.2% amt=5.2亿 lot=480元)
[09:31:00] BASE 603667 五洲新春 下单 800股@69.10
[BASE] 603667 底仓成交 800股@69.11
[09:32:00] BASE 600481 双良节能 门槛未过→仅观察 (amp=6.2% amt=5.2亿 lot=480元)
[09:32:00] PANIC_SELL 000988 500@152.16 profit_pct=-12.14%
[09:32:00] SELL 000988 100@152.16 score=75 regime=range
[09:33:00] BASE 600481 双良节能 门槛未过→仅观察 (amp=6.2% amt=5.2亿 lot=480元)
[09:34:00] BASE 600481 双良节能 门槛未过→仅观察 (amp=6.2% amt=5.2亿 lot=480元)
[09:35:00] BASE 600481 双良节能 门槛未过→仅观察 (amp=6.2% amt=5.2亿 lot=480元)
[09:36:00] BASE 600481 双良节能 门槛未过→仅观察 (amp=6.2% amt=5.2亿 lot=480元)
[09:37:00] BASE 600481 双良节能 门槛未过→仅观察 (amp=6.2% amt=5.2亿 lot=480元)
[09:38:00] BASE 600481 双良节能 门槛未过→仅观察 (amp=6.2% amt=5.2亿 lot=480元)
[09:39:00] BASE 600481 双良节能 门槛未过→仅观察 (amp=6.2% amt=5.2亿 lot=480元)
[09:40:00] BASE 600481 双良节能 门槛未过→仅观察 (amp=6.2% amt=5.2亿 lot=480元)
[09:41:00] BASE 600481 双良节能 门槛未过→仅观察 (amp=6.2% amt=5.2亿 lot=480元)
[09:42:00] BASE 600481 双良节能 门槛未过→仅观察 (amp=6.2% amt=5.2亿 lot=480元)
[09:43:00] BASE 600481 双良节能 门槛未过→仅观察 (amp=6.2% amt=5.2亿 lot=480元)
[09:44:00] BASE 600481 双良节能 门槛未过→仅观察 (amp=6.2% amt=5.2亿 lot=480元)
[09:45:00] BASE 600481 双良节能 门槛未过→仅观察 (amp=6.2% amt=5.2亿 lot=480元)
[09:46:00] BASE 600481 双良节能 门槛未过→仅观察 (amp=6.2% amt=5.2亿 lot=480元)
[09:47:00] BASE 600481 双良节能 门槛未过→仅观察 (amp=6.2% amt=5.2亿 lot=480元)
[09:48:00] BASE 600481 双良节能 门槛未过→仅观察 (amp=6.2% amt=5.2亿 lot=480元)
[09:49:00] BASE 600481 双良节能 门槛未过→仅观察 (amp=6.2% amt=5.2亿 lot=480元)
[09:50:00] BASE 600481 双良节能 门槛未过→仅观察 (amp=6.2% amt=5.2亿 lot=480元)
[09:51:00] BASE 600481 双良节能 门槛未过→仅观察 (amp=6.2% amt=5.2亿 lot=480元)
[09:52:00] BASE 600481 双良节能 门槛未过→仅观察 (amp=6.2% amt=5.2亿 lot=480元)
[09:53:00] BASE 600481 双良节能 门槛未过→仅观察 (amp=6.2% amt=5.2亿 lot=480元)
[09:54:00] BASE 600481 双良节能 门槛未过→仅观察 (amp=6.2% amt=5.2亿 lot=480元)
[09:55:00] BASE 600481 双良节能 门槛未过→仅观察 (amp=6.2% amt=5.2亿 lot=480元)
[09:56:00] BASE 600481 双良节能 门槛未过→仅观察 (amp=6.2% amt=5.2亿 lot=480元)
[09:57:00] BASE 600481 双良节能 门槛未过→仅观察 (amp=6.2% amt=5.2亿 lot=480元)
[09:58:00] BASE 600481 双良节能 门槛未过→仅观察 (amp=6.2% amt=5.2亿 lot=480元)
[09:58:00] PANIC_SELL 000988 400@152.18 profit_pct=-12.12%
[09:58:00] SELL 000988 100@152.18 score=75 regime=range
[09:59:00] BASE 600481 双良节能 门槛未过→仅观察 (amp=6.2% amt=5.2亿 lot=480元)
[10:00:00] BASE 600481 双良节能 门槛未过→仅观察 (amp=6.2% amt=5.2亿 lot=480元)
[10:01:00] BASE 600481 双良节能 门槛未过→仅观察 (amp=6.2% amt=5.2亿 lot=480元)
[10:02:00] BASE 600481 双良节能 门槛未过→仅观察 (amp=6.2% amt=5.2亿 lot=480元)
[10:03:00] BASE 600481 双良节能 门槛未过→仅观察 (amp=6.2% amt=5.2亿 lot=480元)
[10:04:00] BASE 600481 双良节能 门槛未过→仅观察 (amp=6.2% amt=5.2亿 lot=480元)
[10:05:00] BASE 600481 双良节能 门槛未过→仅观察 (amp=6.2% amt=5.2亿 lot=480元)
[10:06:00] BASE 600481 双良节能 门槛未过→仅观察 (amp=6.2% amt=5.2亿 lot=480元)
[10:07:00] BASE 600481 双良节能 门槛未过→仅观察 (amp=6.2% amt=5.2亿 lot=480元)
[10:08:00] BASE 600481 双良节能 门槛未过→仅观察 (amp=6.2% amt=5.2亿 lot=480元)
[10:09:00] BASE 600481 双良节能 门槛未过→仅观察 (amp=6.2% amt=5.2亿 lot=480元)
[10:10:00] BASE 600481 双良节能 门槛未过→仅观察 (amp=6.2% amt=5.2亿 lot=480元)
[10:11:00] BASE 600481 双良节能 门槛未过→仅观察 (amp=6.2% amt=5.2亿 lot=480元)
[10:12:00] BASE 600481 双良节能 门槛未过→仅观察 (amp=6.2% amt=5.2亿 lot=480元)
[10:13:00] BASE 600481 双良节能 门槛未过→仅观察 (amp=6.2% amt=5.2亿 lot=480元)
[10:14:00] BASE 600481 双良节能 门槛未过→仅观察 (amp=6.2% amt=5.2亿 lot=480元)
[10:15:00] BASE 600481 双良节能 门槛未过→仅观察 (amp=6.2% amt=5.2亿 lot=480元)
[10:16:00] BASE 600481 双良节能 门槛未过→仅观察 (amp=6.2% amt=5.2亿 lot=480元)
[10:17:00] BASE 600481 双良节能 门槛未过→仅观察 (amp=6.2% amt=5.2亿 lot=480元)
[10:18:00] BASE 600481 双良节能 门槛未过→仅观察 (amp=6.2% amt=5.2亿 lot=480元)
[10:19:00] BASE 600481 双良节能 门槛未过→仅观察 (amp=6.2% amt=5.2亿 lot=480元)
[10:20:00] BASE 600481 双良节能 门槛未过→仅观察 (amp=6.2% amt=5.2亿 lot=480元)
[10:21:00] BASE 600481 双良节能 门槛未过→仅观察 (amp=6.2% amt=5.2亿 lot=480元)
[10:22:00] BASE 600481 双良节能 门槛未过→仅观察 (amp=6.2% amt=5.2亿 lot=480元)
[10:23:00] BASE 600481 双良节能 门槛未过→仅观察 (amp=6.2% amt=5.2亿 lot=480元)
[10:24:00] BASE 600481 双良节能 门槛未过→仅观察 (amp=6.2% amt=5.2亿 lot=480元)
[10:25:00] BASE 600481 双良节能 门槛未过→仅观察 (amp=6.2% amt=5.2亿 lot=480元)
[10:26:00] BASE 600481 双良节能 门槛未过→仅观察 (amp=6.2% amt=5.2亿 lot=480元)
[10:27:00] BASE 600481 双良节能 门槛未过→仅观察 (amp=6.2% amt=5.2亿 lot=480元)
[10:28:00] BASE 600481 双良节能 门槛未过→仅观察 (amp=6.2% amt=5.2亿 lot=480元)
[10:29:00] BASE 600481 双良节能 门槛未过→仅观察 (amp=6.2% amt=5.2亿 lot=480元)
[10:30:00] BASE 600481 双良节能 门槛未过→仅观察 (amp=6.2% amt=5.2亿 lot=480元)
[10:31:00] BASE 600481 双良节能 门槛未过→仅观察 (amp=6.2% amt=5.2亿 lot=480元)
[10:32:00] BASE 600481 双良节能 门槛未过→仅观察 (amp=6.2% amt=5.2亿 lot=480元)
[10:33:00] BASE 600481 双良节能 门槛未过→仅观察 (amp=6.2% amt=5.2亿 lot=480元)
[10:34:00] BASE 600481 双良节能 门槛未过→仅观察 (amp=6.2% amt=5.2亿 lot=480元)
[10:35:00] BASE 600481 双良节能 门槛未过→仅观察 (amp=6.2% amt=5.2亿 lot=480元)
[10:36:00] BASE 600481 双良节能 门槛未过→仅观察 (amp=6.2% amt=5.2亿 lot=480元)
[10:37:00] BASE 600481 双良节能 门槛未过→仅观察 (amp=6.2% amt=5.2亿 lot=480元)
[10:38:00] BASE 600481 双良节能 门槛未过→仅观察 (amp=6.2% amt=5.2亿 lot=480元)
[10:39:00] BASE 600481 双良节能 门槛未过→仅观察 (amp=6.2% amt=5.2亿 lot=480元)
[10:40:00] BASE 600481 双良节能 门槛未过→仅观察 (amp=6.2% amt=5.2亿 lot=480元)
[10:41:00] BASE 600481 双良节能 门槛未过→仅观察 (amp=6.2% amt=5.2亿 lot=480元)
[10:42:00] BASE 600481 双良节能 门槛未过→仅观察 (amp=6.2% amt=5.2亿 lot=480元)
[10:43:00] BASE 600481 双良节能 门槛未过→仅观察 (amp=6.2% amt=5.2亿 lot=480元)
[10:44:00] BASE 600481 双良节能 门槛未过→仅观察 (amp=6.2% amt=5.2亿 lot=480元)
[10:45:00] SELL 600176 100@74.49 score=69 regime=range
[10:45:00] BASE 600481 双良节能 门槛未过→仅观察 (amp=6.2% amt=5.2亿 lot=480元)
[10:46:00] BASE 600481 双良节能 门槛未过→仅观察 (amp=6.2% amt=5.2亿 lot=480元)
[10:47:00] BASE 600481 双良节能 门槛未过→仅观察 (amp=6.2% amt=5.2亿 lot=480元)
[10:48:00] BASE 600481 双良节能 门槛未过→仅观察 (amp=6.2% amt=5.2亿 lot=480元)
[10:49:00] BASE 600481 双良节能 门槛未过→仅观察 (amp=6.2% amt=5.2亿 lot=480元)
[10:50:00] BASE 600481 双良节能 门槛未过→仅观察 (amp=6.2% amt=5.2亿 lot=480元)
[10:51:00] BASE 600481 双良节能 门槛未过→仅观察 (amp=6.2% amt=5.2亿 lot=480元)
[10:52:00] BASE 600481 双良节能 门槛未过→仅观察 (amp=6.2% amt=5.2亿 lot=480元)
[10:53:00] BASE 600481 双良节能 门槛未过→仅观察 (amp=6.2% amt=5.2亿 lot=480元)
[10:54:00] BASE 600481 双良节能 门槛未过→仅观察 (amp=6.2% amt=5.2亿 lot=480元)
[10:55:00] BASE 600481 双良节能 门槛未过→仅观察 (amp=6.2% amt=5.2亿 lot=480元)
[10:56:00] BASE 600481 双良节能 门槛未过→仅观察 (amp=6.2% amt=5.2亿 lot=480元)
[10:57:00] BASE 600481 双良节能 门槛未过→仅观察 (amp=6.2% amt=5.2亿 lot=480元)
[10:58:00] BASE 600481 双良节能 门槛未过→仅观察 (amp=6.2% amt=5.2亿 lot=480元)
[10:59:00] BASE 600481 双良节能 门槛未过→仅观察 (amp=6.2% amt=5.2亿 lot=480元)
[11:00:00] BASE 600481 双良节能 门槛未过→仅观察 (amp=6.2% amt=5.2亿 lot=480元)
[11:01:00] BASE 600481 双良节能 门槛未过→仅观察 (amp=6.2% amt=5.2亿 lot=480元)
[11:02:00] BASE 600481 双良节能 门槛未过→仅观察 (amp=6.2% amt=5.2亿 lot=480元)
[11:03:00] BASE 600481 双良节能 门槛未过→仅观察 (amp=6.2% amt=5.2亿 lot=480元)
[11:04:00] BASE 600481 双良节能 门槛未过→仅观察 (amp=6.2% amt=5.2亿 lot=480元)
[11:05:00] BASE 600481 双良节能 门槛未过→仅观察 (amp=6.2% amt=5.2亿 lot=480元)
[11:06:00] BASE 600481 双良节能 门槛未过→仅观察 (amp=6.2% amt=5.2亿 lot=480元)
[11:07:00] BASE 600481 双良节能 门槛未过→仅观察 (amp=6.2% amt=5.2亿 lot=480元)
[11:08:00] BASE 600481 双良节能 门槛未过→仅观察 (amp=6.2% amt=5.2亿 lot=480元)
[11:09:00] BASE 600481 双良节能 门槛未过→仅观察 (amp=6.2% amt=5.2亿 lot=480元)
[11:10:00] BASE 600481 双良节能 门槛未过→仅观察 (amp=6.2% amt=5.2亿 lot=480元)
[11:11:00] BASE 600481 双良节能 门槛未过→仅观察 (amp=6.2% amt=5.2亿 lot=480元)
[11:12:00] BASE 600481 双良节能 门槛未过→仅观察 (amp=6.2% amt=5.2亿 lot=480元)
[11:13:00] BASE 600481 双良节能 门槛未过→仅观察 (amp=6.2% amt=5.2亿 lot=480元)
[11:14:00] BASE 600481 双良节能 门槛未过→仅观察 (amp=6.2% amt=5.2亿 lot=480元)
[11:15:00] BASE 600481 双良节能 门槛未过→仅观察 (amp=6.2% amt=5.2亿 lot=480元)
[11:16:00] BASE 600481 双良节能 门槛未过→仅观察 (amp=6.2% amt=5.2亿 lot=480元)
[11:17:00] BASE 600481 双良节能 门槛未过→仅观察 (amp=6.2% amt=5.2亿 lot=480元)
[11:18:00] BASE 600481 双良节能 门槛未过→仅观察 (amp=6.2% amt=5.2亿 lot=480元)
[11:19:00] BASE 600481 双良节能 门槛未过→仅观察 (amp=6.2% amt=5.2亿 lot=480元)
[11:20:00] BASE 600481 双良节能 门槛未过→仅观察 (amp=6.2% amt=5.2亿 lot=480元)
[11:21:00] BASE 600481 双良节能 门槛未过→仅观察 (amp=6.2% amt=5.2亿 lot=480元)
[11:22:00] BASE 600481 双良节能 门槛未过→仅观察 (amp=6.2% amt=5.2亿 lot=480元)
[11:23:00] BASE 600481 双良节能 门槛未过→仅观察 (amp=6.2% amt=5.2亿 lot=480元)
[11:24:00] BASE 600481 双良节能 门槛未过→仅观察 (amp=6.2% amt=5.2亿 lot=480元)
[11:25:00] BASE 600481 双良节能 门槛未过→仅观察 (amp=6.2% amt=5.2亿 lot=480元)
[11:26:00] BASE 600481 双良节能 门槛未过→仅观察 (amp=6.2% amt=5.2亿 lot=480元)
[11:27:00] BASE 600481 双良节能 门槛未过→仅观察 (amp=6.2% amt=5.2亿 lot=480元)
[11:28:00] BASE 600481 双良节能 门槛未过→仅观察 (amp=6.2% amt=5.2亿 lot=480元)
[11:29:00] BASE 600481 双良节能 门槛未过→仅观察 (amp=6.2% amt=5.2亿 lot=480元)
[11:30:00] BASE 600481 双良节能 门槛未过→仅观察 (amp=6.2% amt=5.2亿 lot=480元)
[13:01:00] BASE 600481 双良节能 门槛未过→仅观察 (amp=6.2% amt=5.2亿 lot=480元)
[13:02:00] BASE 600481 双良节能 门槛未过→仅观察 (amp=6.2% amt=5.2亿 lot=480元)
[13:03:00] BASE 600481 双良节能 门槛未过→仅观察 (amp=6.2% amt=5.2亿 lot=480元)
[13:04:00] BASE 600481 双良节能 门槛未过→仅观察 (amp=6.2% amt=5.2亿 lot=480元)
[13:05:00] BASE 600481 双良节能 门槛未过→仅观察 (amp=6.2% amt=5.2亿 lot=480元)
[13:06:00] BASE 600481 双良节能 门槛未过→仅观察 (amp=6.2% amt=5.2亿 lot=480元)
[13:07:00] BASE 600481 双良节能 门槛未过→仅观察 (amp=6.2% amt=5.2亿 lot=480元)
[13:08:00] BASE 600481 双良节能 门槛未过→仅观察 (amp=6.2% amt=5.2亿 lot=480元)
[13:09:00] BASE 600481 双良节能 门槛未过→仅观察 (amp=6.2% amt=5.2亿 lot=480元)
[13:10:00] BASE 600481 双良节能 门槛未过→仅观察 (amp=6.2% amt=5.2亿 lot=480元)
[13:11:00] BASE 600481 双良节能 门槛未过→仅观察 (amp=6.2% amt=5.2亿 lot=480元)
[13:12:00] BASE 600481 双良节能 门槛未过→仅观察 (amp=6.2% amt=5.2亿 lot=480元)
[13:13:00] BASE 600481 双良节能 门槛未过→仅观察 (amp=6.2% amt=5.2亿 lot=480元)
[13:14:00] BASE 600481 双良节能 门槛未过→仅观察 (amp=6.2% amt=5.2亿 lot=480元)
[13:15:00] BASE 600481 双良节能 门槛未过→仅观察 (amp=6.2% amt=5.2亿 lot=480元)
[13:16:00] BASE 600481 双良节能 门槛未过→仅观察 (amp=6.2% amt=5.2亿 lot=480元)
[13:17:00] BASE 600481 双良节能 门槛未过→仅观察 (amp=6.2% amt=5.2亿 lot=480元)
[13:18:00] BASE 600481 双良节能 门槛未过→仅观察 (amp=6.2% amt=5.2亿 lot=480元)
[13:19:00] BASE 600481 双良节能 门槛未过→仅观察 (amp=6.2% amt=5.2亿 lot=480元)
[13:20:00] BASE 600481 双良节能 门槛未过→仅观察 (amp=6.2% amt=5.2亿 lot=480元)
[13:21:00] BASE 600481 双良节能 门槛未过→仅观察 (amp=6.2% amt=5.2亿 lot=480元)
[13:22:00] BASE 600481 双良节能 门槛未过→仅观察 (amp=6.2% amt=5.2亿 lot=480元)
[13:23:00] BASE 600481 双良节能 门槛未过→仅观察 (amp=6.2% amt=5.2亿 lot=480元)
[13:24:00] BASE 600481 双良节能 门槛未过→仅观察 (amp=6.2% amt=5.2亿 lot=480元)
[13:25:00] BASE 600481 双良节能 门槛未过→仅观察 (amp=6.2% amt=5.2亿 lot=480元)
[13:26:00] BASE 600481 双良节能 门槛未过→仅观察 (amp=6.2% amt=5.2亿 lot=480元)
[13:27:00] BASE 600481 双良节能 门槛未过→仅观察 (amp=6.2% amt=5.2亿 lot=480元)
[13:28:00] BASE 600481 双良节能 门槛未过→仅观察 (amp=6.2% amt=5.2亿 lot=480元)
[13:29:00] BASE 600481 双良节能 门槛未过→仅观察 (amp=6.2% amt=5.2亿 lot=480元)
[13:30:00] BASE 600481 双良节能 门槛未过→仅观察 (amp=6.2% amt=5.2亿 lot=480元)
[13:31:00] BASE 600481 双良节能 门槛未过→仅观察 (amp=6.2% amt=5.2亿 lot=480元)
[13:32:00] BASE 600481 双良节能 门槛未过→仅观察 (amp=6.2% amt=5.2亿 lot=480元)
[13:33:00] BASE 600481 双良节能 门槛未过→仅观察 (amp=6.2% amt=5.2亿 lot=480元)
[13:34:00] BASE 600481 双良节能 门槛未过→仅观察 (amp=6.2% amt=5.2亿 lot=480元)
[13:35:00] BASE 600481 双良节能 门槛未过→仅观察 (amp=6.2% amt=5.2亿 lot=480元)
[13:36:00] BASE 600481 双良节能 门槛未过→仅观察 (amp=6.2% amt=5.2亿 lot=480元)
[13:37:00] BASE 600481 双良节能 门槛未过→仅观察 (amp=6.2% amt=5.2亿 lot=480元)
[13:38:00] BASE 600481 双良节能 门槛未过→仅观察 (amp=6.2% amt=5.2亿 lot=480元)
[13:39:00] BASE 600481 双良节能 门槛未过→仅观察 (amp=6.2% amt=5.2亿 lot=480元)
[13:40:00] BASE 600481 双良节能 门槛未过→仅观察 (amp=6.2% amt=5.2亿 lot=480元)
[13:41:00] BASE 600481 双良节能 门槛未过→仅观察 (amp=6.2% amt=5.2亿 lot=480元)
[13:42:00] BASE 600481 双良节能 门槛未过→仅观察 (amp=6.2% amt=5.2亿 lot=480元)
[13:43:00] BASE 600481 双良节能 门槛未过→仅观察 (amp=6.2% amt=5.2亿 lot=480元)
[13:44:00] BASE 600481 双良节能 门槛未过→仅观察 (amp=6.2% amt=5.2亿 lot=480元)
[13:45:00] BASE 600481 双良节能 门槛未过→仅观察 (amp=6.2% amt=5.2亿 lot=480元)
[13:46:00] BASE 600481 双良节能 门槛未过→仅观察 (amp=6.2% amt=5.2亿 lot=480元)
[13:47:00] BASE 600481 双良节能 门槛未过→仅观察 (amp=6.2% amt=5.2亿 lot=480元)
[13:48:00] BASE 600481 双良节能 门槛未过→仅观察 (amp=6.2% amt=5.2亿 lot=480元)
[13:49:00] BASE 600481 双良节能 门槛未过→仅观察 (amp=6.2% amt=5.2亿 lot=480元)
[13:50:00] BASE 600481 双良节能 门槛未过→仅观察 (amp=6.2% amt=5.2亿 lot=480元)
[13:51:00] BASE 600481 双良节能 门槛未过→仅观察 (amp=6.2% amt=5.2亿 lot=480元)
[13:52:00] BASE 600481 双良节能 门槛未过→仅观察 (amp=6.2% amt=5.2亿 lot=480元)
[13:53:00] BASE 600481 双良节能 门槛未过→仅观察 (amp=6.2% amt=5.2亿 lot=480元)
[13:54:00] BASE 600481 双良节能 门槛未过→仅观察 (amp=6.2% amt=5.2亿 lot=480元)
[13:55:00] BASE 600481 双良节能 门槛未过→仅观察 (amp=6.2% amt=5.2亿 lot=480元)
[13:56:00] BASE 600481 双良节能 门槛未过→仅观察 (amp=6.2% amt=5.2亿 lot=480元)
[13:57:00] BASE 600481 双良节能 门槛未过→仅观察 (amp=6.2% amt=5.2亿 lot=480元)
[13:58:00] BASE 600481 双良节能 门槛未过→仅观察 (amp=6.2% amt=5.2亿 lot=480元)
[13:59:00] BASE 600481 双良节能 门槛未过→仅观察 (amp=6.2% amt=5.2亿 lot=480元)
[14:00:00] BASE 600481 双良节能 门槛未过→仅观察 (amp=6.2% amt=5.2亿 lot=480元)
[14:01:00] BASE 600481 双良节能 门槛未过→仅观察 (amp=6.2% amt=5.2亿 lot=480元)
[14:02:00] BASE 600481 双良节能 门槛未过→仅观察 (amp=6.2% amt=5.2亿 lot=480元)
[14:03:00] BASE 600481 双良节能 门槛未过→仅观察 (amp=6.2% amt=5.2亿 lot=480元)
[14:04:00] BASE 600481 双良节能 门槛未过→仅观察 (amp=6.2% amt=5.2亿 lot=480元)
[14:05:00] BASE 600481 双良节能 门槛未过→仅观察 (amp=6.2% amt=5.2亿 lot=480元)
[14:06:00] BASE 600481 双良节能 门槛未过→仅观察 (amp=6.2% amt=5.2亿 lot=480元)
[14:07:00] BASE 600481 双良节能 门槛未过→仅观察 (amp=6.2% amt=5.2亿 lot=480元)
[14:08:00] BASE 600481 双良节能 门槛未过→仅观察 (amp=6.2% amt=5.2亿 lot=480元)
[14:09:00] BASE 600481 双良节能 门槛未过→仅观察 (amp=6.2% amt=5.2亿 lot=480元)
[14:10:00] BASE 600481 双良节能 门槛未过→仅观察 (amp=6.2% amt=5.2亿 lot=480元)
[14:11:00] BASE 600481 双良节能 门槛未过→仅观察 (amp=6.2% amt=5.2亿 lot=480元)
[14:12:00] BASE 600481 双良节能 门槛未过→仅观察 (amp=6.2% amt=5.2亿 lot=480元)
[14:13:00] BASE 600481 双良节能 门槛未过→仅观察 (amp=6.2% amt=5.2亿 lot=480元)
[14:14:00] BASE 600481 双良节能 门槛未过→仅观察 (amp=6.2% amt=5.2亿 lot=480元)
[14:15:00] BASE 600481 双良节能 门槛未过→仅观察 (amp=6.2% amt=5.2亿 lot=480元)
[14:16:00] BASE 600481 双良节能 门槛未过→仅观察 (amp=6.2% amt=5.2亿 lot=480元)
[14:17:00] BASE 600481 双良节能 门槛未过→仅观察 (amp=6.2% amt=5.2亿 lot=480元)
[14:18:00] BASE 600481 双良节能 门槛未过→仅观察 (amp=6.2% amt=5.2亿 lot=480元)
[14:19:00] BASE 600481 双良节能 门槛未过→仅观察 (amp=6.2% amt=5.2亿 lot=480元)
[14:20:00] BASE 600481 双良节能 门槛未过→仅观察 (amp=6.2% amt=5.2亿 lot=480元)
[14:21:00] BASE 600481 双良节能 门槛未过→仅观察 (amp=6.2% amt=5.2亿 lot=480元)
[14:22:00] BASE 600481 双良节能 门槛未过→仅观察 (amp=6.2% amt=5.2亿 lot=480元)
[14:23:00] BASE 600481 双良节能 门槛未过→仅观察 (amp=6.2% amt=5.2亿 lot=480元)
[14:24:00] BASE 600481 双良节能 门槛未过→仅观察 (amp=6.2% amt=5.2亿 lot=480元)
[14:25:00] BASE 600481 双良节能 门槛未过→仅观察 (amp=6.2% amt=5.2亿 lot=480元)
[14:26:00] BASE 600481 双良节能 门槛未过→仅观察 (amp=6.2% amt=5.2亿 lot=480元)
[14:27:00] BASE 600481 双良节能 门槛未过→仅观察 (amp=6.2% amt=5.2亿 lot=480元)
[14:28:00] BASE 600481 双良节能 门槛未过→仅观察 (amp=6.2% amt=5.2亿 lot=480元)
[14:29:00] BASE 600481 双良节能 门槛未过→仅观察 (amp=6.2% amt=5.2亿 lot=480元)
[14:30:00] BASE 600481 双良节能 门槛未过→仅观察 (amp=6.2% amt=5.2亿 lot=480元)
[14:31:00] BASE 600481 双良节能 门槛未过→仅观察 (amp=6.2% amt=5.2亿 lot=480元)
[14:32:00] BASE 600481 双良节能 门槛未过→仅观察 (amp=6.2% amt=5.2亿 lot=480元)
[14:33:00] BASE 600481 双良节能 门槛未过→仅观察 (amp=6.2% amt=5.2亿 lot=480元)
[14:34:00] BASE 600481 双良节能 门槛未过→仅观察 (amp=6.2% amt=5.2亿 lot=480元)
[14:35:00] BASE 600481 双良节能 门槛未过→仅观察 (amp=6.2% amt=5.2亿 lot=480元)
[14:36:00] BASE 600481 双良节能 门槛未过→仅观察 (amp=6.2% amt=5.2亿 lot=480元)
[14:37:00] BASE 600481 双良节能 门槛未过→仅观察 (amp=6.2% amt=5.2亿 lot=480元)
[14:38:00] BASE 600481 双良节能 门槛未过→仅观察 (amp=6.2% amt=5.2亿 lot=480元)
[14:39:00] BASE 600481 双良节能 门槛未过→仅观察 (amp=6.2% amt=5.2亿 lot=480元)
[14:40:00] BASE 600481 双良节能 门槛未过→仅观察 (amp=6.2% amt=5.2亿 lot=480元)
[14:41:00] BASE 600481 双良节能 门槛未过→仅观察 (amp=6.2% amt=5.2亿 lot=480元)
[14:42:00] BASE 600481 双良节能 门槛未过→仅观察 (amp=6.2% amt=5.2亿 lot=480元)
[14:43:00] BASE 600481 双良节能 门槛未过→仅观察 (amp=6.2% amt=5.2亿 lot=480元)
[14:44:00] BASE 600481 双良节能 门槛未过→仅观察 (amp=6.2% amt=5.2亿 lot=480元)
[14:45:00] BASE 600481 双良节能 门槛未过→仅观察 (amp=6.2% amt=5.2亿 lot=480元)
[14:46:00] BASE 600481 双良节能 门槛未过→仅观察 (amp=6.2% amt=5.2亿 lot=480元)
[14:47:00] BASE 600481 双良节能 门槛未过→仅观察 (amp=6.2% amt=5.2亿 lot=480元)
[14:48:00] BASE 600481 双良节能 门槛未过→仅观察 (amp=6.2% amt=5.2亿 lot=480元)
[14:49:00] BASE 600481 双良节能 门槛未过→仅观察 (amp=6.2% amt=5.2亿 lot=480元)
[14:50:00] BASE 600481 双良节能 门槛未过→仅观察 (amp=6.2% amt=5.2亿 lot=480元)
[14:51:00] BASE 600481 双良节能 门槛未过→仅观察 (amp=6.2% amt=5.2亿 lot=480元)
[14:52:00] BASE 600481 双良节能 门槛未过→仅观察 (amp=6.2% amt=5.2亿 lot=480元)
[14:53:00] BASE 600481 双良节能 门槛未过→仅观察 (amp=6.2% amt=5.2亿 lot=480元)
[14:54:00] BASE 600481 双良节能 门槛未过→仅观察 (amp=6.2% amt=5.2亿 lot=480元)
[14:55:00] BASE 600481 双良节能 门槛未过→仅观察 (amp=6.2% amt=5.2亿 lot=480元)
[14:56:00] BASE 600481 双良节能 门槛未过→仅观察 (amp=6.2% amt=5.2亿 lot=480元)
[14:57:00] BASE 600481 双良节能 门槛未过→仅观察 (amp=6.2% amt=5.2亿 lot=480元)
[14:58:00] BASE 600481 双良节能 门槛未过→仅观察 (amp=6.2% amt=5.2亿 lot=480元)
[15:00:00] BASE 600481 双良节能 门槛未过→仅观察 (amp=6.2% amt=5.2亿 lot=480元)
[ir] 2026-07-06 regime=range score=-6.3
[09:31:00] BASE 600176 中国巨石 下单 100股@71.90
[BASE] 600176 底仓成交 100股@71.91
[09:31:00] BASE 600481 双良节能 TREND_BREAKDOWN→延迟建仓
[09:31:00] BASE 000988 华工科技 TREND_BREAKDOWN→延迟建仓
[09:35:00] PANIC_SELL 000988 300@151.66 profit_pct=-12.42%
[09:35:00] SELL 000988 100@151.66 score=75 regime=range
[10:01:00] PANIC_SELL 000988 200@152.22 profit_pct=-12.10%
[10:01:00] SELL 000988 100@152.22 score=75 regime=range
[10:26:00] PANIC_SELL 000988 100@148.61 profit_pct=-14.19%
[10:26:00] SELL 000988 100@148.61 score=75 regime=range
[ir] 2026-07-07 regime=uni_down score=-6.3
[ir] 2026-07-08 regime=range score=-8.2
[09:31:00] BASE 600481 双良节能 TREND_BREAKDOWN→延迟建仓
[09:31:00] BASE 000988 华工科技 TREND_BREAKDOWN→延迟建仓
[09:41:00] PANIC_SELL 603667 800@60.69 profit_pct=-12.18%
[09:41:00] SELL 603667 300@60.69 score=75 regime=range
[09:53:00] PANIC_SELL 600176 500@58.00 profit_pct=-12.22%
[09:53:00] SELL 600176 200@58.00 score=75 regime=range
[10:11:00] PANIC_SELL 603667 500@59.90 profit_pct=-13.32%
[10:11:00] SELL 603667 200@59.90 score=75 regime=range
[10:25:00] PANIC_SELL 600176 300@57.97 profit_pct=-12.26%
[10:25:00] SELL 600176 100@57.97 score=75 regime=range
[10:41:00] PANIC_SELL 603667 300@60.62 profit_pct=-12.28%
[10:41:00] SELL 603667 100@60.62 score=75 regime=range
[11:11:00] PANIC_SELL 603667 200@60.41 profit_pct=-12.58%
[11:11:00] SELL 603667 100@60.41 score=75 regime=range
[13:01:00] PANIC_SELL 603667 100@60.29 profit_pct=-12.76%
[13:01:00] SELL 603667 100@60.29 score=75 regime=range
[13:09:00] PANIC_SELL 600176 200@58.03 profit_pct=-12.17%
[13:09:00] SELL 600176 100@58.03 score=75 regime=range
[13:39:00] PANIC_SELL 600176 100@56.80 profit_pct=-14.03%
[13:39:00] SELL 600176 100@56.80 score=75 regime=range
[ir] 2026-07-09 regime=uni_up score=-7.6
[09:31:00] BASE 600176 中国巨石 TREND_BREAKDOWN→延迟建仓
[09:31:00] BASE 600481 双良节能 TREND_BREAKDOWN→延迟建仓
[09:31:00] BASE 603667 五洲新春 TREND_BREAKDOWN→延迟建仓
[09:31:00] BASE 000988 华工科技 TREND_BREAKDOWN→延迟建仓
[ir] 2026-07-10 regime=uni_down score=-9.0
[ir] 2026-07-13 regime=uni_down score=-8.9
[ir] 2026-07-14 regime=uni_up score=-8.7
[09:31:00] BASE 600176 中国巨石 TREND_BREAKDOWN→延迟建仓
[09:31:00] BASE 600481 双良节能 TREND_BREAKDOWN→延迟建仓
[09:31:00] BASE 603667 五洲新春 TREND_BREAKDOWN→延迟建仓
[09:31:00] BASE 000988 华工科技 TREND_BREAKDOWN→延迟建仓
[ir] 2026-07-15 regime=range score=-9.5
[09:31:00] BASE 600176 中国巨石 TREND_BREAKDOWN→延迟建仓
[09:31:00] BASE 600481 双良节能 TREND_BREAKDOWN→延迟建仓
[09:31:00] BASE 603667 五洲新春 TREND_BREAKDOWN→延迟建仓
[09:31:00] BASE 000988 华工科技 TREND_BREAKDOWN→延迟建仓
[ir] 2026-07-16 regime=uni_down score=-9.3
[ir] 2026-07-17 regime=uni_down score=-9.1
[ir] 2026-07-20 regime=range score=-9.0
[09:31:00] BASE 600176 中国巨石 TREND_BREAKDOWN→延迟建仓
[09:31:00] BASE 600481 双良节能 TREND_BREAKDOWN→延迟建仓
[09:31:00] BASE 603667 五洲新春 TREND_BREAKDOWN→延迟建仓
[09:31:00] BASE 000988 华工科技 TREND_BREAKDOWN→延迟建仓
[ir] 2026-07-21 regime=uni_up score=-8.3
[09:31:00] BASE 600176 中国巨石 TREND_BREAKDOWN→延迟建仓
[09:31:00] BASE 600481 双良节能 TREND_BREAKDOWN→延迟建仓
[09:31:00] BASE 603667 五洲新春 TREND_BREAKDOWN→延迟建仓
[09:31:00] BASE 000988 华工科技 TREND_BREAKDOWN→延迟建仓
[ir] 2026-07-22 regime=range score=-7.8
[09:31:00] BASE 600176 中国巨石 TREND_BREAKDOWN→延迟建仓
[09:31:00] BASE 600481 双良节能 TREND_BREAKDOWN→延迟建仓
[09:31:00] BASE 603667 五洲新春 TREND_BREAKDOWN→延迟建仓
[09:31:00] BASE 000988 华工科技 TREND_BREAKDOWN→延迟建仓
[ir] 2026-07-23 regime=range score=-7.8
[09:31:00] BASE 600176 中国巨石 TREND_BREAKDOWN→延迟建仓
[09:31:00] BASE 600481 双良节能 TREND_BREAKDOWN→延迟建仓
[09:31:00] BASE 603667 五洲新春 TREND_BREAKDOWN→延迟建仓
[09:31:00] BASE 000988 华工科技 TREND_BREAKDOWN→延迟建仓
[ir] 2026-07-24 regime=uni_down score=-8.8
**************************************************
回测已完成
  account_id: e8bb1f4d-87ce-11f1-97f7-98fa9b8df5e7
  calmar_ratio: 3.911230679504992
  close_count: 75
  created_at: 2026-08-03 16:11:16.178826+08:00
  lose_count: 21
  max_drawdown: 0.15397757565575032
  open_count: 58
  pnl_ratio: 0.14684800490298872
  pnl_ratio_annual: 0.6022418178605716
  risk_ratio: 0.0
  sharp_ratio: 1.1837537205815725
  updated_at: 2026-08-03 16:42:49.876842+08:00
  win_count: 54
  win_ratio: 0.72
  手动统计: 成交笔数=101
  拒单笔数=0
**************************************************
